:020000040800F2
:100000000000022085260008D5230008DD23000813
:10001000E5230008ED230008F52300080000000098
:10002000000000000000000000000000FD230008A8
:100030000B240008000000001924000827240008F1
:10004000D5260008D5260008D5260008D5260008A4
:10005000D5260008D52600083324000841240008CE
:10006000D5260008D5260008D5260008D526000884
:10007000D5260008D5260008D5260008D526000874
:10008000D52600085124000865240008D52600085C
:10009000D5260008D5260008D526000879240008B2
:1000A000D5260008D5260008D5260008D526000844
:1000B000D5260008D5260008D5260008D526000834
:1000C000D5260008D5260008D5260008D526000824
:1000D000D5260008D5260008D5260008D526000814
:1000E00087240008D5260008D5260008D526000854
:1000F000D5260008D5260008D5260008D5260008F4
:10010000D5260008D5260008D5260008D5260008E3
:10011000D5260008D526000899240008AD2400083B
:10012000C1240008D5260008D5260008D5260008D9
:10013000D5260008D5260008D5260008D5260008B3
:10014000D5260008D5260008D5260008D5260008A3
:10015000D5260008D5260008D5260008D526000893
:10016000D5260008D5260008D5260008D526000883
:10017000D5260008D5260008D52600080000000076
:08018000D5260008D526000871
:1001900010B5054C237833B9044B13B10448AFF3C1
:1001A00000800123237010BDE40100200000000046
:1001B0009891000808B5034B1BB103490348AFF3FE
:1001C000008008BD00000000E801002098910008B0
:1001D00001F0FF01102A2BDB10F0070F08D010F8F8
:1001E000013B013A8B422DD010F0070F42B3F6D1FC
:1001F000F0B441EA012141EA014122F007047FF015
:1002000000070023F0E80256083C85EA010586EA6B
:10021000010685FA47F5A3FA87F586FA47F6A5FAA7
:1002200087F68EB9EED1F0BC01F0FF0102F00702B3
:1002300032B110F8013B013A83EA010313B1F8D15E
:100240000020704701387047002D06BF354603383F
:10025000073815F0010F07D1013015F4807F02BF78
:10026000013015F4C03F0130F0BC0138704700BFC9
:10027000034613F8012B002AFBD1181A01387047E6
:1002800081F0004102E000BF83F0004330B54FEA47
:1002900041044FEA430594EA050F08BF90EA020FB4
:1002A0001FBF54EA000C55EA020C7FEA645C7FEA47
:1002B000655C00F0E2804FEA5454D4EB5555B8BF6A
:1002C0006D420CDD2C4480EA020281EA030382EADB
:1002D000000083EA010180EA020281EA0303362D6D
:1002E00088BF30BD11F0004F4FEA01314FF4801C40
:1002F0004CEA113102D0404261EB410113F0004F52
:100300004FEA03334CEA133302D0524263EB430308
:1003100094EA050F00F0A780A4F10104D5F1200EA6
:100320000DDB02FA0EFC22FA05F2801841F1000101
:1003300003FA0EF2801843FA05F359410EE0A5F1D5
:1003400020050EF1200E012A03FA0EFC28BF4CF006
:10035000020C43FA05F3C01851EBE37101F00045BC
:1003600007D54FF0000EDCF1000C7EEB00006EEBC9
:100370000101B1F5801F1BD3B1F5001F0CD3490853
:100380005FEA30004FEA3C0C04F101044FEA4452AA
:1003900012F5800F80F09A80BCF1004F08BF5FEA31
:1003A000500C50F1000041EB045141EA050130BD11
:1003B0005FEA4C0C404141EB0101013C28BFB1F523
:1003C000801FE9D291F0000F04BF01460020B1FA6E
:1003D00081F308BF2033A3F10B03B3F120020CDA41
:1003E0000C3208DD02F1140CC2F10C0201FA0CF01F
:1003F00021FA02F10CE002F11402D8BFC2F1200C84
:1004000001FA02F120FA0CFCDCBF41EA0C01904039
:10041000E41AA2BF01EB0451294330BD6FEA040482
:100420001F3C1CDA0C340EDC04F11404C4F120026D
:1004300020FA04F001FA02F340EA030021FA04F37F
:1004400045EA030130BDC4F10C04C4F1200220FAD6
:1004500002F001FA04F340EA0300294630BD21FA14
:1004600004F0294630BD94F0000F83F4801306BFDA
:1004700081F480110134013D4EE77FEA645C18BFCE
:100480007FEA655C29D094EA050F08BF90EA020F65
:1004900005D054EA000C04BF1946104630BD91EA5D
:1004A000030F1EBF0021002030BD5FEA545C05D160
:1004B0004000494128BF41F0004130BD14F580049F
:1004C0003CBF01F5801130BD01F0004545F0FE4113
:1004D00041F470014FF0000030BD7FEA645C1ABF48
:1004E000194610467FEA655C1CBF0B46024650EA7F
:1004F000013406BF52EA033591EA030F41F40021AB
:1005000030BD00BF90F0000F04BF0021704730B530
:100510004FF4806404F132044FF000054FF0000105
:1005200050E700BF90F0000F04BF0021704730B5C6
:100530004FF4806404F1320410F0004548BF40429B
:100540004FF000013EE700BF42004FEAE2014FEAF0
:1005500031014FEA02701FBF12F07F4393F07F4FCB
:1005600081F06051704732F07F4208BF704793F0CE
:100570007F4F04BF41F40021704730B54FF46074E1
:1005800001F0004521F000411CE700BF50EA0102E4
:1005900008BF704730B54FF000050AE050EA01028D
:1005A00008BF704730B511F0004502D5404261EBFD
:1005B00041014FF4806404F132045FEA915C3FF43E
:1005C000D8AE4FF003025FEADC0C18BF03325FEADB
:1005D000DC0C18BF033202EBDC02C2F1200300FA8C
:1005E00003FC20FA02F001FA03FE40EA0E0021FAB1
:1005F00002F11444BDE600BF70B54FF0FF0C4CF49F
:10060000E06C1CEA11541DBF1CEA135594EA0C0F50
:1006100095EA0C0F00F0DEF82C4481EA030621EA8B
:100620004C5123EA4C5350EA013518BF52EA0335C6
:1006300041F4801143F4801338D0A0FB02CE4FF078
:100640000005E1FB02E506F00042E0FB03E54FF0A8
:100650000006E1FB03569CF0000F18BF4EF0010EA0
:10066000A4F1FF04B6F5007F64F5407404D25FEA9C
:100670004E0E6D4146EB060642EAC62141EA55514F
:100680004FEAC52040EA5E504FEACE2EB4F1FD0C91
:1006900088BFBCF5E06F1ED8BEF1004F08BF5FEA0F
:1006A000500E50F1000041EB045170BD06F00046C1
:1006B00046EA010140EA020081EA0301B4EB5C046E
:1006C000C2BFD4EB0C0541EA045170BD41F4801166
:1006D0004FF0000E013C00F3AB8014F1360FDEBF8B
:1006E000002001F0004170BDC4F10004203C35DA67
:1006F0000C341BDC04F11404C4F1200500FA05F3EA
:1007000020FA04F001FA05F240EA020001F000428A
:1007100021F0004110EBD37021FA04F642EB060100
:100720005EEA430E08BF20EAD37070BDC4F10C042A
:10073000C4F1200500FA04F320FA05F001FA04F2EE
:1007400040EA020001F0004110EBD37041F10001DA
:100750005EEA430E08BF20EAD37070BDC4F12005E5
:1007600000FA05F24EEA020E20FA04F301FA05F24D
:1007700043EA020321FA04F001F0004121FA04F2F5
:1007800020EA020000EBD3705EEA430E08BF20EAC5
:10079000D37070BD94F0000F0FD101F000464000FF
:1007A00041EB010111F4801F08BF013CF7D041EA81
:1007B000060195F0000F18BF704703F00046520085
:1007C00043EB030313F4801F08BF013DF7D043EA56
:1007D0000603704794EA0C0F0CEA135518BF95EA0C
:1007E0000C0F0CD050EA410618BF52EA4306D1D193
:1007F00081EA030101F000414FF0000070BD50EAB2
:10080000410606BF1046194652EA430619D094EA3B
:100810000C0F02D150EA013613D195EA0C0F05D125
:1008200052EA03361CBF104619460AD181EA030179
:1008300001F0004141F0FE4141F470014FF0000031
:1008400070BD41F0FE4141F4780170BD70B54FF0CC
:10085000FF0C4CF4E06C1CEA11541DBF1CEA13554C
:1008600094EA0C0F95EA0C0F00F0A7F8A4EB05042E
:1008700081EA030E52EA03354FEA013100F0888025
:100880004FEA03334FF0805545EA131343EA1263EE
:100890004FEA022245EA111545EA10654FEA0026A3
:1008A0000EF000419D4208BF964244F1FD0404F55C
:1008B000407402D25B084FEA3202B61A65EB0305B8
:1008C0005B084FEA32024FF480104FF4002CB6EB75
:1008D000020E75EB030E22BFB61A754640EA0C00F5
:1008E0005B084FEA3202B6EB020E75EB030E22BF35
:1008F000B61A754640EA5C005B084FEA3202B6EB76
:10090000020E75EB030E22BFB61A754640EA9C0034
:100910005B084FEA3202B6EB020E75EB030E22BF04
:10092000B61A754640EADC0055EA060E18D04FEAC2
:10093000051545EA16754FEA06164FEAC30343EA62
:1009400052734FEAC2025FEA1C1CC0D111F4801F2F
:100950000BD141EA00014FF000004FF0004CB6E728
:1009600011F4801F04BF01430020B4F1FD0C88BFC7
:10097000BCF5E06F3FF6AFAEB5EB030C04BFB6EBD2
:10098000020C5FEA500C50F1000041EB045170BDC5
:100990000EF0004E4EEA113114EB5C04C2BFD4EBF2
:1009A0000C0541EA045170BD41F480114FF0000E76
:1009B000013C90E645EA060E8DE60CEA135594EAF2
:1009C0000C0F08BF95EA0C0F3FF43BAF94EA0C0FF5
:1009D0000AD150EA01347FF434AF95EA0C0F7FF46A
:1009E00025AF104619462CE795EA0C0F06D152EABE
:1009F00003353FF4FDAE1046194622E750EA4106A2
:100A000018BF52EA43067FF4C5AE50EA41047FF4B2
:100A10000DAF52EA43057FF4EBAE12E74FF0FF3C17
:100A200006E000BF4FF0010C02E000BF4FF0010CE8
:100A30004DF804CD4FEA410C7FEA6C5C4FEA430C61
:100A400018BF7FEA6C5C1BD001B050EA410C0CBFB0
:100A500052EA430C91EA030F02BF90EA020F002012
:100A6000704710F1000F91EA030F58BF994208BF79
:100A700090422CBFD8176FEAE37040F00100704736
:100A80004FEA410C7FEA6C5C02D150EA013C07D18D
:100A90004FEA430C7FEA6C5CD6D152EA033CD3D0D8
:100AA0005DF8040B704700BF8446104662468C46D2
:100AB0001946634600E000BF01B5FFF7B7FF002805
:100AC00048BF10F1000F01BD4DF808EDFFF7F4FF2E
:100AD0000CBF012000205DF808FB00BF4DF808EDB9
:100AE000FFF7EAFF34BF012000205DF808FB00BFDC
:100AF0004DF808EDFFF7E0FF94BF012000205DF8FE
:100B000008FB00BF4DF808EDFFF7CEFF94BF0120B2
:100B100000205DF808FB00BF4DF808EDFFF7C4FFAB
:100B200034BF012000205DF808FB00BF4FEA410CF4
:100B30007FEA6C5C02D150EA013C0AD14FEA430CD7
:100B40007FEA6C5C02D152EA033C02D14FF0000014
:100B500070474FF0010070474FEA410212F5001252
:100B600015D211D56FF47873B3EB625212D94FEAF4
:100B7000C12343F0004343EA505311F0004F23FADE
:100B800002F018BF404270474FF00000704750EA33
:100B9000013005D111F0004008BF6FF000407047F0
:100BA0004FF00000704700BF53B94AB9002908BF91
:100BB00000281CBF4FF0FF314FF0FF3000F088B924
:100BC000ADF1080C6DE904CE00F006F8DDF804E0A4
:100BD000DDE9022304B070472DE9F047089D8E46F9
:100BE00004468846002B4AD18A42174662D9B2FA97
:100BF00082F64EB1C6F1200301FA06F820FA03F39B
:100C0000B74043EA0808B4404FEA174E1FFA87FC82
:100C1000B8FBFEF1230C0EFB118843EA084301FBED
:100C20000CF29A4209D9FB1801F1FF3080F0EA80FA
:100C30009A4240F2E78002393B449A1AA3B2B2FBCF
:100C4000FEF00EFB102243EA024300FB0CFC9C4525
:100C500009D9FB1800F1FF3280F0D6809C4540F2A4
:100C6000D3803B44023840EA0140A3EB0C0300214F
:100C70001DB1F3400022C5E90032BDE8F0878B4288
:100C800005D90DB1C5E9000100210846F5E7B3FA21
:100C900083F1002946D1734502D3824200F20581D7
:100CA000841A6EEB030201209046002DE5D0C5E9C1
:100CB0000048E2E7002A00F09080B2FA82F6002EA7
:100CC00040F0A4808A1A030C4FEA174E80B2BCB2DF
:100CD0000121B2FBFEFC0EFB1C2243EA024304FB93
:100CE0000CF29A4207D9FB180CF1FF3802D29A4253
:100CF00000F2E080C4469B1AB3FBFEF20EFB1233F7
:100D000040EA034302FB04F49C4207D9FB1802F1BA
:100D1000FF3002D29C4200F2CA8002461B1B42EA0C
:100D20000C40A5E7C1F120068B4022FA06F71F43CD
:100D30000EFA01F420FA06F32EFA06FE4FEA1749DE
:100D4000234300FA01F81FFA87FCBEFBF9F01C0CE4
:100D500009FB10EE44EA0E4400FB0CFEA64502FA25
:100D600001F209D93C1900F1FF3A80F09C80A645B8
:100D700040F2998002383C44A4EB0E041FFA83FE33
:100D8000B4FBF9F309FB13444EEA044403FB0CFCE7
:100D9000A44508D93C1903F1FF3E80F08280A445A8
:100DA0007FD9023B3C4443EA0040A4EB0C04A0FB87
:100DB00002EC64457346E14662D35FD05DB1B8EBA7
:100DC000030264EB090404FA06F622FA01F31E4357
:100DD000CC40C5E9006400214FE7B1FBF2FC010CF7
:100DE00041EA0E4180B240EA01423B4638463C4669
:100DF000B846BE462026B1FBF7F1A2EB080241EA55
:100E00000C4166E7014618E710462CE7C6F12002C0
:100E10002EFA02F3B740B14020FA02F24FEA174E21
:100E20000A43B3FBFEF8BCB20EFB1833110C41EAC7
:100E3000034108FB04F9B04089454FEA104380B2F2
:100E40003ED9791808F1FF3C01D289451FD8A1EBA2
:100E50000901B1FBFEF909FB04F80EFB191192B26E
:100E600042EA0142424529D2BA1809F1FF31C4D2FF
:100E70004245C2D2A9F102013A44BEE7F0459DD2F3
:100E8000BEEB02036CEB070C0138E14696E7A7EBDB
:100E900009094944A8F1020CB1FBFEF909FB04F869
:100EA000DBE773467FE7504666E70846FDE63B44CE
:100EB000023A33E7ACF1020C3B441CE749469CE79D
:100EC000A1EB0901C446B1FBFEF909FB04F8C4E734
:100ED000704700BF80B582B000AF0346FB71384A4F
:100EE000FB791370374B08221A70374B00221A70A7
:100EF000334B1B78012B07D9334B1B7843F0080386
:100F0000DAB2314B1A7006E02F4B1B7843F0040322
:100F1000DAB22D4B1A7000F087F9322001F04EFC46
:100F2000284B1B78184600F045F94FF47A7001F011
:100F300045FC302000F02CF941F2941000F09EF9AD
:100F4000302000F025F941F2941000F097F930209C
:100F500000F01EF941F2941000F090F9202000F00A
:100F600017F9642000F08AF9174B1B7843F020032F
:100F7000DBB2184600F0CFF8144B04221A7000F0D0
:100F800075F800F02BF8124B02221A70104B1B78E8
:100F900043F00403DBB2184600F0BDF841F29410B0
:100FA00000F06CF90B49002000F076F80A490120A6
:100FB00000F072F800F01DF800BF0837BD4680BD94
:100FC0000302002004020020000200200102002091
:100FD00002020020000000200800002080B500AFC1
:100FE000012000F098F84FF4FA6000F047F900BFD4
:100FF00080BD80B500AF022000F08DF84FF4FA609C
:1010000000F03CF900BF80BD90B587B000AF03464B
:101010000A46FB711346BB71124B07F108040FCB54
:1010200084E80F00104B1B78BA799A4203D30E4B19
:101030001B78013BBB71BB799B0018333B4453F8D1
:10104000103CDAB2FB791344DBB25BB263F07F038E
:101050005BB2DBB2184600F05EF800BF1C37BD463D
:1010600090BD00BFB09100080302002080B500AF22
:10107000084B1B7843F00403DAB2064B1A70054B99
:101080001B7843F00803DBB2184600F044F800BFB9
:1010900080BD00BF0102002080B584B000AF0346D0
:1010A0003960FB71FB7903F00703FB7197F9073097
:1010B000DB005BB243F040035BB2DBB2184600F0EA
:1010C0002AF80023FB6009E0FB683A6813441B78A8
:1010D000184600F02EF8FB680133FB60FB68072B15
:1010E000F2DD00BF00BF1037BD4680BD80B582B0C5
:1010F00000AF786006E07B685A1C7A601B7818465F
:1011000000F017F87B681B78002BF4D100BF00BFFC
:101110000837BD4680BD80B582B000AF0346FB7185
:10112000FB790021184600F012F800BF0837BD46D1
:1011300080BD80B582B000AF0346FB71FB79012111
:10114000184600F004F800BF0837BD4680BD80B5E2
:1011500084B000AF03460A46FB711346BB71FB79AE
:1011600023F00F03FB73FB791B01BB73FA7BBB7985
:101170001343DBB2184600F00BF8BA7BBB7913437C
:10118000DBB2184600F004F800BF1037BD4680BD42
:1011900080B582B000AF0346FB71FB79184600F0C2
:1011A00009F8FB79184600F021F800BF0837BD4662
:1011B00080BD000080B586B002AF0346FB71094BCD
:1011C0001A78FB791343DBB2FB7307F10F020A2392
:1011D000009301234E21044803F088F800BF103724
:1011E000BD4680BD04020020B002002080B582B060
:1011F00000AF0346FB71FB7943F00403DBB21846F2
:10120000FFF7D8FF142000F039F8FB7923F004032E
:10121000DBB21846FFF7CEFF142000F02FF800BF16
:101220000837BD4680BD000080B400AF114BDB68BD
:10123000104A23F08073D3600E4BDB680D4A43F0F5
:101240008073D3600C4B1B680B4A23F001031360BF
:10125000094B1B68084A43F001031360064B002248
:101260005A6000BF00BF00BF00BFBD465DF8047BF1
:10127000704700BFF0ED00E0001000E080B487B0E0
:1012800000AF78600E4B1B680E4AA2FB03239A0C3A
:101290007B6802FB03F37B610B4B5B683B610A4B92
:1012A0005A683B69D31AFB60FB687A699A42F6D8A0
:1012B00000BF00BF1C37BD465DF8047B704700BF10
:1012C0001000002083DE1B43001000E080B584B0D6
:1012D00000AF0346FB80FB88402B58D17F4B1B6837
:1012E000002B0CBF01230023DBB21A467B4B1A6094
:1012F0007A4B1B68002B28D001224FF4805178488C
:1013000002F07EFE00224FF40041754802F078FEA4
:1013100000224FF40051724802F072FE00224FF496
:1013200080416F4802F06CFEFFF758FE002100205C
:10133000FFF76AFE6B48FFF7D9FE01210020FFF797
:1013400063FE6948FFF7D2FE21E000224FF480518E
:10135000634802F055FE00224FF40041604802F05D
:101360004FFE00224FF400515D4802F049FEFFF7A6
:1013700035FE00210020FFF747FE5A48FFF7B6FE72
:1013800001210020FFF740FE5848FFF7AFFEFB8821
:10139000012B3FD1514B1B68002B3BD001215448FE
:1013A00002F016FE0346FB73FB7B012B19D0514B59
:1013B00000221A7000224FF40041494802F020FE3A
:1013C000FFF70CFE00210020FFF71EFE4A48FFF742
:1013D0008DFE01210020FFF717FE4848FFF786FE2B
:1013E00018E0444B01221A7001224FF400413C489E
:1013F00002F006FEFFF7F2FD00210020FFF704FED9
:101400003F48FFF773FE01210020FFF7FDFD3D4837
:10141000FFF76CFEFB88022B51D1304B1B68002B71
:101420004DD00221324802F0D3FD0346BB73BB7B93
:10143000012B25D101224FF40051294802F0E0FD93
:101440000021314804F078F8304B01221A60FFF790
:10145000C5FD00210020FFF7D7FD2D48FFF746FE10
:1014600001210020FFF7D0FD2A48FFF73FFE0122AF
:101470000421294802F0C4FD032000F045FD1EE0D0
:101480000021214804F020F900224FF400511448B3
:1014900002F0B6FDFFF7A2FD00210020FFF7B4FD2A
:1014A0001E48FFF723FE01210020FFF7ADFD1C4879
:1014B000FFF71CFE00220421174802F0A1FDFB8863
:1014C000B3F5804F06D1054B1B68002B02D0154B9E
:1014D00001221A7000BF1037BD4680BD3C040020B9
:1014E000000C0240C0910008C8910008CC9100088F
:1014F0000000024048040020D0910008E491000858
:10150000F4910008089200086403002040040020C1
:10151000189200082492000800100240349200083B
:10152000409200085004002080B582B000AF78607F
:101530007B681B681A4A934205D1012219491A484F
:1015400001F03EFB27E07B681B68184A934222D1DA
:1015500000224FF40041164802F052FD00224FF4E1
:101560000051134802F04CFD00224FF48041104816
:1015700002F046FD002204210E4802F041FD002247
:1015800008210C4802F03CFD00210B4804F09CF8B7
:101590000A4803F049FF00BF0837BD4680BD00BFC1
:1015A000001000404C0400200802002000140040FD
:1015B000000C02400010024064030020F4030020ED
:1015C00080B592B002AF78607B681B68634A934233
:1015D00040F0BF80624B1B68002B00F0BA80786837
:1015E00001F002FC0346FB63FB6B07EE903AF8EE5A
:1015F000E77A9FED5C7A27EE877ADFED5B6AC7EECC
:10160000267AC7ED0E7AD7ED0E7AB6EE087A77EE27
:10161000C77A9FED567A67EE877AC7ED0D7A0A2171
:10162000534801F032F94FF48061524802F0D0FC87
:10163000034687F8333097F83330002B24D14E4BD4
:1016400001221A6007F120034C4A1121184605F0C7
:101650005DFC07F10C034A4A1121184605F056FCBF
:1016600001224FF48041474802F0CAFC002146485D
:1016700003F062FF454B01221A60012000F044FC98
:10168000434803F061FE4DE0D7ED0D7A9FED417ABE
:10169000F4EEC77AF1EE10FA25DD786BFEF754FF11
:1016A00002460B4607F12000CDE900233A4A1121FA
:1016B00005F02CFC07F10C03384A1121184605F0FF
:1016C00025FC01224FF400412E4802F099FC012232
:1016D0000821334802F094FC2C4B01221A600220AE
:1016E00000F012FC1EE0786BFEF72EFF02460B4660
:1016F00007F12000CDE900232A4A112105F006FC5C
:1017000007F10C03284A1121184605F0FFFB0022BF
:101710004FF400411B4802F073FC002208212048CE
:1017200002F06EFCFFF75AFC00210020FFF76CFC72
:1017300007F120031846FFF7D9FC01210020FFF72D
:1017400063FC07F10C031846FFF7D0FC104803F0C8
:10175000FBFD00BF4037BD4680BD00BF00200140FB
:101760003C0400203333534000F07F450000C84262
:1017700008020020000002404404002050920008AB
:1017800060920008000C0240640300204004002026
:10179000F403002000000C42709200087C920008C4
:1017A000001002408C9200089892000880B500AFAB
:1017B00000F092FF00F084F800F0AEFA00F076FA44
:1017C00000F038F900F064F900F004FA00F0E0F8F5
:1017D00000F036FA314803F0B7FD0220FFF77AFB3C
:1017E000FFF7FCFB00210020FFF70EFC2C48FFF761
:1017F0007DFC01210020FFF707FC2A48FFF776FC5B
:10180000294B1B78012B04D1274B00221A7000F0C2
:10181000AFFB4FF48041254802F0DAFB0346002B72
:1018200006D101224FF40041214802F0E9FB05E016
:1018300000224FF400411E4802F0E2FB1D4B1B68E2
:10184000012B0AD14FF4FA7000F0B8FF00211A48BA
:1018500003F03AFF174B00221A60184B1B68012B4C
:10186000CED14FF47A7000F0A9FF0021124803F0A6
:101870002BFF124B00221A60FFF7B0FB0021002063
:10188000FFF7C2FB0648FFF731FC01210020FFF7FC
:10189000BBFB0448FFF72AFCB2E700BFAC03002003
:1018A000A4920008B09200085004002000080240F2
:1018B000000C024040040020640300204404002087
:1018C00080B594B000AF07F1200330220021184604
:1018D00005F095FB07F10C0300221A605A609A602C
:1018E000DA601A610023BB60274B1B6C264A43F069
:1018F00080531364244B1B6C03F08053BB60BB68A4
:1019000000237B60214B1B68204A43F48043136013
:101910001E4B1B6803F480437B607B6801233B62A2
:101920004FF480337B620223BB634FF48003FB637D
:1019300004233B6432237B640223BB640423FB64E3
:1019400007F12003184603F02BF80346002B01D0C3
:1019500000F082FB0F23FB6002233B6100237B61CD
:101960004FF48053BB610023FB6107F10C0301219D
:10197000184603F08DFA0346002B01D000F06CFBF3
:1019800000BF5037BD4680BD0038024000700040A7
:1019900080B584B000AF3B4600221A605A609A605E
:1019A000DA60214B214A1A601F4B00225A601E4BFD
:1019B00000229A601C4B00221A611B4B04221A76EB
:1019C000194B002283F82020174B0022DA62164BB5
:1019D000174A9A62144B0022DA60134B0122DA6133
:1019E000114B002283F830200F4B01225A610E4820
:1019F00000F008FF0346002B01D000F02DFB06236A
:101A00003B6001237B600723BB603B4619460648C9
:101A100001F016FA0346002B01D000F01DFB00BFB9
:101A20001037BD4680BD00BF0802002000200140E5
:101A30000100000F80B500AF124B134A1A60114B22
:101A4000124A5A600F4B00229A600E4B0022DA6055
:101A50000C4B4FF480421A610A4B00225A61094B29
:101A600000229A61074B0022DA61064B00221A62BB
:101A7000044802F0F7FA0346002B01D000F0ECFA1C
:101A800000BF80BDB002002000540040A0860100CD
:101A900080B596B000AF07F1480300221A605A6083
:101AA0009A60DA6007F1400300221A605A6007F179
:101AB000240300221A605A609A60DA601A615A613F
:101AC0009A613B1D20220021184605F098FA3F4BF1
:101AD0003F4A1A603D4B00225A603C4B00229A60FC
:101AE0003A4B4FF47A72DA60384B00221A61374B66
:101AF00000225A61354B00229A61344803F0D4FB2E
:101B00000346002B01D000F0A7FA4FF48053BB64CA
:101B100007F1480319462D4803F0F8FF0346002B50
:101B200001D000F099FA294803F0ADFC0346002BE0
:101B300001D000F091FA00233B6400237B6407F19D
:101B400040031946214804F0E7FB0346002B01D06F
:101B500000F082FA60237B624FF4FA73BB620023C9
:101B6000FB6200233B6300237B630023BB630023F2
:101B7000FB6307F1240300221946144803F004FF15
:101B80000346002B01D000F067FA00237B6000239E
:101B9000BB600023FB6000233B6100237B614FF4AB
:101BA0000053BB6100233B623B1D1946074804F00C
:101BB0002FFC0346002B01D000F04EFA034800F042
:101BC000CFFB00BF5837BD4680BD00BF6403002077
:101BD0000000014080B582B000AF3B4600221A6091
:101BE0005A60154B154A1A60134B41F287325A60FE
:101BF000114B00229A60104B44F61F62DA600E4BC4
:101C000000229A610C4803F04FFB0346002B01D0E1
:101C100000F022FA20233B6000237B603B461946FC
:101C2000054804F079FB0346002B01D000F014FABC
:101C300000BF0837BD4680BDAC0300200010004047
:101C400080B582B000AF3B4600221A605A60154B47
:101C5000154A1A60134B41F287325A60114B002229
:101C60009A60104B47F22F52DA600E4B00229A61B5
:101C70000C4803F019FB0346002B01D000F0ECF9EF
:101C800000233B6000237B603B461946054804F077
:101C900043FB0346002B01D000F0DEF900BF0837FC
:101CA000BD4680BDF40300200014004080B582B022
:101CB00000AF00237B60174B1B6B164A43F40013E5
:101CC0001363144B1B6B03F400137B607B680023CE
:101CD0003B60104B1B6B0F4A43F4800313630D4BA7
:101CE0001B6B03F480033B603B6800220021112042
:101CF00001F02BFC112001F044FC002200213820CF
:101D000001F023FC382001F03CFC00BF0837BD4641
:101D100080BD00BF0038024080B58CB000AF07F135
:101D20001C0300221A605A609A60DA601A6100236C
:101D3000BB61704B1B6B6F4A43F0100313636D4B19
:101D40001B6B03F01003BB61BB6900237B61694B14
:101D50001B6B684A43F080031363664B1B6B03F0F5
:101D600080037B617B6900233B61624B1B6B614A93
:101D700043F0010313635F4B1B6B03F001033B61F3
:101D80003B690023FB605B4B1B6B5A4A43F0080323
:101D90001363584B1B6B03F00803FB60FB680023C5
:101DA000BB60544B1B6B534A43F004031363514B0A
:101DB0001B6B03F00403BB60BB6800237B604D4BCF
:101DC0001B6B4C4A43F0020313634A4B1B6B03F03B
:101DD00002037B607B6800220C21474802F010F967
:101DE00000224FF47041454802F00AF90C23FB61D0
:101DF00001233B6200237B620023BB6207F11C03CB
:101E000019463D4801F048FF0123FB614FF444139C
:101E10003B6200237B6207F11C031946384801F03E
:101E20003BFF0223FB614FF444133B6201237B62BF
:101E300007F11C031946324801F02EFF4FF480438E
:101E4000FB614FF488133B6202237B6207F11C03A2
:101E50001946294801F020FF4FF47043FB6101232C
:101E60003B6200237B620023BB6207F11C0319461F
:101E7000224801F011FF4023FB614FF488133B62BD
:101E800002237B6207F11C0319461E4801F004FF80
:101E90004FF48063FB6100233B6200237B6207F108
:101EA0001C031946164801F0F7FE00220021062007
:101EB00001F04BFB062001F064FB0022002107200B
:101EC00001F043FB072001F05CFB002200211720FA
:101ED00001F03BFB172001F054FB002200212820D9
:101EE00001F033FB282001F04CFB00BF3037BD462A
:101EF00080BD00BF0038024000100240000C0240CC
:101F0000000002400008024080B483B000AF0346E6
:101F1000FB71134B1B781946124AFB795354104B33
:101F20001B785A1C104B83FB02135910D317C91A84
:101F30000B469B000B44D11ACAB2094B1A700B4BCB
:101F40001B78042B05D8094B1B780133DAB2074BF9
:101F50001A7000BF0C37BD465DF8047B704700BFA8
:101F600051040020000000106766666652040020DD
:101F700080B584B000AFFFF731F82F4B1B78002BF2
:101F800007D100210020FFF73FF82C48FFF7AEF8FB
:101F90004FE02B4B1B78002B04D0294B1B78013BC7
:101FA000DBB200E00423FB71FB79002B03D0FB794B
:101FB000013BDBB200E00423BB71224BFB60214BF1
:101FC000BB60FB79204AD35C032B0CD0032B0DDCC8
:101FD000012B02D0022B03D008E01C4BFB6005E074
:101FE0001B4BFB6002E01B4BFB6000BFBB79164A3A
:101FF000D35C032B0CD0032B0DDC012B02D0022B66
:1020000003D008E0114BBB6005E0114BBB6002E060
:10201000104BBB6000BF00210020FEF7F5FFF86801
:10202000FFF764F801210020FEF7EEFFB868FFF724
:102030005DF81037BD4680BD52040020BC920008F8
:1020400051040020CC92000800000010D09200083B
:10205000E0920008F092000880B400AF72B600BFB2
:1020600000BFFDE780B483B000AF00237B60104B5E
:102070005B6C0F4A43F4804353640D4B5B6C03F479
:1020800080437B607B6800233B60094B1B6C084AE4
:1020900043F080531364064B1B6C03F080533B608A
:1020A0003B6800BF0C37BD465DF8047B704700BF3E
:1020B0000038024080B58AB000AF786007F11403A1
:1020C00000221A605A609A60DA601A617B681B68A5
:1020D000334A93425FD100233B61324B5B6C314A00
:1020E00043F4807353642F4B5B6C03F480733B6148
:1020F0003B690023FB602B4B1B6B2A4A43F0010317
:102100001363284B1B6B03F00103FB60FB68402348
:102110007B610323BB610023FB6107F114031946B4
:10212000214801F0B9FD214B214A1A601F4B0022C2
:102130005A601E4B00229A601C4B0022DA601B4B37
:102140004FF480621A61194B4FF400625A61174BC9
:102150004FF400529A61154B4FF48072DA61134BC1
:1021600000221A62114B00225A62104801F024FA30
:102170000346002B01D0FFF76FFF7B680B4A9A6381
:102180000A4A7B68936300220021122001F0DDF9E6
:10219000122001F0F6F900BF2837BD4680BD00BF10
:1021A00000200140003802400000024050020020A0
:1021B0001064024080B58AB000AF786007F1140364
:1021C00000221A605A609A60DA601A617B681B68A4
:1021D000304A93425AD100233B612F4B1B6B2E4A4E
:1021E00043F0020313632C4B1B6B03F002033B61B0
:1021F0003B69C0237B611223BB610023FB61032386
:102200003B6204237B6207F114031946234801F063
:1022100043FD0023FB60204B1B6C1F4A43F400135B
:1022200013641D4B1B6C03F40013FB60FB681C4B19
:102230001C4A1A601A4B4FF000725A60184B402229
:102240009A60174B0022DA60154B4FF480621A61D6
:10225000134B00225A61124B00229A61104B00224C
:10226000DA610F4B4FF400321A620D4B00225A62B2
:102270000B4801F0A1F90346002B01D0FFF7ECFE5B
:102280007B68074A5A63064A7B68936300BF283716
:10229000BD4680BD005400400038024000040240AA
:1022A00004030020A060024080B586B000AF7860D3
:1022B0007B681B68264A93420ED100237B61254B25
:1022C0005B6C244A43F001035364224B5B6C03F0C4
:1022D00001037B617B6936E07B681B681E4A934281
:1022E00016D100233B611B4B1B6C1A4A43F01003B1
:1022F0001364184B1B6C03F010033B613B69002215
:102300000021362001F021F9362001F03AF91AE0D7
:102310007B681B68114A934215D10023FB600D4B6B
:102320001B6C0C4A43F0200313640A4B1B6C03F034
:102330002003FB60FB6800220021372001F005F933
:10234000372001F01EF900BF1837BD4680BD00BF21
:10235000000001400038024000100040001400401E
:1023600080B588B000AF786007F10C0300221A60D6
:102370005A609A60DA601A617B681B68124A93425D
:102380001ED10023BB60114B1B6B104A43F010039E
:1023900013630E4B1B6B03F01003BB60BB684FF461
:1023A0000073FB6002233B6100237B610023BB6160
:1023B0000123FB6107F10C031946054801F06CFC91
:1023C00000BF2037BD4680BD0000014000380240FC
:1023D0000010024080B400AF00BFFDE780B400AF42
:1023E00000BFFDE780B400AF00BFFDE780B400AFE1
:1023F00000BFFDE780B400AF00BFFDE780B400AFD1
:1024000000BFBD465DF8047B704780B400AF00BFDD
:10241000BD465DF8047B704780B400AF00BFBD4689
:102420005DF8047B704780B500AF00F0A7F900BFEE
:1024300080BD80B500AF012001F0FCFD00BF80BD74
:1024400080B500AF022001F0F5FD00BF80BD0000A7
:1024500080B500AF024801F0B5F900BF80BD00BFF4
:102460000403002080B500AF024800F099FA00BFD5
:1024700080BD00BF0802002080B500AF402001F001
:10248000D9FD00BF80BD80B500AF4FF4804001F0A2
:10249000D1FD00BF80BD000080B500AF024803F051
:1024A00083F900BF80BD00BFAC03002080B500AF42
:1024B000024803F079F900BF80BD00BFF40300209B
:1024C00080B500AF024801F07DF900BF80BD00BFBC
:1024D0005002002080B400AF01231846BD465DF8CD
:1024E000047B704780B582B000AF7860396004F03B
:1024F000D9FD034616221A604FF0FF3318460837FD
:10250000BD4680BD80B582B000AF78604FF0FF312E
:102510007868FFF7E7FF00BFFDE780B586B000AF42
:10252000F860B9607A6000237B610AE0AFF3008055
:102530000146BB685A1CBA60CAB21A707B69013383
:102540007B617A697B689A42F0DB7B6818461837B2
:10255000BD4680BD80B586B000AFF860B9607A60D6
:1025600000237B6109E0BB685A1CBA601B781846DF
:10257000AFF300807B6901337B617A697B689A42A3
:10258000F1DB7B6818461837BD4680BD80B483B048
:1025900000AF78604FF0FF3318460C37BD465DF84A
:1025A000047B704780B483B000AF786039603B68CB
:1025B0004FF400525A60002318460C37BD465DF8B0
:1025C000047B704780B483B000AF78600123184665
:1025D0000C37BD465DF8047B704780B485B000AF12
:1025E000F860B9607A60002318461437BD465DF87C
:1025F000047B704780B586B000AF7860144A154BF5
:10260000D31A7B617B693B61134B1B68002B02D1A2
:10261000114B124A1A60104B1A687B6813443A69CE
:102620009A4207D204F03EFD03460C221A604FF096
:10263000FF3309E0084B1B68FB60074B1A687B6897
:102640001344054A1360FB6818461837BD4680BD21
:10265000000002200004000054040020A80500200F
:1026600080B400AF064BD3F88830054A43F47003BA
:10267000C2F8883000BFBD465DF8047B704700BFDC
:1026800000ED00E0DFF834D0FFF7EAFF0C480D4919
:102690000D4A002302E0D458C4500433C4188C42BD
:1026A000F9D30A4A0A4C002301E013600432A24223
:1026B000FBD304F0FDFCFFF779F87047000002201F
:1026C00000000020E4010020A4960008E40100209E
:1026D000A8050020FEE7000080B500AF0E4B1B6888
:1026E0000D4A43F4007313600B4B1B680A4A43F412
:1026F00080631360084B1B68074A43F480731360C0
:10270000032000F017FF0F2000F008F8FFF7AAFCE5
:102710000023184680BD00BF003C024080B582B057
:1027200000AF7860124B1A68124B1B7819464FF4B1
:102730007A73B3FBF1F3B2FBF3F3184600F02FFF0B
:102740000346002B01D001230EE07B680F2B0AD833
:10275000002279684FF0FF3000F0F7FE064A7B68F0
:102760001360002300E0012318460837BD4680BDF2
:1027700010000020180000201400002080B400AFDA
:10278000064B1B781A46064B1B681344044A136019
:1027900000BFBD465DF8047B704700BF18000020F5
:1027A0005804002080B400AF034B1B681846BD4698
:1027B0005DF8047B704700BF5804002080B584B0EA
:1027C00000AF7860FFF7EEFFB8607B68FB60FB68E6
:1027D000B3F1FF3F05D00A4B1B781A46FB68134440
:1027E000FB6000BFFFF7DEFF0246BB68D31AFA6842
:1027F0009A42F7D800BF00BF1037BD4680BD00BF6A
:102800001800002080B584B000AF78600023FB730F
:102810007B68002B01D1012333E07B681B6C002B0C
:1028200009D17868FFF746FC7B6800225A647B6810
:10283000002283F83C207B681B6C03F01003002B04
:1028400018D17B681B6C23F4885323F0020343F0F8
:1028500002027B681A64786800F014FC7B6800222E
:102860005A647B681B6C23F0030343F001027B680E
:102870001A6401E00123FB737B68002283F83C208B
:10288000FB7B18461037BD4680BD80B584B000AFD5
:10289000786039600023FB607B681B689B6803F4E9
:1028A0008063B3F5806F13D17B681B689B6803F46A
:1028B0008073B3F5807F0BD17B681B6C43F02002E3
:1028C0007B681A647B68002283F83C20012363E064
:1028D000FFF768FFF86021E03B68B3F1FF3F1DD0D0
:1028E0003B68002B07D0FFF75DFF0246FB68D31A59
:1028F0003A689A4212D27B681B681B6803F0020395
:10290000022B0BD07B681B6C43F004027B681A64BB
:102910007B68002283F83C2003233DE07B681B6832
:102920001B6803F00203022BD6D17B681B686FF093
:1029300012021A607B681B6C43F400727B681A6495
:102940007B681B689B6803F04053002B23D17B6896
:102950001B7E002B1FD17B681B68DB6A03F47003AE
:10296000002B06D07B681B689B6803F48063002BF8
:1029700011D17B681B6C23F480727B681A647B68BE
:102980001B6C03F48053002B05D17B681B6C43F058
:1029900001027B681A64002318461037BD4680BDCB
:1029A00080B586B000AF786000237B6100233B6177
:1029B0007B681B681B68FB607B681B685B68BB608F
:1029C000FB6803F002037B61BB6803F020033B61FB
:1029D0007B69002B49D03B69002B46D07B681B6C80
:1029E00003F01003002B05D17B681B6C43F40072CD
:1029F0007B681A647B681B689B6803F04053002B5C
:102A00002BD17B681B7E002B27D17B681B68DB6A80
:102A100003F47003002B06D07B681B689B6803F4EB
:102A20008063002B19D17B681B685A687B681B6820
:102A300022F020025A607B681B6C23F480727B6852
:102A40001A647B681B6C03F48053002B05D17B68F0
:102A50001B6C43F001027B681A647868FEF7B0FDD6
:102A60007B681B686FF012021A60FB6803F00403B6
:102A70007B61BB6803F080033B617B69002B57D00F
:102A80003B69002B54D07B681B6C03F01003002BB8
:102A900005D17B681B6C43F400527B681A647B6829
:102AA0001B689B6803F44013002B39D17B681B68BB
:102AB0009B6B03F44013002B06D07B681B689B685C
:102AC00003F48063002B2BD17B681B685B6803F4E5
:102AD0008063002B24D17B681B689B6803F0405304
:102AE000002B1DD17B681B7E002B19D17B681B68D6
:102AF0005A687B681B6822F080025A607B681B6CF6
:102B000023F480527B681A647B681B6C03F4807327
:102B1000002B05D17B681B6C43F001027B681A64B3
:102B2000786800F02DFC7B681B686FF00C021A605F
:102B3000FB6803F001037B61BB6803F040033B616A
:102B40007B69002B17D03B69002B14D07B681B6876
:102B50001B6803F00103012B0DD17B681B6C43F450
:102B600080327B681A64786800F055F97B681B68CE
:102B70006FF001021A60FB6803F020037B61BB6801
:102B800003F080633B617B69002B15D03B69002B10
:102B900012D07B685B6C43F002027B685A647B68EE
:102BA0001B686FF020021A60786800F03EF97B68BD
:102BB0001B686FF020021A6000BF1837BD4680BD49
:102BC00080B588B000AFF860B9607A6000237B619F
:102BD0000023FB77FB6893F83C30012B01D10223E3
:102BE000EBE0FB68012283F83C20FB681B689B68D4
:102BF00003F00103012B18D0FB681B689A68FB687F
:102C00001B6842F001029A606E4B1B686E4AA2FB81
:102C100003239A0C13465B0013447B6102E07B693B
:102C2000013B7B617B69002BF9D1FB681B689B68CA
:102C300003F48073B3F5807F07D1FB681B689A6843
:102C4000FB681B6822F480729A60FB681B689B68B3
:102C500003F00103012B40F0A380FB681B6C23F4FD
:102C6000E06323F0010343F48072FB681A64FB689D
:102C70001B685B6803F48063002B07D0FB681B6C48
:102C800023F4405343F48052FB681A64FB681B6CC6
:102C900003F48053B3F5805F06D1FB685B6C23F0CF
:102CA0000602FB685A6402E0FB6800225A64FB6873
:102CB000002283F83C20454BBB61FB689B6B444A78
:102CC000DA63FB689B6B434A1A64FB689B6B424A5E
:102CD000DA64FB681B686FF022021A60FB681B68ED
:102CE0005A68FB681B6842F080625A60FB681B6888
:102CF0009A68FB681B6842F480729A60FB68986B64
:102D0000FB681B684C331946BA687B6800F002FD0B
:102D10000346FB77BB695B6803F01F03002B2AD1D6
:102D2000FB681B682D4A934215D0FB681B682C4A30
:102D3000934205D1254B5B6803F01F03002B0AD09B
:102D4000FB681B68274A934236D1204B5B6803F02F
:102D50001003002B30D1FB681B689B6803F04053C5
:102D6000002B29D1FB681B689A68FB681B6842F03E
:102D700080429A6020E0FB681B68184A93421BD18E
:102D8000FB681B689B6803F04053002B14D1FB6861
:102D90001B689A68FB681B6842F080429A600BE0EF
:102DA000FB681B6C43F01002FB681A64FB685B6CE9
:102DB00043F00102FB685A64FB7F18462037BD468A
:102DC00080BD00BF1000002083DE1B4300230140B4
:102DD0007D320008373300085333000800200140DB
:102DE000002101400022014080B483B000AF786030
:102DF0007B681B68DB6C18460C37BD465DF8047BAE
:102E0000704780B483B000AF786000BF0C37BD4618
:102E10005DF8047B704780B483B000AF786000BF7A
:102E20000C37BD465DF8047B704780B483B000AFBB
:102E3000786000BF0C37BD465DF8047B704700002A
:102E400080B485B000AF786039600023BB607B68D8
:102E500093F83C30012B01D1022305E17B6801226C
:102E600083F83C203B681B68092B25D97B681B68CD
:102E7000D9683B681B689BB21A4613465B00134433
:102E80001E3B072202FA03F3DA437B681B680A4001
:102E9000DA607B681B68D9683B689A683B681B6886
:102EA0009BB2184603465B0003441E3B9A407B6876
:102EB0001B680A43DA6022E07B681B6819693B687B
:102EC0001B689BB21A4613465B001344072202FAA2
:102ED00003F3DA437B681B680A401A617B681B684E
:102EE00019693B689A683B681B689BB218460346A1
:102EF0005B0003449A407B681B680A431A613B6885
:102F00005B68062B24D87B681B68596B3B685A6842
:102F100013469B001344053B1F2202FA03F3DA43D6
:102F20007B681B680A405A637B681B68596B3B6867
:102F30001B689BB218463B685A6813469B001344B3
:102F4000053B00FA03F27B681B680A435A634CE0B6
:102F50003B685B680C2B24D87B681B68196B3B684B
:102F60005A6813469B001344233B1F2202FA03F3C3
:102F7000DA437B681B680A401A637B681B68196B1D
:102F80003B681B689BB218463B685A6813469B0017
:102F90001344233B00FA03F27B681B680A431A635D
:102FA00023E07B681B68D96A3B685A6813469B001C
:102FB0001344413B1F2202FA03F3DA437B681B6888
:102FC0000A40DA627B681B68D96A3B681B689BB25F
:102FD00018463B685A6813469B001344413B00FA6D
:102FE00003F27B681B680A43DA62224BFB607B6852
:102FF0001B68214A934209D13B681B68122B05D1FB
:10300000FB685B6843F48002FB685A607B681B685E
:10301000194A934223D13B681B68102B03D03B68AD
:103020001B68112B1BD1FB685B6843F40002FB6833
:103030005A603B681B68102B11D1104B1B68104A5B
:10304000A2FB03239A0C13469B0013445B00BB6056
:1030500002E0BB68013BBB60BB68002BF9D17B6819
:10306000002283F83C20002318461437BD465DF843
:10307000047B704700230140002001401000002025
:1030800083DE1B4380B485B000AF7860794BFB6072
:10309000FB685B6823F44032FB685A60FB685A683F
:1030A0007B685B681A43FB685A607B681B685A68D8
:1030B0007B681B6822F480725A607B681B685968C1
:1030C0007B681B691A027B681B680A435A607B682D
:1030D0001B685A687B681B6822F040725A607B68E4
:1030E0001B6859687B689A687B681B680A435A604A
:1030F0007B681B689A687B681B6822F400629A6090
:103100007B681B6899687B68DA687B681B680A4380
:103110009A607B689B6A584A934222D07B681B68FE
:103120009A687B681B6822F070629A607B681B68F3
:1031300099687B689A6A7B681B680A439A607B6817
:103140001B689A687B681B6822F040529A607B6813
:103150001B6899687B68DA6A7B681B680A439A6017
:103160000FE07B681B689A687B681B6822F07062BE
:103170009A607B681B689A687B681B6822F04052E3
:103180009A607B681B689A687B681B6822F0020261
:103190009A607B681B6899687B681B7E5A007B6815
:1031A0001B680A439A607B6893F82030002B1BD081
:1031B0007B681B685A687B681B6842F400625A602F
:1031C0007B681B685A687B681B6822F460425A60FF
:1031D0007B681B6859687B685B6A013B5A037B68A4
:1031E0001B680A435A6007E07B681B685A687B6863
:1031F0001B6822F400625A607B681B68DA6A7B688D
:103200001B6822F47002DA627B681B68D96A7B68EB
:10321000DB69013B1A057B681B680A43DA627B683D
:103220001B689A687B681B6822F400729A607B684E
:103230001B6899687B6893F830305A027B681B687A
:103240000A439A607B681B689A687B681B6822F453
:1032500080629A607B681B6899687B685B699A02E8
:103260007B681B680A439A6000BF1437BD465DF84F
:10327000047B7047002301400100000F80B584B03B
:1032800000AF78607B689B6BFB60FB681B6C03F096
:103290005003002B3CD1FB681B6C43F40072FB68AD
:1032A0001A64FB681B689B6803F04053002B2BD10A
:1032B000FB681B7E002B27D1FB681B68DB6A03F4CD
:1032C0007003002B06D0FB681B689B6803F48063C7
:1032D000002B19D1FB681B685A68FB681B6822F039
:1032E00020025A60FB681B6C23F48072FB681A642E
:1032F000FB681B6C03F48053002B05D1FB681B6C2F
:1033000043F00102FB681A64F868FEF759F90EE011
:10331000FB681B6C03F01003002B03D0F868FFF769
:1033200084FD04E0FB689B6BDB6C7868984700BF0A
:103330001037BD4680BD80B584B000AF78607B6833
:103340009B6BFB60F868FFF75CFD00BF1037BD4664
:1033500080BD80B584B000AF78607B689B6BFB60FC
:10336000FB6840221A64FB685B6C43F00402FB6854
:103370005A64F868FFF759FD00BF1037BD4680BD9D
:1033800080B483B000AF786000BF0C37BD465DF8F5
:10339000047B704780B485B000AF78607B6803F031
:1033A0000703FB600C4BDB68BB60BA684FF6FF039A
:1033B0001340BB60FB681A02BB68134343F0BF6352
:1033C00043F40033BB60044ABB68D36000BF1437CA
:1033D000BD465DF8047B704700ED00E080B400AFAF
:1033E000044BDB681B0A03F007031846BD465DF873
:1033F000047B704700ED00E080B483B000AF03466B
:10340000FB7197F90730002B0BDBFB7903F01F02F0
:10341000074997F907305B09012000FA02F241F8E9
:10342000232000BF0C37BD465DF8047B704700BF0A
:1034300000E100E080B483B000AF03463960FB7167
:1034400097F90730002B0ADB3B68DAB20C4997F991
:1034500007301201D2B20B4483F800230AE03B6824
:10346000DAB20849FB7903F00F03043B1201D2B230
:103470000B441A7600BF0C37BD465DF8047B7047DD
:1034800000E100E000ED00E080B489B000AFF8603A
:10349000B9607A60FB6803F00703FB61FB69C3F165
:1034A0000703042B28BF0423BB61FB690433062BED
:1034B00002D9FB69033B00E000237B614FF0FF3240
:1034C000BB6902FA03F3DA43BB681A407B699A408E
:1034D0004FF0FF317B6901FA03F3D9437B680B405E
:1034E000134318462437BD465DF8047B704700003F
:1034F00080B582B000AF78607B68013BB3F1807F1C
:1035000001D301230FE00A4A7B68013B53600F217E
:103510004FF0FF30FFF78EFF054B00229A60044BFF
:1035200007221A60002318460837BD4680BD00BF39
:1035300010E000E080B582B000AF78607868FFF7F7
:1035400029FF00BF0837BD4680BD80B586B000AFFB
:103550000346B9607A60FB7300237B61FFF73EFF8F
:1035600078617A68B9687869FFF78EFF024697F943
:103570000F3011461846FFF75DFF00BF1837BD46F4
:1035800080BD80B582B000AF0346FB7197F907306C
:103590001846FFF731FF00BF0837BD4680BD80B534
:1035A00082B000AF78607868FFF7A2FF0346184644
:1035B0000837BD4680BD000080B586B000AF78609A
:1035C00000237B61FFF7EEF838617B68002B01D1A7
:1035D000012399E07B68022283F835207B68002272
:1035E00083F834207B681B681A687B681B6822F0AC
:1035F00001021A600FE0FFF7D5F802463B69D31AC3
:10360000052B08D97B6820225A657B68032283F842
:103610003520032378E07B681B681B6803F00103F7
:10362000002BE8D17B681B681B687B617A69384B8B
:1036300013407B617B685A687B689B681A437B6890
:10364000DB681A437B681B691A437B685B691A4312
:103650007B689B691A437B68DB691A437B681B6A3A
:1036600013437A6913437B617B685B6A042B07D140
:103670007B68DA6A7B681B6B13437A6913437B614F
:103680007B681B687A691A607B681B685B697B6171
:103690007B6923F007037B617B685B6A7A6913436C
:1036A0007B617B685B6A042B17D17B689B6A7A69B4
:1036B00013437B617B68DB6A002B0ED0786800F0D7
:1036C0006FFA0346002B08D07B6840225A657B685E
:1036D000012283F83520012316E07B681B687A6994
:1036E0005A61786800F026FA0346FB607B68DB6D60
:1036F0003F229A40FB689A607B6800225A657B688B
:10370000012283F83520002318461837BD4680BDB6
:103710003F8010F080B586B000AFF860B9607A6085
:103720003B600023FB75FB689B6D3B61FB6893F876
:103730003430012B01D1022340E0FB68012283F8E1
:103740003420FB6893F83530DBB2012B2FD1FB68B6
:10375000022283F83520FB6800225A653B687A68AC
:10376000B968F86800F0B8F9FB68DB6D3F229A4051
:103770003B699A60FB681B681A68FB681B6842F02B
:1037800016021A60FB681B6C002B07D0FB681B68D5
:103790001A68FB681B6842F008021A60FB681B6825
:1037A0001A68FB681B6842F001021A6005E0FB68BA
:1037B000002283F834200223FB75FB7D184618375E
:1037C000BD4680BD80B586B000AF78600023BB6089
:1037D0008E4B1B688E4AA2FB03239B0A7B617B688E
:1037E0009B6D3B613B691B68FB607B68DB6D08225E
:1037F0009A40FB681340002B1AD07B681B681B683B
:1038000003F00403002B13D07B681B681A687B68E5
:103810001B6822F004021A607B68DB6D08229A4064
:103820003B699A607B685B6D43F001027B685A6577
:103830007B68DB6D01229A40FB681340002B12D09D
:103840007B681B685B6903F08003002B0BD07B68EF
:10385000DB6D01229A403B699A607B685B6D43F0A7
:1038600002027B685A657B68DB6D04229A40FB6824
:103870001340002B12D07B681B681B6803F0020307
:10388000002B0BD07B68DB6D04229A403B699A6069
:103890007B685B6D43F004027B685A657B68DB6D77
:1038A00010229A40FB681340002B43D07B681B68B2
:1038B0001B6803F00803002B3CD07B68DB6D1022F3
:1038C0009A403B699A607B681B681B6803F48023FD
:1038D000002B18D07B681B681B6803F40023002BA7
:1038E00008D17B681B6C002B24D07B681B6C78682C
:1038F00098471FE07B689B6C002B1BD07B689B6C00
:103900007868984716E07B681B681B6803F480732F
:10391000002B07D17B681B681A687B681B6822F044
:1039200008021A607B681B6C002B03D07B681B6C41
:10393000786898477B68DB6D20229A40FB681340CB
:10394000002B00F08F807B681B681B6803F010035E
:10395000002B00F087807B68DB6D20229A403B695A
:103960009A607B6893F83530DBB2052B36D17B68E3
:103970001B681A687B681B6822F016021A607B6855
:103980001B685A697B681B6822F080025A617B6859
:103990001B6C002B03D17B689B6C002B07D07B68D2
:1039A0001B681A687B681B6822F008021A607B6833
:1039B000DB6D3F229A403B699A607B68012283F865
:1039C00035207B68002283F834207B681B6D002B38
:1039D0007ED07B681B6D7868984779E07B681B68B0
:1039E0001B6803F48023002B1DD07B681B681B68B9
:1039F00003F40023002B0DD17B685B6C002B31D0CE
:103A00007B685B6C786898472CE000BF1000002052
:103A1000B5814E1B7B68DB6B002B23D07B68DB6B97
:103A2000786898471EE07B681B681B6803F4807306
:103A3000002B0FD17B681B681A687B681B6822F01B
:103A400010021A607B68012283F835207B6800220F
:103A500083F834207B68DB6B002B03D07B68DB6B47
:103A6000786898477B685B6D002B32D07B685B6D14
:103A700003F00103002B22D07B68052283F8352058
:103A80007B681B681A687B681B6822F001021A6059
:103A9000BB680133BB607A699A4207D37B681B68B5
:103AA0001B6803F00103002BF2D100E000BF7B682C
:103AB000012283F835207B68002283F834207B685C
:103AC000DB6C002B05D07B68DB6C7868984700E0E6
:103AD00000BF1837BD4680BD80B485B000AFF86028
:103AE000B9607A603B60FB681B681A68FB681B68FA
:103AF00022F480221A60FB681B683A685A60FB68EF
:103B00009B68402B08D1FB681B687A689A60FB6849
:103B10001B68BA68DA6007E0FB681B68BA689A60DD
:103B2000FB681B687A68DA6000BF1437BD465DF831
:103B3000047B704780B485B000AF78607B681B68F9
:103B4000DBB2103B144AA2FB03231B09FB60134AA0
:103B5000FB6813441B781A467B68DA65FB68032B05
:103B600009D97B681B6823F47F7323F003031A1DB4
:103B70007B689A6507E07B681B6823F47F7323F0FA
:103B800003037A6893657B689B6D18461437BD46BE
:103B90005DF8047B704700BFABAAAAAA189300087F
:103BA00080B485B000AF78600023FB737B689B6AAC
:103BB000BB607B689B69002B1FD1BB68032B56D869
:103BC00001A252F823F000BFD93B0008EB3B0008EC
:103BD000D93B00086F3C00087B68DB6A03F0807308
:103BE000002B46D00123FB7343E07B68DB6AB3F113
:103BF000C07F40D10123FB733DE07B689B69B3F537
:103C0000005F21D1BB68032B37D801A252F823F003
:103C1000213C0008273C0008213C0008393C0008F2
:103C20000123FB7330E07B68DB6A03F08073002BB9
:103C300025D00123FB7322E07B68DB6AB3F1C07FF0
:103C40001FD10123FB731CE0BB68022B03D9BB68A7
:103C5000032B03D018E00123FB7315E07B68DB6ABC
:103C600003F08073002B0ED00123FB730BE000BF29
:103C70000AE000BF08E000BF06E000BF04E000BFAC
:103C800002E000BF00E000BFFB7B18461437BD46D2
:103C90005DF8047B704700BF80B489B000AF7860E6
:103CA000396000237B6100233B610023BB6100235B
:103CB000FB616BE10122FB6902FA03F37B613B6864
:103CC0001B687A6913403B613A697B699A4240F00C
:103CD0005A813B685B6803F00303012B05D03B6806
:103CE0005B6803F00303022B30D17B689B68BB61E8
:103CF000FB695B00032202FA03F3DB43BA6913405A
:103D0000BB613B68DA68FB695B0002FA03F3BA69DE
:103D10001343BB617B68BA699A607B685B68BB616F
:103D20000122FB6902FA03F3DB43BA691340BB616A
:103D30003B685B681B0903F00102FB6902FA03F3AD
:103D4000BA691343BB617B68BA695A603B685B68B8
:103D500003F00303032B17D07B68DB68BB61FB69AF
:103D60005B00032202FA03F3DB43BA691340BB6131
:103D70003B689A68FB695B0002FA03F3BA69134374
:103D8000BB617B68BA69DA603B685B6803F0030378
:103D9000022B23D1FB69DA087B68083253F8223002
:103DA000BB61FB6903F007039B000F2202FA03F3D8
:103DB000DB43BA691340BB613B681A69FB6903F0D6
:103DC00007039B0002FA03F3BA691343BB61FB6963
:103DD000DA087B680832B96943F822107B681B68EF
:103DE000BB61FB695B00032202FA03F3DB43BA69A0
:103DF0001340BB613B685B6803F00302FB695B0037
:103E000002FA03F3BA691343BB617B68BA691A60AB
:103E10003B685B6803F44033002B00F0B480002360
:103E2000FB60604B5B6C5F4A43F4804353645D4BC3
:103E30005B6C03F48043FB60FB685B4AFB699B0897
:103E4000023352F82330BB61FB6903F003039B008C
:103E50000F2202FA03F3DB43BA691340BB617B68AC
:103E6000524A93422BD07B68514A934225D07B68BB
:103E7000504A93421FD07B684F4A934219D07B68C7
:103E80004E4A934213D07B684D4A93420DD07B68D3
:103E90004C4A934207D07B684B4A934201D1072397
:103EA0000EE008230CE006230AE0052308E00423C3
:103EB00006E0032304E0022302E0012300E00023E4
:103EC000FA6902F0030292009340BA691343BB619E
:103ED0003549FB699B080233BA6941F823203B4B03
:103EE0009B68BB613B69DB43BA691340BB613B68BC
:103EF0005B6803F48013002B03D0BA693B6913435A
:103F0000BB61324ABB699360304BDB68BB613B6984
:103F1000DB43BA691340BB613B685B6803F4001381
:103F2000002B03D0BA693B691343BB61274ABB69C5
:103F3000D360264B5B68BB613B69DB43BA691340C6
:103F4000BB613B685B6803F40033002B03D0BA69A4
:103F50003B691343BB611D4ABB6953601B4B1B6824
:103F6000BB613B69DB43BA691340BB613B685B687B
:103F700003F48033002B03D0BA693B691343BB6160
:103F8000124ABB691360FB690133FB61FB690F2BAC
:103F90007FF690AE00BF00BF2437BD465DF8047BBE
:103FA000704700BF00380240003801400000024066
:103FB0000004024000080240000C024000100240D1
:103FC0000014024000180240001C0240003C014066
:103FD00080B485B000AF78600B467B807B681A693F
:103FE0007B881340002B02D00123FB7301E00023E8
:103FF000FB73FB7B18461437BD465DF8047B7047A6
:1040000080B483B000AF78600B467B8013467B7032
:104010007B78002B03D07A887B689A6103E07B88E9
:104020001A047B689A6100BF0C37BD465DF8047BBB
:104030007047000080B582B000AF0346FB80084B9C
:104040005A69FB881340002B06D0054AFB88536150
:10405000FB881846FDF73AF900BF0837BD4680BD1A
:10406000003C014080B584B000AF78607B68002BD5
:1040700001D101232BE17B6893F83D30DBB2002BAB
:1040800006D17B68002283F83C207868FEF792F81E
:104090007B68242283F83D207B681B681A687B6854
:1040A0001B6822F001021A607B681B681A687B6833
:1040B0001B6842F400421A607B681B681A687B68C0
:1040C0001B6822F400421A6001F0DAF8F8607B689D
:1040D0005B68814A934207D8FB68804A934294BF49
:1040E00001230023DBB206E0FB687D4A934294BFC4
:1040F00001230023DBB2002B01D00123E7E0FB68A2
:10410000784AA2FB03239B0CBB607B681B685B683F
:1041100023F03F017B681B68BA680A435A607B68DA
:104120001B681B6A23F03F017B685B686A4A934205
:1041300002D8BB68013309E0BB684FF4967202FBFA
:1041400003F3694AA2FB03239B0901337A681268CF
:104150000B4313627B681B68DB6923F44F4222F038
:10416000FF027B685B685C498B4219D8FB68591E6B
:104170007B685B685B00B1FBF3F3591C40F6FC7392
:104180000B40002B0AD0FB68591E7B685B685B0004
:10419000B1FBF3F30133C3F30B0351E004234FE00E
:1041A0007B689B68002B11D1FB68581E7B6859689F
:1041B0000B465B000B44B0FBF3F30133C3F30B037B
:1041C000002B0CBF01230023DBB212E0FB68581E5A
:1041D0007B6859680B469B000B4499000B44B0FB6D
:1041E000F3F30133C3F30B03002B0CBF01230023B4
:1041F000DBB2002B01D0012322E07B689B68002BFF
:104200000ED1FB68581E7B6859680B465B000B4457
:10421000B0FBF3F30133C3F30B0343F400430FE0AC
:10422000FB68581E7B6859680B469B000B4499003D
:104230000B44B0FBF3F30133C3F30B0343F44043EC
:10424000796809681343CB617B681B681B6823F09E
:10425000C0017B68DA697B681B6A1A437B681B684C
:104260000A431A607B681B689B6823F4034323F0AE
:10427000FF037A6811697A68D26811437A68126814
:104280000B4393607B681B68DB6823F0FF017B684E
:104290005A697B689B691A437B681B680A43DA602A
:1042A0007B681B681A687B681B6842F001021A6011
:1042B0007B6800221A647B68202283F83D207B689B
:1042C00000221A637B68002283F83E2000231846F0
:1042D0001037BD4680BD00BFA08601007F841E0050
:1042E000FF083D0083DE1B43D34D621080B588B0CC
:1042F00002AFF8607A601A460B467B8113463B8119
:10430000FEF750FA7861FB6893F83D30DBB2202B62
:1043100040F0E0807B690093192301227049F8681E
:1043200000F064F90346002B01D00223D3E0FB68C0
:1043300093F83C30012B01D10223CCE0FB68012231
:1043400083F83C20FB681B681B6803F00103012B0A
:1043500007D0FB681B681A68FB681B6842F0010203
:104360001A60FB681B681A68FB681B6822F400620D
:104370001A60FB68212283F83D20FB68102283F835
:104380003E20FB6800221A64FB687A685A62FB6868
:104390003A895A85FB685B8D9AB2FB681A85FB687F
:1043A000504ADA6279897B693A6AF86800F09CF8C9
:1043B0000346002B01D001238DE000233B61FB6805
:1043C0001B685B693B61FB681B689B693B613B69E0
:1043D00066E07A69396AF86800F022FA0346002B31
:1043E0000DD0FB681B6C042B07D1FB681B681A6897
:1043F000FB681B6842F400721A6001236BE0FB68E3
:104400005B6A1A78FB681B681A61FB685B6A5A1C56
:10441000FB685A62FB685B8D9BB2013B9AB2FB68FA
:104420005A85FB681B8D013B9AB2FB681A85FB68B5
:104430001B685B6903F00403042B1BD1FB681B8D15
:10444000002B17D0FB685B6A1A78FB681B681A613F
:10445000FB685B6A5A1CFB685A62FB685B8D9BB207
:10446000013B9AB2FB685A85FB681B8D013B9AB2EF
:10447000FB681A857A69396AF86800F019FA034608
:10448000002B0DD0FB681B6C042B07D1FB681B684D
:104490001A68FB681B6842F400721A6001231AE074
:1044A000FB681B8D002B94D1FB681B681A68FB68A6
:1044B0001B6842F400721A60FB68202283F83D20DA
:1044C000FB68002283F83E20FB68002283F83C2032
:1044D000002300E0022318461837BD4680BD00BF08
:1044E000020010000000FFFF80B588B002AFF86046
:1044F0007A603B600B467B81FB68DB6A7B617B6992
:10450000082B06D07B69012B03D07B6913F5803F14
:1045100008D1FB681B681A68FB681B6842F480724C
:104520001A600BE0FB681B6B122B07D1FB681B6842
:104530001A68FB681B6842F480721A603B6800933B
:104540007B6800224FF00111F86800F04FF8034635
:10455000002B0DD0FB681B681B6803F48073B3F558
:10456000807F03D1FB684FF400721A64032335E0A7
:10457000FB681B69B3F5804F08D17B89DBB21A4613
:10458000FB681B6802F0FE021A611BE07B89DB11ED
:10459000DBB203F00603DBB263F00F03DAB2FB68B1
:1045A0001B681A613B687A680E49F86800F098F851
:1045B0000346002B01D0012310E07B89DAB2FB68AF
:1045C0001B681A613B687A680749F86800F088F848
:1045D0000346002B01D0012300E0002318461837C2
:1045E000BD4680BD080001000200010080B584B016
:1045F00000AFF860B9603B601346FB7148E03B6870
:10460000B3F1FF3F44D0FEF7CDF80246BB69D31AA1
:104610003A689A4202D33B68002B39D1BB681B0C25
:10462000DBB2012B0DD1FB681B685B69DA43BB6809
:1046300013409BB2002B0CBF01230023DBB21A46B0
:104640000CE0FB681B689B69DA43BB6813409BB2B4
:10465000002B0CBF01230023DBB21A46FB799A42E0
:1046600016D1FB6800221A63FB68202283F83D20E4
:10467000FB68002283F83E20FB681B6C43F020029D
:10468000FB681A64FB68002283F83C20012323E0C6
:10469000BB681B0CDBB2012B0DD1FB681B685B698F
:1046A000DA43BB6813409BB2002B0CBF01230023ED
:1046B000DBB21A460CE0FB681B689B69DA43BB68F7
:1046C00013409BB2002B0CBF01230023DBB21A4620
:1046D000FB799A4293D0002318461037BD4680BD1F
:1046E00080B584B000AFF860B9607A603B6071E07B
:1046F000FB681B685B6903F48063B3F5806F23D1AB
:10470000FB681B681A68FB681B6842F400721A6039
:10471000FB681B686FF480625A61FB6800221A63B1
:10472000FB68202283F83D20FB68002283F83E20AE
:10473000FB681B6C43F00402FB681A64FB680022F0
:1047400083F83C20012367E07B68B3F1FF3F41D051
:10475000FEF728F802463B68D31A7A689A4202D3D9
:104760007B68002B36D1BB681B0CDBB2012B0CD154
:10477000FB681B685B69DA43BB6813409BB2002B84
:1047800014BF01230023DBB20BE0FB681B689B69AD
:10479000DA43BB6813409BB2002B14BF01230023F4
:1047A000DBB2002B16D0FB6800221A63FB682022C4
:1047B00083F83D20FB68002283F83E20FB681B6CD9
:1047C00043F02002FB681A64FB68002283F83C2057
:1047D000012321E0BB681B0CDBB2012B0CD1FB6871
:1047E0001B685B69DA43BB6813409BB2002B14BFA4
:1047F00001230023DBB20BE0FB681B689B69DA43F3
:10480000BB6813409BB2002B14BF01230023DBB213
:10481000002B7FF46DAF002318461037BD4680BDD6
:1048200080B584B000AFF860B9607A6034E0F868B1
:1048300000F086F80346002B01D0012334E0BB686A
:10484000B3F1FF3F28D0FDF7ADFF02467B68D31AD6
:10485000BA689A4202D3BB68002B1DD1FB681B6863
:104860005B6903F08003802B16D0FB6800221A637B
:10487000FB68202283F83D20FB68002283F83E205D
:10488000FB681B6C43F02002FB681A64FB68002283
:1048900083F83C20012307E0FB681B685B6903F099
:1048A0008003802BC3D1002318461037BD4680BD3E
:1048B00080B584B000AFF860B9607A6034E0F86821
:1048C00000F03EF80346002B01D0012334E0BB6822
:1048D000B3F1FF3F28D0FDF765FF02467B68D31A8E
:1048E000BA689A4202D3BB68002B1DD1FB681B68D3
:1048F0005B6903F00403042B16D0FB6800221A63E3
:10490000FB68202283F83D20FB68002283F83E20CC
:10491000FB681B6C43F02002FB681A64FB680022F2
:1049200083F83C20012307E0FB681B685B6903F008
:104930000403042BC3D1002318461037BD4680BDA5
:1049400080B483B000AF78607B681B685B6903F458
:104950008063B3F5806F1BD17B681B686FF4806246
:104960005A617B6800221A637B68202283F83D200D
:104970007B68002283F83E207B681B6C43F00402B6
:104980007B681A647B68002283F83C20012300E0E6
:10499000002318460C37BD465DF8047B70470000C5
:1049A00080B586B000AF78607B68002B01D1012311
:1049B00067E27B681B6803F00103002B75D0884B0E
:1049C0009B6803F00C03042B0CD0854B9B6803F011
:1049D0000C03082B12D1824B5B6803F48003B3F500
:1049E000800F0BD17E4B1B6803F40033002B5BD090
:1049F0007B685B68002B57D1012342E27B685B68D0
:104A0000B3F5803F06D1764B1B68754A43F480337B
:104A100013601DE07B685B68B3F5A02F0CD1704B71
:104A20001B686F4A43F4802313606D4B1B686C4A0C
:104A300043F4803313600BE0694B1B68684A23F42E
:104A400080331360664B1B68654A23F48023136030
:104A50007B685B68002B13D0FDF7A4FE386108E08B
:104A6000FDF7A0FE02463B69D31A642B01D903234C
:104A700007E25B4B1B6803F40033002BF0D014E01B
:104A8000FDF790FE386108E0FDF78CFE02463B69B9
:104A9000D31A642B01D90323F3E1514B1B6803F4B0
:104AA0000033002BF0D100E000BF7B681B6803F0EF
:104AB0000203002B63D04A4B9B6803F00C03002BCE
:104AC0000BD0474B9B6803F00C03082B1CD1444BC5
:104AD0005B6803F48003002B16D1414B1B6803F085
:104AE0000203002B05D07B68DB68012B01D001237A
:104AF000C7E13B4B1B6823F0F8027B681B69DB00B6
:104B0000374913430B603AE07B68DB68002B20D009
:104B1000344B01221A60FDF745FE386108E0FDF7CD
:104B200041FE02463B69D31A022B01D90323A8E1B7
:104B30002B4B1B6803F00203002BF0D0284B1B68A3
:104B400023F0F8027B681B69DB00254913430B60E7
:104B500015E0244B00221A60FDF724FE386108E0BE
:104B6000FDF720FE02463B69D31A022B01D903232D
:104B700087E11B4B1B6803F00203002BF0D17B681D
:104B80001B6803F00803002B36D07B685B69002BA1
:104B900016D0154B01221A60FDF704FE386108E0BB
:104BA000FDF700FE02463B69D31A022B01D903230D
:104BB00067E10B4B5B6F03F00203002BF0D01BE0AF
:104BC000094B00221A60FDF7EDFD38610EE0FDF79C
:104BD000E9FD02463B69D31A022B07D9032350E1B2
:104BE0000038024000004742800E4742884B5B6F0E
:104BF00003F00203002BEAD17B681B6803F0040377
:104C0000002B00F097800023FB75814B1B6C03F099
:104C10008053002B0FD10023BB607D4B1B6C7C4A63
:104C200043F0805313647A4B1B6C03F08053BB60DA
:104C3000BB680123FB75774B1B6803F48073002B63
:104C400018D1744B1B68734A43F480731360FDF7EB
:104C5000A9FD386108E0FDF7A5FD02463B69D31ABE
:104C6000022B01D903230CE16A4B1B6803F4807308
:104C7000002BF0D07B689B68012B06D1644B1B6F27
:104C8000634A43F0010313671CE07B689B68052BB4
:104C90000CD15F4B1B6F5E4A43F0040313675C4B00
:104CA0001B6F5B4A43F0010313670BE0584B1B6F0C
:104CB000574A23F001031367554B1B6F544A23F0E7
:104CC000040313677B689B68002B15D0FDF76AFD12
:104CD00038610AE0FDF766FD02463B69D31A41F2EE
:104CE0008832934201D90323CBE0494B1B6F03F079
:104CF0000203002BEED014E0FDF754FD38610AE00A
:104D0000FDF750FD02463B69D31A41F288329342C7
:104D100001D90323B5E03E4B1B6F03F00203002BC8
:104D2000EED1FB7D012B05D1394B1B6C384A23F0AA
:104D3000805313647B689B69002B00F0A180344B87
:104D40009B6803F00C03082B5CD07B689B69022BEB
:104D500041D1314B00221A60FDF724FD386108E093
:104D6000FDF720FD02463B69D31A022B01D903232C
:104D700087E0274B1B6803F00073002BF0D17B68A2
:104D8000DA697B681B6A1A437B685B6A9B011A437A
:104D90007B689B6A5B08013B1B041A437B68DB6AE8
:104DA0001B061B4913434B601B4B01221A60FDF786
:104DB000F9FC386108E0FDF7F5FC02463B69D31ABF
:104DC000022B01D903235CE0114B1B6803F0007335
:104DD000002BF0D054E0104B00221A60FDF7E2FCEB
:104DE000386108E0FDF7DEFC02463B69D31A022B6E
:104DF00001D9032345E0064B1B6803F00073002B29
:104E0000F0D13DE07B689B69012B07D1012338E09D
:104E10000038024000700040600047421B4B5B6856
:104E2000FB607B689B69012B28D0FB6803F4800240
:104E30007B68DB699A4221D1FB6803F03F027B6803
:104E40001B6A9A421AD1FA6847F6C07313407A680F
:104E5000526A9201934211D1FB6803F440327B689D
:104E60009B6A5B08013B1B049A4207D1FB6803F075
:104E700070627B68DB6A1B069A4201D0012300E066
:104E8000002318461837BD4680BD00BF00380240D9
:104E900080B584B000AF786039607B68002B01D1A9
:104EA0000123CCE0684B1B6803F007033A689A4281
:104EB0000CD9654B3A68D2B21A70634B1B6803F089
:104EC00007033A689A4201D00123B8E07B681B6867
:104ED00003F00203002B20D07B681B6803F004035F
:104EE000002B05D0594B9B68584A43F4E05393601C
:104EF0007B681B6803F00803002B05D0534B9B68AD
:104F0000524A43F460439360504B9B6823F0F00295
:104F10007B689B684D4913438B607B681B6803F07B
:104F20000103002B44D07B685B68012B07D1474B02
:104F30001B6803F40033002B19D101237FE07B6849
:104F40005B68022B03D07B685B68032B07D13F4B68
:104F50001B6803F00073002B09D101236FE03B4B6A
:104F60001B6803F00203002B01D1012367E0374BDC
:104F70009B6823F003027B685B68344913438B60B2
:104F8000FDF710FCF8600AE0FDF70CFC0246FB6838
:104F9000D31A41F28832934201D903234FE02B4BBD
:104FA0009B6803F00C027B685B689B009A42EBD124
:104FB000254B1B6803F007033A689A420CD2224B38
:104FC0003A68D2B21A70204B1B6803F007033A68A4
:104FD0009A4201D0012332E07B681B6803F004038E
:104FE000002B08D0194B9B6823F4E0527B68DB68E8
:104FF000164913438B607B681B6803F00803002B82
:1050000009D0124B9B6823F460427B681B69DB006C
:105010000E4913438B6000F021F802460B4B9B684E
:105020001B0903F00F030A49CB5C22FA03F3094A78
:105030001360094B1B681846FDF770FB00231846E8
:105040001037BD4680BD00BF003C02400038024022
:105050000093000810000020140000202DE9B04F3C
:1050600094B000AF00237B640023FB6400233B6407
:105070000023BB64794B9B6803F00C03082B0DD015
:10508000082B00F2E180002B02D0042B03D0DBE0E0
:10509000734BBB64DBE0734BBB64D8E06F4B5B6866
:1050A00003F03F037B646D4B5B6803F48003002BCC
:1050B00063D06A4B5B689B090022BB63FA63BB6BDE
:1050C000C3F308033B6300237B63D7E90C45224607
:1050D0002B464FF000004FF00001590141EAD26128
:1050E000500102460B462146511A3961294663EBAD
:1050F00001037B614FF000024FF00003D7E904ABDE
:1051000059468B01514643EA916351468A01514603
:10511000B2EB0108594663EB01094FF000024FF072
:1051200000034FEAC90343EA58734FEAC8029046A6
:105130009946234618EB0303BB602B4649EB030358
:10514000FB604FF000024FF00003D7E9024529460B
:105150004B02214643EAD15321464A0210461946E2
:105160007B6C0022BB62FA62D7E90A23FBF71CFDC5
:1051700002460B461346FB6458E0384B5B689B09BC
:10518000002218461146C0F308033B6200237B62ED
:10519000D7E9088942464B464FF000004FF0000126
:1051A000590141EAD261500102460B464146B2EB39
:1051B000010A494663EB010B4FF000024FF0000378
:1051C0004FEA8B1343EA9A634FEA8A12B2EB0A045E
:1051D00063EB0B054FF000024FF00003EB0043EAD6
:1051E0005473E20014461D464346E3183B604B46A9
:1051F00045EB03037B604FF000024FF00003D7E95B
:10520000004529468B02214643EA915321468A02F2
:10521000104619467B6C0022BB61FA61D7E9062370
:10522000FBF7C2FC02460B461346FB640B4B5B6864
:105230001B0C03F0030301335B003B64FA6C3B6C13
:10524000B2FBF3F3BB6402E0054BBB6400BFBB6C75
:1052500018465037BD46BDE8B08F00BF0038024049
:105260000024F40000127A0080B400AF034B1B68E6
:105270001846BD465DF8047B704700BF1000002053
:1052800080B500AFFFF7F0FF0246054B9B689B0A15
:1052900003F007030349CB5C22FA03F3184680BDF1
:1052A000003802401093000880B582B000AF7860EB
:1052B0007B68002B01D1012341E07B6893F83D30EE
:1052C000DBB2002B06D17B68002283F83C20786893
:1052D000FCF7EAFF7B68022283F83D207B681A68AE
:1052E0007B6804331946104600F000FD7B680122FC
:1052F00083F846207B68012283F83E207B680122E8
:1053000083F83F207B68012283F840207B680122DC
:1053100083F841207B68012283F842207B680122C8
:1053200083F843207B68012283F844207B680122B4
:1053300083F845207B68012283F83D20002318462E
:105340000837BD4680BD000080B485B000AF7860EE
:105350007B6893F83D30DBB2012B01D001234EE096
:105360007B68022283F83D207B681B68DA687B68D3
:105370001B6842F00102DA607B681B68234A934293
:1053800022D07B681B68B3F1804F1DD07B681B68FF
:105390001F4A934218D07B681B681E4A934213D061
:1053A0007B681B681C4A93420ED07B681B681B4AB3
:1053B000934209D07B681B68194A934204D07B68EA
:1053C0001B68184A934211D17B681B689B6803F0E5
:1053D0000703FB60FB68062B10D07B681B681A680C
:1053E0007B681B6842F001021A6007E07B681B685B
:1053F0001A687B681B6842F001021A600023184695
:105400001437BD465DF8047B704700BF00000140C3
:105410000004004000080040000C0040000401406F
:10542000004001400018004080B483B000AF7860B5
:105430007B681B68DA687B681B6822F00102DA600F
:105440007B681B681A6A41F211131340002B0FD1BD
:105450007B681B681A6A40F244431340002B07D153
:105460007B681B681A687B681B6822F001021A605F
:105470007B68012283F83D20002318460C37BD4687
:105480005DF8047B704780B582B000AF78607B68C0
:10549000002B01D1012341E07B6893F83D30DBB262
:1054A000002B06D17B68002283F83C20786800F04E
:1054B00039F87B68022283F83D207B681A687B6894
:1054C00004331946104600F011FC7B68012283F872
:1054D00046207B68012283F83E207B68012283F806
:1054E0003F207B68012283F840207B68012283F8FB
:1054F00041207B68012283F842207B68012283F8E7
:1055000043207B68012283F844207B68012283F8D2
:1055100045207B68012283F83D2000231846083788
:10552000BD4680BD80B483B000AF786000BF0C374B
:10553000BD465DF8047B704780B584B000AF7860ED
:1055400039603B68002B09D17B6893F83E30DBB2B1
:10555000012B14BF01230023DBB222E03B68042BA4
:1055600009D17B6893F83F30DBB2012B14BF0123D4
:105570000023DBB215E03B68082B09D17B6893F868
:105580004030DBB2012B14BF01230023DBB208E063
:105590007B6893F84130DBB2012B14BF0123002359
:1055A000DBB2002B01D001237CE03B68002B04D14F
:1055B0007B68022283F83E2013E03B68042B04D171
:1055C0007B68022283F83F200BE03B68082B04D164
:1055D0007B68022283F8402003E07B68022283F884
:1055E00041207B681B6801223968184600F06EFE76
:1055F0007B681B682D4A934204D07B681B682C4A49
:10560000934201D1012300E00023002B07D07B68E7
:105610001B685A6C7B681B6842F400425A647B68C2
:105620001B68224A934222D07B681B68B3F1804FEB
:105630001DD07B681B681F4A934218D07B681B688B
:105640001D4A934213D07B681B681C4A93420ED0BC
:105650007B681B68164A934209D07B681B68184A0E
:10566000934204D07B681B68164A934211D17B6831
:105670001B689B6803F00703FB60FB68062B10D0D8
:105680007B681B681A687B681B6842F001021A601D
:1056900007E07B681B681A687B681B6842F00102A0
:1056A0001A60002318461037BD4680BD0000014037
:1056B000000401400004004000080040000C0040CD
:1056C000004001400018004080B582B000AF786013
:1056D00039607B681B6800223968184600F0F6FDC7
:1056E0007B681B682E4A934204D07B681B682D4A56
:1056F000934201D1012300E00023002B17D07B68E7
:105700001B681A6A41F211131340002B0FD17B68FA
:105710001B681A6A40F244431340002B07D17B6890
:105720001B685A6C7B681B6822F400425A647B68D1
:105730001B681A6A41F211131340002B0FD17B68CA
:105740001B681A6A40F244431340002B07D17B6860
:105750001B681A687B681B6822F001021A603B68AC
:10576000002B04D17B68012283F83E2013E03B68C4
:10577000042B04D17B68012283F83F200BE03B68B7
:10578000082B04D17B68012283F8402003E07B686A
:10579000012283F84120002318460837BD4680BD0A
:1057A000000001400004014080B584B000AF786083
:1057B0007B681B68DB68FB607B681B681B69BB60E0
:1057C000BB6803F00203002B20D0FB6803F0020348
:1057D000002B1BD07B681B686FF002021A617B688C
:1057E00001221A777B681B689B6903F00303002B77
:1057F00003D0786800F05BFA05E0786800F04DFAB5
:10580000786800F05EFA7B6800221A77BB6803F0C4
:105810000403002B20D0FB6803F00403002B1BD0F3
:105820007B681B686FF004021A617B6802221A779A
:105830007B681B689B6903F44073002B03D0786876
:1058400000F035FA05E0786800F027FA786800F093
:1058500038FA7B6800221A77BB6803F00803002B34
:1058600020D0FB6803F00803002B1BD07B681B686B
:105870006FF008021A617B6804221A777B681B6844
:10588000DB6903F00303002B03D0786800F00FFA04
:1058900005E0786800F001FA786800F012FA7B6899
:1058A00000221A77BB6803F01003002B20D0FB689E
:1058B00003F01003002B1BD07B681B686FF01002F5
:1058C0001A617B6808221A777B681B68DB6903F41E
:1058D0004073002B03D0786800F0E9F905E07868A0
:1058E00000F0DBF9786800F0ECF97B6800221A77A9
:1058F000BB6803F00103002B0CD0FB6803F001032D
:10590000002B07D07B681B686FF001021A61786872
:10591000FBF70AFEBB6803F08003002B0CD0FB688A
:1059200003F08003002B07D07B681B686FF08002B8
:105930001A61786800F0C8FDBB6803F04003002BD3
:105940000CD0FB6803F04003002B07D07B681B687A
:105950006FF040021A61786800F0BDF9BB6803F08F
:105960002003002B0CD0FB6803F02003002B07D092
:105970007B681B686FF020021A61786800F09AFD5E
:1059800000BF1037BD4680BD80B586B000AFF8605F
:10599000B9607A600023FB75FB6893F83C30012BFB
:1059A00001D10223AEE0FB68012283F83C207B6832
:1059B0000C2B00F29F8001A252F823F0F15900084D
:1059C000F55A0008F55A0008F55A0008315A00083F
:1059D000F55A0008F55A0008F55A0008735A0008ED
:1059E000F55A0008F55A0008F55A0008B35A00089D
:1059F000FB681B68B968184600F01EFAFB681B6854
:105A00009A69FB681B6842F008029A61FB681B6890
:105A10009A69FB681B6822F004029A61FB681B68A4
:105A20009969BB681A69FB681B680A439A6164E05C
:105A3000FB681B68B968184600F06EFAFB681B68C3
:105A40009A69FB681B6842F400629A61FB681B68F4
:105A50009A69FB681B6822F480629A61FB681B6884
:105A60009969BB681B691A02FB681B680A439A6143
:105A700043E0FB681B68B968184600F0C3FAFB688E
:105A80001B68DA69FB681B6842F00802DA61FB6890
:105A90001B68DA69FB681B6822F00402DA61FB68A4
:105AA0001B68D969BB681A69FB681B680A43DA611D
:105AB00023E0FB681B68B968184600F017FBFB6819
:105AC0001B68DA69FB681B6842F40062DA61FB68F4
:105AD0001B68DA69FB681B6822F48062DA61FB6884
:105AE0001B68D969BB681B691A02FB681B680A43FB
:105AF000DA6102E00123FB7500BFFB68002283F836
:105B00003C20FB7D18461837BD4680BD80B584B06B
:105B100000AF786039600023FB737B6893F83C30FA
:105B2000012B01D10223B4E07B68012283F83C20E1
:105B30007B68022283F83D207B681B689B68BB6002
:105B4000BB6823F07703BB60BB6823F47F43BB6073
:105B50007B681B68BA689A603B681B68B3F5005F96
:105B60003ED0B3F5005F00F28780B3F5805F00F0B0
:105B70008680B3F5805F7FD8702B1AD0702B7BD8CE
:105B8000602B50D0602B77D8502B3CD0502B73D843
:105B9000402B58D0402B6FD8302B64D0302B6BD893
:105BA000202B60D0202B67D8002B5CD0102B5AD034
:105BB00062E07B6818683B6899683B685A683B6894
:105BC000DB6800F063FB7B681B689B68BB60BB689D
:105BD00043F07703BB607B681B68BA689A604FE04C
:105BE0007B6818683B6899683B685A683B68DB6863
:105BF00000F04CFB7B681B689A687B681B6842F46A
:105C000080429A603CE07B6818683B6859683B6852
:105C1000DB681A4600F0C0FA7B681B685021184602
:105C200000F019FB2CE07B6818683B6859683B68FA
:105C3000DB681A4600F0DFFA7B681B6860211846B3
:105C400000F009FB1CE07B6818683B6859683B68FA
:105C5000DB681A4600F0A0FA7B681B6840211846F2
:105C600000F0F9FA0CE07B681A683B681B6819467B
:105C7000104600F0F0FA03E00123FB7300E000BFE0
:105C80007B68012283F83D207B68002283F83C205A
:105C9000FB7B18461037BD4680BD80B483B000AF93
:105CA000786000BF0C37BD465DF8047B704780B458
:105CB00083B000AF786000BF0C37BD465DF8047B51
:105CC000704780B483B000AF786000BF0C37BD462A
:105CD0005DF8047B704780B483B000AF786000BF8C
:105CE0000C37BD465DF8047B7047000080B485B07A
:105CF00000AF786039607B681B68FB607B68434A53
:105D0000934213D07B68B3F1804F0FD07B68404A39
:105D100093420BD07B683F4A934207D07B683E4A50
:105D2000934203D07B683D4A934208D1FB6823F03D
:105D30007003FB603B685B68FA681343FB607B6839
:105D4000324A93422BD07B68B3F1804F27D07B68D7
:105D50002F4A934223D07B682E4A93421FD07B6800
:105D60002D4A93421BD07B682C4A934217D07B6804
:105D70002B4A934213D07B682A4A93420FD07B6808
:105D8000294A93420BD07B68284A934207D07B680C
:105D9000274A934203D07B68264A934208D1FB6886
:105DA00023F44073FB603B68DB68FA681343FB60D5
:105DB000FB6823F080023B685B691343FB603B6830
:105DC0009A687B68DA623B681A687B689A627B68CB
:105DD0000E4A934203D07B68104A934203D13B683A
:105DE0001A697B681A637B681B6843F004027B684E
:105DF0001A607B6801225A617B68FA681A6000BFEA
:105E00001437BD465DF8047B704700BF00000140B9
:105E10000004004000080040000C00400004014065
:105E2000004001400044014000480140001800408B
:105E3000001C00400020004080B487B000AF7860B4
:105E400039607B681B6A7B617B681B6A23F00102F7
:105E50007B681A627B685B683B617B689B69FB605F
:105E6000FB6823F07003FB60FB6823F00303FB6017
:105E70003B681B68FA681343FB607B6923F00203ED
:105E80007B613B689B687A6913437B617B68204A2E
:105E9000934203D07B681F4A93420CD17B6923F065
:105EA00008037B613B68DB687A6913437B617B692C
:105EB00023F004037B617B68154A934203D07B681F
:105EC000144A934211D13B6923F480733B613B69CF
:105ED00023F400733B613B685B693A6913433B61A0
:105EE0003B689B693A6913433B617B683A695A6036
:105EF0007B68FA689A613B685A687B685A637B687A
:105F00007A691A6200BF1C37BD465DF8047B704792
:105F1000000001400004014080B487B000AF786009
:105F200039607B681B6A7B617B681B6A23F0100207
:105F30007B681A627B685B683B617B689B69FB607E
:105F4000FB6823F4E043FB60FB6823F44073FB60D1
:105F50003B681B681B02FA681343FB607B6923F0F4
:105F600020037B613B689B681B017A6913437B615B
:105F70007B68224A934203D07B68214A93420DD129
:105F80007B6923F080037B613B68DB681B017A69D6
:105F900013437B617B6923F040037B617B68174A75
:105FA000934203D07B68164A934213D13B6923F492
:105FB00080633B613B6923F400633B613B685B6941
:105FC0009B003A6913433B613B689B699B003A69BC
:105FD00013433B617B683A695A607B68FA689A614F
:105FE0003B685A687B689A637B687A691A6200BF6B
:105FF0001C37BD465DF8047B704700BF00000140C0
:106000000004014080B487B000AF786039607B68DD
:106010001B6A7B617B681B6A23F480727B681A624F
:106020007B685B683B617B68DB69FB60FB6823F036
:106030007003FB60FB6823F00303FB603B681B6895
:10604000FA681343FB607B6923F400737B613B6850
:106050009B681B027A6913437B617B68214A9342E8
:1060600003D07B68204A93420DD17B6923F40063FF
:106070007B613B68DB681B027A6913437B617B6948
:1060800023F480637B617B68164A934203D07B686C
:10609000154A934213D13B6923F480533B613B691A
:1060A00023F400533B613B685B691B013A6913436E
:1060B0003B613B689B691B013A6913433B617B6809
:1060C0003A695A607B68FA68DA613B685A687B68AB
:1060D000DA637B687A691A6200BF1C37BD465DF8D7
:1060E000047B7047000001400004014080B487B089
:1060F00000AF786039607B681B6A3B617B681B6A14
:1061000023F480527B681A627B685B687B617B68E2
:10611000DB69FB60FB6823F4E043FB60FB6823F46E
:106120004073FB603B681B681B02FA681343FB600B
:106130003B6923F400533B613B689B681B033A694E
:1061400013433B617B68124A934203D07B68114A38
:10615000934209D17B6923F480437B613B685B698F
:106160009B017A6913437B617B687A695A607B681B
:10617000FA68DA613B685A687B681A647B683A6936
:106180001A6200BF1C37BD465DF8047B704700BF34
:10619000000001400004014080B487B000AFF86007
:1061A000B9607A60FB681B6A7B61FB681B6A23F03D
:1061B0000102FB681A62FB689B693B613B6923F043
:1061C000F0033B617B681B013A6913433B617B69C8
:1061D00023F00A037B617A69BB6813437B61FB6828
:1061E0003A699A61FB687A691A6200BF1C37BD463A
:1061F0005DF8047B704780B487B000AFF860B96089
:106200007A60FB681B6A7B61FB681B6A23F01002E3
:10621000FB681A62FB689B693B613B6923F470432E
:106220003B617B681B033A6913433B617B6923F045
:10623000A0037B61BB681B017A6913437B61FB6828
:106240003A699A61FB687A691A6200BF1C37BD46D9
:106250005DF8047B704780B485B000AF786039602A
:106260007B689B68FB60FB6823F07003FB603A6807
:10627000FB68134343F00703FB607B68FA689A608E
:1062800000BF1437BD465DF8047B704780B487B00B
:1062900000AFF860B9607A603B60FB689B687B6127
:1062A0007B6923F47F437B613B681A027B681A4356
:1062B000BB6813437A6913437B61FB687A699A6010
:1062C00000BF1C37BD465DF8047B704780B487B0C3
:1062D00000AFF860B9607A60BB6803F01F03012269
:1062E00002FA03F37B61FB681A6A7B69DB431A409D
:1062F000FB681A62FB681A6ABB6803F01F037968BF
:1063000001FA03F31A43FB681A6200BF1C37BD464B
:106310005DF8047B7047000080B485B000AF786002
:1063200039607B6893F83C30012B01D102235AE09D
:106330007B68012283F83C207B68022283F83D20A1
:106340007B681B685B68FB607B681B689B68BB6045
:10635000FB6823F07003FB603B681B68FA6813431B
:10636000FB607B681B68FA685A607B681B68214A7F
:10637000934222D07B681B68B3F1804F1DD07B68AD
:106380001B681D4A934218D07B681B681B4A9342C6
:1063900013D07B681B681A4A93420ED07B681B6837
:1063A000184A934209D07B681B68174A934204D06D
:1063B0007B681B68154A93420CD1BB6823F08003AD
:1063C000BB603B685B68BA681343BB607B681B6853
:1063D000BA689A607B68012283F83D207B680022BE
:1063E00083F83C20002318461437BD465DF8047B33
:1063F000704700BF0000014000040040000800405A
:10640000000C004000040140004001400018004022
:1064100080B485B000AF786039600023FB607B6892
:1064200093F83C30012B01D102233DE07B6801222F
:1064300083F83C20FB6823F0FF023B68DB681343D2
:10644000FB60FB6823F440723B689B681343FB606E
:10645000FB6823F480623B685B681343FB60FB6866
:1064600023F400623B681B681343FB60FB6823F462
:1064700080523B681B691343FB60FB6823F40052A6
:106480003B685B691343FB60FB6823F480423B6815
:10649000DB691343FB607B681B68FA685A647B689E
:1064A000002283F83C20002318461437BD465DF8CF
:1064B000047B704780B483B000AF786000BF0C37B6
:1064C000BD465DF8047B704780B483B000AF786050
:1064D00000BF0C37BD465DF8047B70472DE9FF47D0
:1064E00057EC106B002F0C4619463B46BBBF07F11B
:1064F00000431F4600232D230B700D9BDDF830A0B9
:10650000914623F02008BCBF32461646B8F1460F2C
:1065100005D0B8F1450F00D10134022100E003217C
:1065200003AB019302AB009347EC106B534622463A
:1065300000F06EFEB8F1470F054619D119F0010FB2
:106540000ED000EB04090022002330463946FAF74A
:10655000BBFA08B1CDF80C903022039B4B451ED3FB
:10656000039B0E9A5B1B2846136004B0BDE8F087BE
:10657000B8F1460F00EB0409E5D10378302B0AD1BE
:106580000022002330463946FAF79EFA18B9C4F1C2
:106590000104CAF80040DAF800309944D3E7591CE6
:1065A00003911A70D9E7F7B50029BABF49422D23E4
:1065B0002B2309290270437029DD0DF107031D46C5
:1065C0000A271A46B1FBF7F607FB1614303402F817
:1065D000014C0C46632C03F1FF333146F1DC3031C2
:1065E000941E03F8011C411C2346AB420AD30DF153
:1065F00009039B1AAC4288BF002302330344181AD4
:1066000003B0F0BD13F8016B01F8016FEDE7302323
:1066100030318370C170031DF1E700002DE9F04FA8
:106620008DB00C46DDF8588016461F46054600F032
:10663000EFFC036804931846F9F71AFE00230A9347
:10664000D8F800300590073323F0070303F1080260
:1066500094F818A0D4F800B0C8F80020D3E9008955
:1066600029F000430793CDF81880C4E91289DDE9C9
:1066700006019C4B4FF0FF32FAF758FA70BBDDE988
:106680000601984B4FF0FF32FAF732FA30BB002286
:10669000002340464946FAF721FA10B12D2384F829
:1066A0004330914A914BBAF1470F8CBF90469846C0
:1066B000032323612BF0040323604FF000090097AC
:1066C00033460BAA2146284600F0D2F9013040F0AB
:1066D0008D804FF0FF300DB0BDE8F08F42464B4645
:1066E00040464946FAF722FA40B14B46002BBCBF60
:1066F0002D2384F843307E4A7E4BD4E763680AF04A
:10670000DF0206925A1C3BD1062363604BF4806281
:106710000023226003930AABCDE901A309AB0093E8
:10672000616849EC108B0DF123032846FFF7D6FE74
:10673000069B0999472B804629D1C81C02DB636858
:10674000994241DDAAF1020A5FFA8AFA01395246FA
:1067500004F150000991FFF726FF0A9A1318012A45
:106760008146236102DC2268D20701D5013323610F
:106770009DF82330002BA2D02D2384F843309EE7D0
:10678000069A472AC2D1002BC0D10123BDE7BAF136
:10679000650FDBD9BAF1660F18D1002963680BDDEC
:1067A000216113B92268D00702D501330B4423615C
:1067B000A1654FF00009DBE713B92268D20701D5C4
:1067C0000233F4E70123F2E74FF0670A0A9B99428C
:1067D00005DB23682161D807EAD54B1CE7E70029D0
:1067E000D4BFC1F1020201221344E0E723685A0535
:1067F00007D42369424631462846B84701302BD199
:1068000067E7BAF1650F40F2DD80D4E9120100229A
:106810000023FAF759F9002833D0374A01233146CB
:106820002846B84701303FF454AFDDE90938434505
:1068300002DB2368D8070FD5DDE90423314628465B
:10684000B84701303FF445AF4FF0000908F1FF3879
:1068500004F11A0AC84509DC23689B0700F103818B
:10686000E0680B9B9842B8BF184634E701235246B4
:1068700031462846B84701303FF42BAF09F10109F2
:10688000E8E7099B002B39DC1B4A012331462846E7
:10689000B84701303FF41DAFDDE9093959EA030378
:1068A00002D12368D907D7D5DDE90423314628462C
:1068B000B84701303FF40DAF4FF0000A04F11A0B56
:1068C000099B5B42534501DC4B4693E701235A4643
:1068D00031462846B84701303FF4FBAE0AF1010AC1
:1068E000EEE700BFFFFFEF7F24930008209300082E
:1068F0002C9300082893000830930008A36DDDF85E
:1069000028A05345A8BF5346002B994636DC4FF0CC
:10691000000B29EAE97904F11A02A36D0693A3EBAF
:1069200009035B4531DC099B9A453ADC2368DA07A9
:1069300037D4099BAAEB0309069BAAEB03039945ED
:10694000A8BF9946B9F1000F33DC4FF0000829EADF
:10695000E97904F11A0B099BAAEB0303A3EB0903E2
:1069600043457FF779AF01235A4631462846B84759
:1069700001303FF4AEAE08F10108ECE74246314683
:106980002846B8470130C2D1A3E601233146284644
:106990000692B84701303FF49CAE069A0BF1010B0A
:1069A000BBE7DDE9042331462846B8470130C0D1B2
:1069B0008FE6069A4B46424431462846B847013096
:1069C000C3D186E6DDF828A0BAF1010F01DCDB07B0
:1069D00036D50123424631462846B84701303FF4B8
:1069E00078AEDDE9042331462846B84701303FF44C
:1069F00070AED4E91201002200230AF1FF3AFAF73F
:106A000063F8C0B9534608F1010231462846B84739
:106A100001300CD15DE601235A4631462846B8477D
:106A200001303FF456AE08F10108D045F3DB4B4688
:106A300004F15002DFE64FF0000804F11A0BF4E70E
:106A400001234246E1E701234A4631462846B8473A
:106A500001303FF43EAE08F10108E3680B995B1A80
:106A60004345F0DCFCE64FF0000804F11909F4E7B7
:106A70002DE9F047164698468A680B69DDF82090A4
:106A80009342B8BF1346336091F8432007460C4643
:106A90000AB1013333602368990642BF3368023379
:106AA0003360256815F0060506D104F1190AE3687C
:106AB00032689B1AAB4226DC94F843302268003BD4
:106AC00018BF012392062BD404F1430241463846F5
:106AD000C84701301ED02368226903F00603042B47
:106AE00002BFE5683368ED1AA3680CBF25EAE575B7
:106AF00000259342C4BF9B1AED1800261A34B542F4
:106B00001AD1002008E00123524641463846C847C2
:106B1000013003D14FF0FF30BDE8F0870135C6E703
:106B2000E1185A1C302081F84300224494F84510A3
:106B300082F843100233C7E7012322464146384614
:106B4000C8470130E6D00136D9E700002DE9FF47FC
:106B50000F7E0C9E782F914680460C469A4601F196
:106B6000430207D8622F0AD8002F00F0D180582F97
:106B700000F0B88004F1420684F842703AE0A7F1D0
:106B80006303152BF6D801A151F823F0E56B00083B
:106B9000F96B0008756B0008756B0008756B0008D1
:106BA000756B0008F96B0008756B0008756B0008C1
:106BB000756B0008756B0008F76C0008236C000803
:106BC000B16C0008756B0008756B0008196D000842
:106BD000756B0008236C0008756B0008756B000866
:106BE000B96C000833681A1D1B68326004F1420654
:106BF00084F8423001239CE033682068191D31601D
:106C0000060601D51D6803E04506FBD5B3F9005023
:106C1000002D03DA2D236D4284F8433058480A23AF
:106C200011E021683368080653F8045B02D4490672
:106C300048BFADB26F2F5248336014BF0A230823F8
:106C4000002184F843106668A660002E05DB2168E9
:106C50002E4321F0040121604BD01646B5FBF3F121
:106C600003FB1157C75D06F8017D2F46BB420D4659
:106C7000F4D9082B0BD12368DF0708D52369616895
:106C80009942DEBF302306F8013C06F1FF36921B25
:106C90002261CDF800A04B4603AA21464046FFF7EB
:106CA000E7FE01304AD14FF0FF3004B0BDE8F08775
:106CB000236843F0200323603248782784F8457026
:106CC000236831681F0651F8045B02D45F0648BF91
:106CD000ADB23160D90744BF43F0200323601DB13A
:106CE0001023ADE72648E9E7236823F0200323605B
:106CF000F6E71646BDE7336825686169181D306000
:106D00002E061B6801D5196002E06806FBD51980C4
:106D1000002323611646BCE733681A1D32601E68E3
:106D2000626800213046F9F753FA08B1801B6060B1
:106D300063682361002384F84330AAE7236932465D
:106D400049464046D0470130ADD023689B0713D455
:106D5000E068039B9842B8BF1846A6E70123324675
:106D600049464046D04701309DD00135E36803993C
:106D70005B1AAB42F2DCEBE7002504F11906F5E7FC
:106D80003293000843930008002310B50446C0E97D
:106D90000033C0E90433836081814366C28183612B
:106DA000194608225C3000F02AF90D4B63620D4B46
:106DB000A3620D4BE3620D4B23630D4B24629C4297
:106DC00006D003F16802944202D0D0339C4205D130
:106DD00004F15800BDE8104000F08EB910BD00BFAE
:106DE000796F00089B6F0008D36F0008F76F0008E9
:106DF0005C040020024A0349034800F069B800BF60
:106E00001C0000205D8A00082C00002041680C4B0B
:106E1000994210B5044601D001F020FEA168094B4B
:106E2000994202D0204601F019FEE168064B9942D2
:106E300004D02046BDE8104001F010BE10BD00BFD8
:106E40005C040020C40400202C05002010B50B4B6E
:106E50000B4C0C4A1A60204600220421FFF794FFD5
:106E600004F1680001220921FFF78EFF04F1D00030
:106E70000222BDE810401221FFF786BF94050020D2
:106E80005C040020F56D0008014800F036B900BF31
:106E90009D050020014800F031B900BF9D0500208C
:106EA00010B50446FFF7F0FF236A1BB1BDE81040A0
:106EB000FFF7F0BF044B2362044B1B68002BF5D196
:106EC000FFF7C4FFF2E700BF0D6E00089405002035
:106ED0002DE9F8430746884614460026D4E9019573
:106EE000B9F1010905D52468002CF7D13046BDE879
:106EF000F883AB89012B07D9B5F90E30013303D0E4
:106F000029463846C04706436835E9E70CB430B532
:106F1000184B0C1E1D689DB008DA8B232B604FF0B8
:106F2000FF301DB0BDE8304002B070474FF402732F
:106F3000ADF814304FF000031B9314BF04F1FF337E
:106F40002346049307934FF6FF7302900690ADF823
:106F50001630209A21AB02A92846019301F0FEFBCE
:106F6000431CBCBF8B232B60002CDAD0029B002279
:106F70001A70D6E72800002010B50C46B1F90E10A3
:106F800000F06CF80028ABBF636DA3891B1823F4D5
:106F90008053ACBF6365A38110BD2DE9F0411F464E
:106FA0008B89DB0505460C46164605D5B1F90E1052
:106FB0000223002200F040F8A389B4F90E1023F454
:106FC0008053A38132463B462846BDE8F04100F09D
:106FD00057B810B50C46B1F90E1000F02DF8431C4F
:106FE000A38915BF606523F4805343F48053A381C4
:106FF00018BFA38110BDB1F90E1000F00DB8024406
:107000000346934200D1704703F8011BF9E70000E3
:10701000004870476801002038B5064D002304463B
:1070200008462B60FBF7B2FA431C02D12B6803B170
:10703000236038BD9805002038B5074D0446084642
:10704000114600222A601A46FBF7C7FA431C02D1F8
:107050002B6803B1236038BD9805002038B5074D73
:1070600004460846114600222A601A46FBF755FAE4
:10707000431C02D12B6803B1236038BD9805002062
:1070800038B5074D04460846114600222A601A46C4
:10709000FBF760FA431C02D12B6803B1236038BDB3
:1070A00098050020014B1868704700BF2800002099
:1070B00070B50D4D0D4C641BA4100026A64209D1DD
:1070C0000B4D0C4C02F068F8641BA4100026A6427D
:1070D00005D170BD55F8043B98470136EEE755F8E9
:1070E000043B98470136F2E79C9600089C960008FE
:1070F0009C960008A09600087047704770472DE9DD
:10710000F74F03690C69A34207467EDB013C01F19E
:107110001408A30000F11405009305EB8403019308
:1071200058F8243055F8242001339A4208EB84099A
:10713000B2FBF3F62ED34FF0000AC446AE46D34658
:107140005CF8043B98B206FB00A0020C1B0C06FB8B
:107150000323DEF8002080B292B2121A5A44DEF8FD
:1071600000004FEA134A9BB2C3EB224303EB1043E8
:1071700092B242EA0342E1454EF8042B4FEA234B18
:10718000DED2009BEB582BB9019B043B9D421A4673
:107190002FD33C61384601F07DF9002825DB2946D4
:1071A000002058F8042BD1F800C01FFA82FE1FFA05
:1071B0008CF3A3EB0E030344120CC2EB234202EB4D
:1071C0001C429BB243EA0243C14541F8043B4FEAEB
:1071D0002240E6D255F8242005EB840322B9043B73
:1071E0009D421A460BD33C610136304603B0BDE8E0
:1071F000F08F1268043B002ACBD1013CC6E712682D
:10720000043B002AEFD1013CEAE70020EEE7000052
:107210002DE9F04FC76997B08DED040B55EC104B7D
:10722000209E079181460C9211937FB9102000F0A7
:1072300009FE0246C9F81C0020B9A94BEF21A94854
:1072400001F06CFCC0E901770760C760D9F81C3019
:10725000196859B15A684A60012393408B604846C7
:1072600000F0E6FED9F81C3000221A602B1EB9BFD0
:1072700023F00043059300233360059F9A4BBCBF66
:1072800001223260BB4312D1119A42F20F73136094
:10729000C7F31303234300F05A85219BDFF85CA258
:1072A000002B00F05C850AF1030300F056BD9DED54
:1072B000047B002251EC170B00238DED0A7BF9F7BC
:1072C00003FC804658B1119A01231360219B13B12E
:1072D000219A864B1360DFF828A200F040BD9DED97
:1072E0000A0B14AA15A9484601F084F9C7F30A56F7
:1072F0000290002E78D00B9BCDF84880C3F3130387
:10730000DDE90A0143F07F5343F44013A6F2FF3650
:1073100019460022764BF8F7B7FF6BA3D3E9002399
:10732000F9F76AF96AA3D3E90023F8F7AFFF044637
:1073300030460D46F9F7F6F867A3D3E90023F9F7CD
:107340005BF902460B4620462946F8F79FFF0446A4
:107350000D46F9F701FC0022074600232046294686
:10736000F9F7BCFB40B13846F9F7DCF822462B466A
:10737000F9F7AAFB00B9013F162F52D85D4B03EB7A
:10738000C703D3E90023DDE90A01F9F7A7FB0028C9
:1073900049D0013F00231093149B9B1B5A1E45BFED
:1073A000C3F10103009300230023069254BF00930E
:1073B0000693002F39DB069B0D973B440693002371
:1073C0000893079B092B63D8052BC4BF043B079385
:1073D000079BA3F10203CCBF00240124032B63D835
:1073E000DFE803F05254372BDDE914631E4406F244
:1073F0003243202BC1BFC3F140039F4006F212432A
:1074000024FA03F3D6BFC3F1200347EA030004FACA
:1074100003F0F9F777F80122A1F1F873013E129217
:1074200076E70123B7E71090B6E7009BDB1B0093DC
:107430007B42089300230D93C3E7012309930C9B20
:1074400007EB030B0BF10103012B0393B8BF0123DF
:1074500006E0012309930C9B002B28DD9B46039338
:10746000D9F81C000021042202F114059D4226D9FE
:107470004160484600F09CFD8246002842D11E4BE8
:10748000024640F2AF11DAE60023E3E70023D5E736
:1074900001240023079309944FF0FF3B0022CDF80D
:1074A0000CB012230C92DBE701230993F4E74FF0B1
:1074B000010BCDF80CB05B46CDF830B0D0E7013110
:1074C0005200D1E7AFF3008061436F63A787D23FDB
:1074D000B3C8608B288AC63FFB799F501344D33FC3
:1074E00061930008789300080000F07F3193000852
:1074F0000000F83FC8940008D09300085D9300088E
:1075000030930008D9F81C301860039B0E2B00F252
:10751000A180002C00F09E80002F33DD9C4B07F0F3
:107520000F0203EBC20393ED007BF8058DED0E7B9C
:107530004FEA271416D5974BDDE90A01D3E9082352
:10754000F9F784F9CDE9040104F00F040326914D05
:1075500054B9DDE90E23DDE90401F9F777F9CDE946
:10756000040128E00226F2E7E10708D5DDE90E0173
:10757000D5E90023F9F740F8CDE90E010136641092
:107580000835E5E700F0AF807C42814B814D04F087
:107590000F0203EBC203D3E90023DDE90A01F9F787
:1075A0002BF8CDE90401241100230226002C40F021
:1075B0008F80002BD3D1109BDDE90445002B00F018
:1075C0009480754B002220462946F9F787FA002857
:1075D00000F08B80039B002B00F08780BBF1000F35
:1075E00034DD20466D4B00222946F9F705F8CDE938
:1075F000040107F1FF3801365C463046F8F792FF88
:10760000DDE90423F8F7F8FF654B0022F8F73EFEAA
:107610000546A1F15076002C6AD1DDE90401614BE9
:107620000022F8F731FE02460B46CDE904232A4634
:107630003346F9F771FA002840F09882DDE9040139
:107640002A4606F10043F9F749FA38BBDDE90A3466
:10765000CDE90434159B002BC0F257810E2F00F3A7
:1076600054814B4B03EBC70393ED007B0C9B002B2A
:107670008DED007B80F2E580039B002B00F3E18021
:107680000CD1484B002251EC170BF8F7B5FFDDE9A0
:107690000423F9F737FA002800F066820024254613
:1076A0000C9B56466FEA030800272146484600F027
:1076B000BFFC002D00F0BD802FB1AF4203D0394692
:1076C000484600F0B5FC2946484600F0B1FCB0E061
:1076D000E20705D5D5E90023F8F78EFF013601232F
:1076E0006410083562E7022665E7039CB84684E724
:1076F000274B099903EBC40353E90223544400299F
:1077000054D029490020F9F7A1F833462A46F8F762
:10771000BBFDCDE90E015646DDE90401F9F71CFA7F
:107720000546F8F7FFFE02460B46DDE90401F8F7CF
:10773000ABFD303502460B46CDE9042306F8015B6C
:10774000DDE90E23F9F7CAF9002872D1DDE9042337
:1077500011490020F8F798FDDDE90E23F9F7BEF98D
:10776000002840F0B480A6423FF470AFDDE90E017E
:107770000A4B0022F8F740FF084BCDE90E0100222A
:10778000DDE90401F8F738FFCDE90401C4E700BFE3
:10779000C8940008A09400080000F03F00002440B6
:1077A00000001C40000014400000E03F3146284625
:1077B000F8F722FFCDE90E0113945646DDE90401E6
:1077C000F9F7CAF90546F8F7ADFE02460B46DDE9C2
:1077D0000401F8F759FD303506F8015B02460B4607
:1077E000A642CDE904234FF0000224D1AF4BDDE9DE
:1077F0000E01F8F74BFD02460B46DDE90401F9F7EF
:107800008BF9002863D1DDE90E23A8490020F8F7A1
:107810003BFD02460B46DDE90401F9F75FF900285C
:107820003FF414AF139E731E139316F8013C302BD4
:10783000F8D047463BE09E4BF8F7DEFECDE9040169
:10784000BCE7DDE904455646DDE90023204629462C
:10785000F8F7FCFFF9F780F98046F8F763FEDDE9F9
:107860000023F8F7C9FE02460B462046294608F1D8
:107870003004F8F709FD06F8014B039DA6EB0A0456
:10788000A54202460B4633D1F8F700FDDDE900239F
:1078900004460D46F9F740F9C0B9DDE9002320465A
:1078A0002946F9F711F910B118F0010F0ED102991C
:1078B000484600F0BDFB00233370119B01371F6069
:1078C000219B002B00F04B821E6048E2B8463346F5
:1078D0001E4613F8012D392A06D19A45F8D13022D7
:1078E00008F101088AF800201A7801321A70A0E71E
:1078F0006F4B0022F8F780FE0022002304460D465D
:10790000F9F7E2F800289FD0D1E7099A002A00F0A1
:10791000EA80079A012A00F3CD80129A002A00F02B
:10792000C18003F23343089C009E009A1A440092DF
:10793000069A01211A444846069200F02DFC05469D
:1079400066B1069B002B09DDB342009AA8BF3346FF
:10795000D21A0092069AF61AD31A0693089B0BB312
:10796000099B002B00F0C680002C00F0C080294647
:107970002246484600F0C8FC029A014605464846A1
:1079800000F020FC02998046484600F051FB089B1D
:107990001B1B089300F0B180089A4146484600F04E
:1079A000B3FC02900121484600F0F6FB0D9B044613
:1079B000002B00F0D8811A460146484600F0A4FC8E
:1079C000079B012B044600F39F80049B002B40F093
:1079D0009780059BC3F31303002B40F09380059B16
:1079E00023F000431B0D1B0533B1009B01330093B3
:1079F000069B01330693012308930D9B002B00F097
:107A0000B881236904EB8303186900F079FBC0F1A6
:107A10002000069B184410F01F0000F08280C0F187
:107A20002003042B73DD009BC0F11C000344009372
:107A3000069B034406440693009B002B05DD029938
:107A40001A46484600F0BAFC0290069B002B05DD62
:107A500021461A46484600F0B1FC0446109B002B14
:107A600061D00298214600F015FD00285BDA002362
:107A700002990A22484600F0FDFA099B029007F19C
:107A8000FF38002B00F07781294600230A22484660
:107A900000F0F0FABBF1000F05466FDC079B022BEC
:107AA00049DC6BE0149BC3F136033CE70000E03F88
:107AB00000002440039B5C1E089BA34209DB1C1BA7
:107AC000039B002BBFF630AF009B039A9E1A002346
:107AD0002BE7089B0D9A0894E31A1A44009E039B17
:107AE0000D92002421E7089C009E099D28E7DDF8FF
:107AF000088051E7089A029950E7CDF8088051E7CD
:107B0000002379E7049B77E70023089379E793D074
:107B1000009A1C331A440092069A1A441E44069294
:107B20008AE70346F4E7039B002BB84620DC9B461C
:107B3000079B022B1EDDBBF1000F7FF4B1AD214688
:107B40005B460522484600F095FA01460446029835
:107B500000F0A0FC00287FF7A3AD5646312306F8BD
:107B6000013B08F101089FE5039CB8462546F4E770
:107B7000DDF80CB0099B002B00F00181002E05DD23
:107B800029463246484600F019FC0546089B002B62
:107B90005CD06968484600F00BFA064628B9824B6B
:107BA000024640F2EF21FFF74ABB2A6902329200F7
:107BB00005F10C010C3000F0A3FF012231464846CC
:107BC00000F0FCFB0AF1010300930AEB0B0308939E
:107BD000049B03F001032F4606930546009B029881
:107BE000214603F1FF3BFFF78AFA03463033039047
:107BF00039460298099300F04DFC2A46049021462C
:107C0000484600F063FCC268099B064602BB014679
:107C1000029800F03FFC099B0246314648460C9210
:107C2000099300F005FA079B0C9A009E42EA0301B3
:107C3000069B1943099B0DD1392B27D0049A002AA2
:107C400001DD039B31338BF800302EE52846B9E780
:107C50000122E2E70499002904DB07980143069812
:107C6000014320D1002AEEDD02990093012248460B
:107C700000F0A4FB2146029000F00CFC0028009BC1
:107C800002DCE0D1DA07DED5392BDAD139238BF8E3
:107C9000003033461E46013B16F8012C392A4ED0DF
:107CA00001321A7001E5002A03DD392BEED00133D1
:107CB000C9E7009A089902F8013C8A4228D0029943
:107CC00000230A22484600F0D5F9AF4202904FF057
:107CD00000034FF00A023946484607D100F0CAF9BE
:107CE00007460546009B0133009377E700F0C2F991
:107CF0002946074600230A22484600F0BBF90546FC
:107D0000F0E7BBF1000FCCBF5E46012656440027CA
:107D1000029900930122484600F050FB2146029050
:107D200000F0B8FB0028B4DC02D1009BDB07B0D424
:107D300033461E4613F8012D302AFAD0B5E49A4591
:107D4000A8D1312308F101088AF80030ADE4219B65
:107D5000DFF858A01BB10AF10803219A13605046BE
:107D600017B0BDE8F08F079B012B7FF72EAE0D9B60
:107D7000089301204DE6BBF1000F7FF7D9AE5646C0
:107D800002982146FFF7BBF900F1300306F8013BEA
:107D9000A6EB0A029345B4DD029900230A22484665
:107DA00000F068F90290EBE7D093000854930008C4
:107DB00038B50546002941D051F8043C0C1F002B72
:107DC000B8BFE41800F0E8F81D4A136833B96360DF
:107DD00014602846BDE8384000F0E4B8A34208D952
:107DE000206821188B4201BF19685B68091821605F
:107DF000EDE71A465B680BB1A342FAD91168501837
:107E0000A0420BD120680144501883421160E0D198
:107E100018685B68536008441060DAE702D90C23E5
:107E20002B60D6E7206821188B4204BF19685B6875
:107E3000636004BF091821605460CAE738BD00BF01
:107E4000A4050020024B0146186800F025B800BFC9
:107E50002800002070B50F4E0C463168054611B958
:107E600000F03EFE30602146284600F039FE431CFB
:107E700003D14FF0FF34204670BDC41C24F003042E
:107E8000A042F8D0211A284600F02AFE0130F2D193
:107E9000EFE700BFA00500202DE9F843CD1C25F039
:107EA000030508350C2D38BF0C25002D064601DBD7
:107EB000A94204D90C2333600020BDE8F883DFF821
:107EC000D48000F069F8D8F800301C4644BB29463D
:107ED0003046FFF7BFFF431C044658D1D8F8004096
:107EE0002746002F43D1002C4BD02368394630461B
:107EF00004EB030900F0F4FD814542D121686D1ABD
:107F000029463046FFF7A6FF01303AD023682B44BC
:107F10002360D8F800305A6862BBC8F800700FE0E0
:107F20002268521B20D40B2A17D96119A34225605D
:107F300018BF5960636808BFC8F8001062514B60F1
:107F4000304600F02FF804F10B00231D20F007004D
:107F5000C21A1CBF1B1AA350AFE76268A3420CBF32
:107F6000C8F800205A60EBE723466468AEE73C4659
:107F70007F68B6E71A465B68A342FBD100235360D3
:107F8000DEE70C233360304600F00CF894E7056020
:107F9000D6E700BFA40500200148FFF7AEB800BF38
:107FA0009C0500200148FFF7A9B800BF9C050020F0
:107FB00070B5C66904460D4676B91020FFF742FF3A
:107FC0000246E06120B9184B18486B2100F0A6FD6D
:107FD000C0E901660660C660E669F36883B1E369DB
:107FE000DB6853F82500B8B9012101FA05F6721DC6
:107FF0009200204600F0B0FD60B1C0E901560EE0ED
:1080000021220421204600F0A7FDE369F060DB682F
:10801000002BE4D1002070BD026843F82520002326
:10802000C0E90333F7E700BF61930008E19300085C
:1080300070B5C66905460C4676B91020FFF702FFF9
:108040000246E86120B9094B09488F2100F066FD1E
:10805000C0E901660660C6603CB1EB696268DB6836
:1080600053F82210216043F8224070BD619300084C
:10807000E19300082DE9F0410D6907460C461E46C4
:1080800001F1140C0020DCF8003099B202FB016110
:108090001E0C0B0C02FB063389B2013001EB0341CD
:1080A00085424CF8041B4FEA1346ECDC0EB3A36880
:1080B000AB4219DC616838460131FFF779FF804631
:1080C00028B902460C4B0D48BA2100F027FD226961
:1080D000023204F10C0192000C3000F011FD214637
:1080E0003846FFF7A5FF444604EB850301355E6182
:1080F00025612046BDE8F081D0930008E193000897
:10810000B0F5803F034636BF030400201020B3F1D2
:10811000807F3CBF1B020830B3F1805F3CBF1B0176
:108120000430B3F1804F3CBF9B000230002B05DBD5
:1081300013F0804F00F1010008BF20207047036852
:10814000024613F007000BD0D90721D4980749BF86
:108150005B089B08012013605CBF1360022070471E
:1081600099B209B91B0C1020D9B209B908301B0A01
:10817000190704BF1B090430990704BF9B0802308C
:10818000D90703D45B0800F1010003D013607047E6
:10819000002070472020704710B50C460121FFF7E2
:1081A00007FF024628B9054B054840F2451100F08B
:1081B000B5FC01234461036110BD00BFD0930008EA
:1081C000E19300082DE9F04F17460A693B699A428E
:1081D000A8BF3B468946A4BF0F4699463D69D9F8DA
:1081E00010A0BB68796805EB0A06B34285B0B8BF3A
:1081F0000131FFF7DDFE30B90246414B41484FF4F3
:10820000B17100F08BFC00F1140404EB860E2346E0
:108210000022734520D307F1140809F1140108EB7B
:10822000850501EB8A030293EB1B153B23F0030347
:1082300004331537BD4238BF04230193029B0391D9
:108240008B420CD8002E03DD5EF8043D002B55D088
:10825000066105B0BDE8F08F43F8042BD9E7B1F80B
:1082600000A0BAF1000F1FD0C446A14600275CF859
:10827000042BD9F800301FFA82FB9BB20AFB0B33A8
:108280003B44D9F80070120C3F0C0AFB027202EB5F
:1082900013429BB243EA0243654549F8043B4FEA67
:1082A0001247E4D8019BE750039BB3F802900431D6
:1082B000B9F1000F20D023684746A4464FF0000ACA
:1082C000B7F800B0BCF8022009FB0B2252449BB265
:1082D00043EA02434CF8043B57F8043B4FEA134A85
:1082E000BCF8003009FB0A3303EB1243BD424FEAEE
:1082F000134AE5D8019AA35004349FE7013EA1E751
:10830000D0930008E19300082DE9F843154612F0D8
:10831000030207460E4607D0254C013A002354F8C5
:108320002220FFF7A7FE0646AD103DD0FC697CB9C0
:108330001020FFF787FD0246F86128B91D4B1E4843
:1083400040F2B31100F0EAFBC0E901440460C460EC
:10835000D7F81C80D8F808404CB940F27121384653
:10836000FFF71AFF0023C8F80800044603604FF027
:108370000009EB070AD5314622463846FFF722FFAF
:10838000314680463846FFF753FE46466D100BD007
:10839000206838B9224621463846FFF713FF20608F
:1083A000C0F800900446E4E73046BDE8F88300BF1B
:1083B0009494000861930008E19300082DE9F047C8
:1083C0000C464968236903EB6218A3680746914687
:1083D0004FEA621A08F10106B3420BDB3846FFF799
:1083E000E7FD054648B90246284B29484FF4EF718E
:1083F00000F094FB01315B00EEE7002300F1140173
:1084000000F110021846534533DB20692AEAEA7A64
:1084100004F1140319F01F0901EB8A0103EB800C2E
:108420002BD0C9F1200E8A460022186800FA09F004
:1084300010434AF8040B53F8042B9C4522FA0EF221
:10844000F3D8ACEB0403153B23F00303043304F12E
:108450001500604588BF0423CA500AB108F102061E
:10846000013E38462E612146FFF7E2FD2846BDE871
:10847000F08742F8040F0133C5E7043953F8042BA1
:1084800041F8042F9C45F9D8EAE700BFD0930008D3
:10849000E19300080A6903460069801A30B50ED1DD
:1084A0001433143103EB820401EB820154F8045DB0
:1084B00051F8042D954203D005D24FF0FF3030BD66
:1084C000A342F3D3FBE70120F9E700002DE9F74FC2
:1084D00089460646114648461446FFF7DBFF051E4F
:1084E00012D129463046FFF763FD024628B93F4BBB
:1084F00040F237213E4800F011FB0123C0E904356A
:10850000104603B0BDE8F08FBCBF4B46A1463046D5
:10851000D9F80410BABF1C4601250025FFF748FD15
:10852000024618B9314B40F24521E3E7D9F8107003
:108530002669C56009F1100309F1140504F1140E50
:1085400000F1140B05EB87080EEB86060193D94664
:108550004FF0000C019B5EF8040B53F804AF01933D
:108560001FFA8AF3194683B2CB1A000C6344C0EB9E
:108570001A4000EB23409BB243EA0043764549F89A
:10858000043B4FEA204CE5D8331B153B23F0030393
:1085900015340433A64238BF04231D445B441E46F1
:1085A0002C4644450ED308F10301491B21F0030179
:1085B000033DA84538BF00210B4453F8041D91B179
:1085C00017619DE754F8041BE646080C1CFA81FC71
:1085D000714400EB2C4089B241EA004146F8041B8B
:1085E0004FEA204CDDE7013FE7E700BFD0930008EA
:1085F000E19300082DE9F7430F46012159EC108B58
:108600001646FFF7D5FC044630B90246234B2448F2
:1086100040F20F3100F082FAC9F30A55C9F313038F
:108620000DB143F480130193B8F1000323D06846E1
:108630000093FFF784FDDDE90012D0B1C0F1200303
:1086400002FA03F30B43C24063610192019BA361F1
:10865000002B0CBF012202222261A5B1A5F23345F5
:1086600005443D60C0F135003060204603B0BDE8F0
:10867000F0836161EAE701A8FFF761FD019B636197
:1086800020300122E8E704EB8203A0F23240386098
:108690001869FFF735FDC0EB4210E5E7D0930008FD
:1086A000E19300082DE9F0478E681F46BE420B6833
:1086B00082460C4690462DD8B1F90C2012F4906FEA
:1086C00026D06569096905EB4505A3EB010905EBB2
:1086D000D5757B1C4B446D109D4238BF1D4653051C
:1086E00027D52946FFF7D8FB064660B321694A46DD
:1086F00000F006FAA38923F4906343F08003A3817A
:10870000266165614E44A5EB09052660A5603E46DD
:10871000BE4200D93E4620683246414600F0C6F9C6
:10872000A3689B1BA3602368334423600020BDE83B
:10873000F0872A4600F036FA06460028E0D1216983
:108740005046FFF735FB0C23CAF80030A38943F0ED
:108750004003A3814FF0FF30E9E700002DE9F04F1F
:1087600098468B891B069DB007460D46144610D5CA
:108770000B6973B94021FFF78FFB2860286130B97E
:108780000C233B604FF0FF301DB0BDE8F08F40235D
:108790006B610023099320238DF82930CDF80C80DC
:1087A0003023DFF89C818DF82A304FF001092346F1
:1087B0009A4613F8012B0AB1252AF9D1BAEB040B1A
:1087C0000BD05B46224629463846FFF76BFF013047
:1087D00000F0A780099A5A4409929AF80030002BB9
:1087E00000F09F8000234FF0FF32CDE905230AF10E
:1087F000010A049307938DF853301A9354460522C7
:1088000014F8011B4E48F7F7E3FC049AD8B9D006D8
:1088100044BF20238DF85330110744BF2B238DF81C
:1088200053309AF800302A2B15D0079A544600206E
:108830004FF00A0C214611F8013B303B092B4BD974
:10884000B0B1079214E0A0EB080309FA03F3134355
:108850000493A246D2E7039B191D1B680391002BCA
:10886000BBBF5B4242F0020207930793B8BF04927A
:1088700023782E2B0AD163782A2B32D1039B1A1D21
:108880001B68039243EAE37302340593DFF8C0A048
:10889000217803225046F7F79BFC38B1049BA0EBEC
:1088A0000A004022824013430134049314F8011B50
:1088B00024488DF828100622F7F78AFC002836D0C5
:1088C000214B1BBB039B073323F0070308330393A0
:1088D000099B334409936AE70CFB02320C460120E2
:1088E000A8E700230134059319464FF00A0C2046EF
:1088F00010F8012B303A092A03D9002BC6D0059174
:10890000C4E70CFB012104460123F0E703AB00930D
:108910002A460E4B04A93846FDF780FE421C064647
:10892000D6D1AB895B063FF52DAF09982CE703AB99
:1089300000932A46054B04A93846FEF707F9EDE7F0
:108940003A940008449400081D660008A5860008B3
:1089500040940008B1F90C202DE9F04116070546B6
:108960000C4654D44B68002B02DC0B6C002B48DD0A
:10897000E66A002E45D0002312F480522F68216A47
:108980002B6030D0626DA389590705D56368D21A70
:10899000636B0BB1236CD21A0023E66A216A284666
:1089A000B047431CA38906D129681D292BD82A4A20
:1089B000CA40D60727D500226260D9042269226006
:1089C00004D5421C01D12B6803B96065616B2F602F
:1089D000B9B104F14403994202D02846FFF7E8F9FF
:1089E000002363630DE001232846B0470246501C74
:1089F000C9D12B68002BC6D01D2B01D0162B1ED140
:108A00002F60002022E043F040031BB21BE00F69FF
:108A1000002FF6D093070E6808BF4B690F6018BF90
:108A20000023A6EB07088B60B8F1000FE9DD216A8F
:108A3000A66A43463A462846B047002808DCB4F9FF
:108A40000C3043F04003A3814FF0FF30BDE8F081CC
:108A50000744A8EB0008E7E70100402038B50B69A0
:108A600005460C4613B90025284638BD18B1036ADF
:108A70000BB9FEF715FAB4F90C30002BF3D0626E87
:108A8000D00704D4990502D4A06DFEF736FB284622
:108A90002146FFF75FFF636EDA070546E4D4A3893A
:108AA0009B05E1D4A06DFEF729FBDDE7884210B5F8
:108AB00001EB020402D98442234607D8431EA14297
:108AC00008D011F8012B03F8012FF8E70244014602
:108AD0008A4200D110BD13F8014D02F8014DF7E7AD
:108AE00038B5064D0023044608462B60F9F782FD91
:108AF000431C02D12B6803B1236038BD98050020C8
:108B00000A44914200F1FF3300D1704710B511F8CB
:108B1000014B03F8014F9142F9D110BD1FB5144626
:108B20001A46094B1B680546D8684CB1074B0091A3
:108B3000CDE9013406492B4600F070F800F080F8CA
:108B4000044B1C46F3E700BF2800002055940008A2
:108B5000629400089094000870B5A1FB025434B9E7
:108B60002946FFF799F9064628B9304670BD0C2210
:108B700002600026F9E72A462146FEF740FAF4E7AC
:108B800082B001B901A942B14BB113780B601278E0
:108B9000101E18BF012002B070471046FBE76FF0AF
:108BA0000100F8E72DE9F041074614460D4621B9CA
:108BB000BDE8F0411146FFF76FB92AB9FFF7F8F8A1
:108BC00025462846BDE8F08100F041F8844206467B
:108BD00002D8B4EB500FF4D821463846FFF75CF9C1
:108BE000804608B94546ECE7B4422246294628BFEC
:108BF0003246FFF785FF29463846FFF7D9F8F1E7F7
:108C00000346084641B1FF2A04D98A221A604FF070
:108C1000FF3070470A700120704700000EB403B5A2
:108C2000014603AB054853F8042B0068019300F09C
:108C30003FF802B05DF804EB03B070472800002055
:108C400008B5062000F008FA0120F9F75BFC51F89E
:108C5000043C181F002BBCBF0B58C018704793680A
:108C6000013B002B10B4936008DA9469A34201DB46
:108C70000A2903D15DF8044B00F032B91368581C7F
:108C80001060197008465DF8044B7047F8B5064649
:108C90000F461446D518AC4201D1002007E014F865
:108CA000011B3A463046FFF7DAFF431CF3D1F8BD0B
:108CB0002DE9F04F0D469DB014469846064618B172
:108CC000036A0BB9FEF7ECF86B6ED90705D4AB89D4
:108CD0009A0502D4A86DFEF710FAAB891B0701D5DF
:108CE0002B699BB92946304600F038F970B16B6E9C
:108CF000DC0704D54FF0FF301DB0BDE8F08FAB8925
:108D00009805F7D4A86DFEF7F9F9F3E70023099366
:108D100020238DF82930CDF80C803023DFF8AC818A
:108D20008DF82A304FF0010923469A4613F8012B9B
:108D30000AB1252AF9D1BAEB040B0BD05B462246C7
:108D400029463046FFF7A2FF013000F0A780099ABC
:108D50005A4409929AF80030002B00F09F800023BB
:108D60004FF0FF32CDE905230AF1010A049307937E
:108D70008DF853301A935446052214F8011B5348BA
:108D8000F7F726FA049AD8B9D10644BF20238DF804
:108D90005330130744BF2B238DF853309AF800301B
:108DA0002A2B15D0079A544600204FF00A0C214672
:108DB00011F8013B303B092B4BD9B0B1079214E0BD
:108DC000A0EB080309FA03F313430493A246D2E786
:108DD000039B191D1B680391002BBBBF5B4242F034
:108DE000020207930793B8BF049223782E2B0AD16F
:108DF00063782A2B32D1039B1A1D1B68039243EA26
:108E0000E37302340593DFF8D4A02178032250469F
:108E1000F7F7DEF938B1049BA0EB0A00402282404C
:108E200013430134049314F8011B29488DF82810CA
:108E30000622F7F7CDF900283FD0264B1BBB039B3A
:108E4000073323F0070308330393099B3B4409933B
:108E50006AE70CFB02320C460120A8E7002301342C
:108E6000059319464FF00A0C204610F8012B303AB2
:108E7000092A03D9002BC6D00591C4E70CFB0121B8
:108E800004460123F0E703AB00932A46124B04A9E2
:108E90003046FDF7C3FB0746781CD6D16B6ED90769
:108EA00005D4AB899A0502D4A86DFEF727F9AB89E2
:108EB0005B063FF51FAF09981EE703AB00932A46F8
:108EC000054B04A93046FDF741FEE4E73A9400085B
:108ED000449400081D6600088D8C0008409400082A
:108EE000F8B50E461446054618B1036A0BB9FDF7EE
:108EF000D7FFA369A360A3891A0701D5236943B9E2
:108F00002146284600F02AF818B14FF0FF373846BE
:108F1000F8BD23682269981A6369F6B2834237461E
:108F200005DC21462846FFF799FD0028EDD1A3680E
:108F3000013BA36023685A1C22601E706269431CB7
:108F40009A4204D0A389DB07E1D50A2EDFD121465E
:108F50002846FFF783FD0028D9D0D6E738B5294B3E
:108F6000054618680C4618B1036A0BB9FDF798FF5F
:108F7000B4F90C30190722D4DA0607D409222A6082
:108F800043F04003A3814FF0FF3033E0580712D580
:108F9000616B41B104F14403994202D02846FEF7C7
:108FA00007FF00236363A38923F02403A381002325
:108FB000636023692360A38943F00803A3812369C5
:108FC0004BB9A38903F42073B3F5007F03D0214686
:108FD000284600F083F8B4F90C3013F001020AD0EF
:108FE0000022A26062695242A261226942B913F072
:108FF0008000C5D138BD990758BF6269A260F4E707
:109000000020F7E7280000201F2938B505460C4648
:1090100004D9162303604FF0FF3038BDC26B12B184
:1090200052F821304BB9284600F030F8224601466C
:109030002846BDE8384000F017B8012B0AD0591C6B
:1090400003D1162303600120E7E7002142F8241032
:10905000204698470020E0E7024B01461868FFF7DA
:10906000D3BF00BF2800002038B5074D00230446B9
:10907000084611462B60F9F735FA431C02D12B68DC
:1090800003B1236038BD00BF98050020F9F722BA6C
:1090900070B50C46B1F90E10002996B015461E4663
:1090A0000DDAA38913F0800F4FF0000114BF4023A5
:1090B0004FF48063002031602B6016B070BD6A46AB
:1090C00000F048F80028ECDB019901F47041A1F5AB
:1090D0000053594259414FF48063EBE78B89F7B550
:1090E0009D0706460C4607D504F14703236023611C
:1090F0000123636103B0F0BD01AB6A46FFF7C8FF0F
:10910000009F054639463046FEF7C6FE48B9B4F919
:109110000C309A05EED423F0030343F00203A3813D
:10912000E2E7A389206043F08003A381019BC4E9A7
:1091300004075BB1B4F90E10304600F01DF828B1F9
:10914000A38923F0030343F00103A381A3891D43F3
:10915000A581CFE738B5074D0023044608461146E0
:109160002B60F9F71FFA431C02D12B6803B123606F
:1091700038BD00BF9805002038B5064D00230446D1
:1091800008462B60F9F71EFA431C02D12B6803B185
:10919000236038BD98050020F8B500BFF8BC08BCB6
:1091A0009E467047F8B500BFF8BC08BC9E467047A5
:1091B0000000000040000000140000005400000007
:1091C00053595354454D00004F4E00004F46460042
:1091D0004D6F6465206A6F7572206163746976658E
:1091E000000000004C756D6965726520666F7274D1
:1091F000650000004D6F6465206E756974206163C1
:1092000074697665000000004C756D6965726520B3
:10921000666169626C650000536F6C207365632042
:109220002D000000506F6D70652061637469766574
:1092300000000000536F6C2068756D696465000064
:10924000506173206427616374696F6E00000000D1
:10925000466C616D6D652064657465637465650059
:1092600041727265742073797374656D65000000D6
:1092700054454D503A20252E3166430056454E54F4
:10928000494C4154455552204F4E000054656D7075
:109290003A20252E3166430053797374656D65203D
:1092A0004F4B0000417070757965722073757200C4
:1092B0006C6520627574746F6E0000002020535935
:1092C0005354454D45204F4B202020003F3F3F0049
:1092D00021212120464C414D4D45202121210000D6
:1092E00054454D502054524F50204841555445004C
:1092F00020212120534F4C20534543202121200081
:109300000000000000000000010203040607080935
:1093100000000000010203040006101600061016EB
:10932000494E4600696E66004E414E006E616E0009
:1093300030003031323334353637383941424344E6
:10934000454600303132333435363738396162635F
:1093500064656600496E66696E697479004E614E97
:10936000005245454E54206D616C6C6F63207375DF
:1093700063636565646564002F6275696C642F675B
:109380006E752D746F6F6C732D666F722D73746DA7
:1093900033325F31332E332E72656C312E323032E0
:1093A00034303932362D313731352F7372632F6EA9
:1093B00065776C69622F6E65776C69622F6C696284
:1093C000632F7374646C69622F64746F612E630021
:1093D00042616C6C6F63207375636365656465647B
:1093E000002F6275696C642F676E752D746F6F6CDA
:1093F000732D666F722D73746D33325F31332E337C
:109400002E72656C312E32303234303932362D3195
:109410003731352F7372632F6E65776C69622F6EEB
:1094200065776C69622F6C6962632F7374646C6911
:10943000622F6D707265632E6300232D302B200028
:10944000686C4C00656667454647004300504F53C3
:109450004958002E002C2066756E6374696F6E3A51
:109460002000617373657274696F6E202225732208
:10947000206661696C65643A2066696C6520222506
:1094800073222C206C696E65202564257325730A70
:109490000000000005000000190000007D00000031
:1094A0000080E03779C34143176E05B5B5B89346E0
:1094B000F5F93FE9034F384D321D30F94877825AAC
:1094C0003CBF737FDD4F1575000000000000F03FCA
:1094D000000000000000244000000000000059408F
:1094E0000000000000408F40000000000088C340E2
:1094F00000000000006AF8400000000080842E4157
:1095000000000000D01263410000000084D79741A2
:109510000000000065CDCD41000000205FA00242A8
:10952000000000E876483742000000A2941A6D421D
:10953000000040E59C30A2420000901EC4BCD64210
:1095400000003426F56B0C430080E03779C34143BB
:1095500000A0D8855734764300C84E676DC1AB4331
:10956000003D9160E458E143408CB5781DAF15444F
:1095700050EFE2D6E41A4B4492D54D06CFF080442A
:10958000F64AE1C7022DB544B49DD9794378EA443F
:1095900000202020202020202020282828282820C3
:1095A00020202020202020202020202020202020BB
:1095B0002088101010101010101010101010101023
:1095C0001004040404040404040404101010101013
:1095D00010104141414141410101010101010101DD
:1095E000010101010101010101010101101010102F
:1095F00010104242424242420202020202020202AF
:109600000202020202020202020202021010101002
:10961000200000000000000000000000000000002A
:10962000000000000000000000000000000000003A
:10963000000000000000000000000000000000002A
:10964000000000000000000000000000000000001A
:10965000000000000000000000000000000000000A
:1096600000000000000000000000000000000000FA
:1096700000000000000000000000000000000000EA
:1096800000000000000000000000000000000000DA
:0496900000000000D6
:089694003C6BFF7F01000000A8
:04969C00B50100080C
:0496A000910100082C
:1096A40000191B060C1B13001818060908090600EC
:1096B4000024F4001000000001000000000000007D
:1096C400030000005C0400202C00002000000000C7
:1096D4005C040020C40400202C05002000000000CD
:1096E4000000000000000000000000000000000076
:1096F4000000000000000000000000000000000066
:109704000000000000000000000000000000000055
:109714000000000000000000430000000000000002
:109724000000000000000000000000000000000035
:1097340000000000000000004300000000000000E2
:109744000000000000000000000000000000000015
:1097540000000000000000004300000000000000C2
:1097640000000000000000000000000000000000F5
:1097740000000000000000004300000000000000A2
:1097840000000000000000000000000000000000D5
:109794000000000000000000430000000000000082
:1097A40000000000000000000000000000000000B5
:1097B4000000000000000000430000000000000062
:1097C4000000000000000000000000000000000095
:1097D4000000000000000000430000000000000042
:1097E4000000000000000000000000000000000075
:1097F4000000000000000000018C0008818B0008BC
:10980400000000009095000853940008909400080C
:109814009094000890940008909400089094000894
:109824009094000890940008909400089094000884
:10983400FFFFFFFFFFFFFFFFFFFFFFFFFFFF000032
:1098440001004153434949000000000000000000AA
:109854000000000000000000000000000000000004
:10986400000041534349490000000000000000008B
:1098740000000000000000000000000000000000E4
:0498840000000000E0
:089888000000000000000000D8
:040000050800268544
:00000001FF
