2025-11-22 13:42:40,162 [INFO] Activator:176 - 


2025-11-22 13:42:40,176 [INFO] Activator:177 - !SESSION log4j initialized
2025-11-22 13:42:45,604 [INFO] LogOutputStream:77 - [STDOUT_REDIRECT] 
2025-11-22 13:42:53,065 [INFO] ApplicationProperties:184 - Using Application install path: C:\ST\STM32CubeIDE_1.19.0\STM32CubeIDE\plugins\com.st.stm32cube.common.mx_6.15.0.202507011659
2025-11-22 13:42:53,082 [INFO] DbMcusXml:78 - Set database path to: C:\ST\STM32CubeIDE_1.19.0\STM32CubeIDE\plugins\com.st.stm32cube.common.mx_6.15.0.202507011659\\db\/mcu/
2025-11-22 13:42:53,083 [INFO] ApiDb:274 - Set plugin database path to: C:\ST\STM32CubeIDE_1.19.0\STM32CubeIDE\plugins\com.st.stm32cube.common.mx_6.15.0.202507011659\\db\/plugins/boardmanager/
2025-11-22 13:42:53,083 [WARN] ApiDb:259 - Overriding images path with different value:  => C:\ST\STM32CubeIDE_1.19.0\STM32CubeIDE\plugins\com.st.stm32cube.common.mx_6.15.0.202507011659\\db\/plugins/mcufinder/images/
2025-11-22 13:42:53,090 [INFO] ApiDb:250 - Set database path to: C:\Users\PC\.stmcufinder\plugins\mcufinder//mcu/
2025-11-22 13:42:53,091 [INFO] DbMcusAds:125 - Set database path to: C:\Users\PC\.stmcufinder\plugins\mcufinder//mcu/
2025-11-22 13:42:53,094 [INFO] CrossReferenceDbSqlite:203 - Set database path to: C:\Users\PC\.stmcufinder\plugins\mcufinder//mcu/cs/
2025-11-22 13:42:53,189 [INFO] RulesReader:64 - Compatibility file has been processed (317 Rules)
2025-11-22 13:42:53,253 [INFO] DbMcusXml:78 - Set database path to: C:\ST\STM32CubeIDE_1.19.0\STM32CubeIDE\plugins\com.st.stm32cube.common.mx_6.15.0.202507011659\\db\/mcu/
2025-11-22 13:42:53,253 [INFO] ApiDb:274 - Set plugin database path to: C:\ST\STM32CubeIDE_1.19.0\STM32CubeIDE\plugins\com.st.stm32cube.common.mx_6.15.0.202507011659\\db\/plugins/boardmanager/
2025-11-22 13:42:53,253 [INFO] ApiDb:261 - Set plugin images path to: C:\ST\STM32CubeIDE_1.19.0\STM32CubeIDE\plugins\com.st.stm32cube.common.mx_6.15.0.202507011659\\db\/plugins/mcufinder/images/
2025-11-22 13:42:53,253 [WARN] DbFile:41 - Overriding database path with different value: C:\Users\PC\.stmcufinder\plugins\mcufinder/ => C:\Users\PC\.stmcufinder\plugins\mcufinder
2025-11-22 13:42:53,253 [INFO] ApiDb:250 - Set database path to: C:\Users\PC\.stmcufinder\plugins\mcufinder//mcu/
2025-11-22 13:42:53,253 [WARN] DbFile:41 - Overriding database path with different value: C:\Users\PC\.stmcufinder\plugins\mcufinder/ => C:\Users\PC\.stmcufinder\plugins\mcufinder
2025-11-22 13:42:53,253 [INFO] DbMcusAds:125 - Set database path to: C:\Users\PC\.stmcufinder\plugins\mcufinder//mcu/
2025-11-22 13:42:53,253 [WARN] DbFile:41 - Overriding database path with different value: C:\Users\PC\.stmcufinder\plugins\mcufinder/ => C:\Users\PC\.stmcufinder\plugins\mcufinder
2025-11-22 13:42:53,254 [WARN] DbFile:41 - Overriding database path with different value: C:\Users\PC\.stmcufinder\plugins\mcufinder/ => C:\Users\PC\.stmcufinder\plugins\mcufinder
2025-11-22 13:42:53,254 [INFO] CrossReferenceDbSqlite:203 - Set database path to: C:\Users\PC\.stmcufinder\plugins\mcufinder//mcu/cs/
2025-11-22 13:42:53,311 [INFO] MainPanel:274 - HeapMemory: 268435456
2025-11-22 13:42:53,406 [INFO] DbMcusXml:78 - Set database path to: C:\ST\STM32CubeIDE_1.19.0\STM32CubeIDE\plugins\com.st.stm32cube.common.mx_6.15.0.202507011659\\db\/mcu/
2025-11-22 13:42:53,406 [INFO] ApiDb:274 - Set plugin database path to: C:\ST\STM32CubeIDE_1.19.0\STM32CubeIDE\plugins\com.st.stm32cube.common.mx_6.15.0.202507011659\\db\/plugins/boardmanager/
2025-11-22 13:42:53,406 [INFO] ApiDb:261 - Set plugin images path to: C:\ST\STM32CubeIDE_1.19.0\STM32CubeIDE\plugins\com.st.stm32cube.common.mx_6.15.0.202507011659\\db\/plugins/mcufinder/images/
2025-11-22 13:42:53,406 [WARN] DbFile:41 - Overriding database path with different value: C:\Users\PC\.stmcufinder\plugins\mcufinder/ => C:\Users\PC\.stmcufinder\plugins\mcufinder
2025-11-22 13:42:53,407 [INFO] ApiDb:250 - Set database path to: C:\Users\PC\.stmcufinder\plugins\mcufinder//mcu/
2025-11-22 13:42:53,407 [WARN] DbFile:41 - Overriding database path with different value: C:\Users\PC\.stmcufinder\plugins\mcufinder/ => C:\Users\PC\.stmcufinder\plugins\mcufinder
2025-11-22 13:42:53,407 [INFO] DbMcusAds:125 - Set database path to: C:\Users\PC\.stmcufinder\plugins\mcufinder//mcu/
2025-11-22 13:42:53,407 [WARN] DbFile:41 - Overriding database path with different value: C:\Users\PC\.stmcufinder\plugins\mcufinder/ => C:\Users\PC\.stmcufinder\plugins\mcufinder
2025-11-22 13:42:53,407 [WARN] DbFile:41 - Overriding database path with different value: C:\Users\PC\.stmcufinder\plugins\mcufinder/ => C:\Users\PC\.stmcufinder\plugins\mcufinder
2025-11-22 13:42:53,407 [INFO] CrossReferenceDbSqlite:203 - Set database path to: C:\Users\PC\.stmcufinder\plugins\mcufinder//mcu/cs/
2025-11-22 13:42:53,421 [INFO] ApplicationProperties:184 - Using Application install path: C:\ST\STM32CubeIDE_1.19.0\STM32CubeIDE\plugins\com.st.stm32cube.common.mx_6.15.0.202507011659
2025-11-22 13:42:53,422 [INFO] PluginManage:196 - Search for loadable plugins [exclusion list=, ]
2025-11-22 13:42:53,423 [INFO] PluginManage:310 - Check plugin analytics
2025-11-22 13:42:58,625 [INFO] AnalyticsPlugin:253 - Accepted Software Licenses: 
2025-11-22 13:42:58,626 [INFO] AnalyticsPlugin:255 - Accepted CMSIS Pack Licenses: 
2025-11-22 13:42:58,626 [INFO] AnalyticsPlugin:257 - Accepted Firmware Licenses: FW.F4.1.28.0
2025-11-22 13:42:58,627 [INFO] PluginManage:359 - Loaded plugin analytics (category:tool,tabindex:-1)
2025-11-22 13:42:58,627 [INFO] PluginManage:310 - Check plugin cadmodel
2025-11-22 13:42:58,633 [INFO] CADModel:105 - Init CAD model plugin
2025-11-22 13:42:58,633 [INFO] PluginManage:359 - Loaded plugin cadmodel (category:power,tabindex:5)
2025-11-22 13:42:58,633 [INFO] PluginManage:310 - Check plugin clock
2025-11-22 13:42:58,641 [INFO] PluginManage:359 - Loaded plugin clock (category:base,tabindex:2)
2025-11-22 13:42:58,641 [INFO] PluginManage:310 - Check plugin ddr
2025-11-22 13:42:58,643 [INFO] PluginManage:359 - Loaded plugin ddr (category:tool,tabindex:6)
2025-11-22 13:42:58,643 [INFO] PluginManage:310 - Check plugin filemanager
2025-11-22 13:42:58,870 [INFO] PluginManage:359 - Loaded plugin filemanager (category:base,tabindex:10)
2025-11-22 13:42:58,870 [INFO] PluginManage:310 - Check plugin ipmanager
2025-11-22 13:42:58,875 [INFO] PluginManage:359 - Loaded plugin ipmanager (category:base,tabindex:5)
2025-11-22 13:42:58,875 [INFO] PluginManage:310 - Check plugin lpbam
2025-11-22 13:42:58,881 [INFO] PluginManage:359 - Loaded plugin lpbam (category:base,tabindex:0)
2025-11-22 13:42:58,881 [INFO] PluginManage:310 - Check plugin memorymap
2025-11-22 13:42:58,892 [INFO] PluginManage:359 - Loaded plugin memorymap (category:base,tabindex:4)
2025-11-22 13:42:58,892 [INFO] PluginManage:310 - Check plugin pinoutandconfiguration
2025-11-22 13:42:58,900 [INFO] PluginManage:359 - Loaded plugin pinoutandconfiguration (category:base,tabindex:1)
2025-11-22 13:42:58,900 [INFO] PluginManage:310 - Check plugin pinoutconfig
2025-11-22 13:42:58,969 [WARN] SupportedApi:132 - Cannot load RTOS API schema: s4s-elt-must-match.1: The content of 'definitions' must match (annotation?, (simpleType | complexType)?, (unique | key | keyref)*)). A problem was found starting at: attribute.
2025-11-22 13:42:59,071 [INFO] PluginManage:359 - Loaded plugin pinoutconfig (category:base,tabindex:0)
2025-11-22 13:42:59,071 [INFO] PluginManage:310 - Check plugin power
2025-11-22 13:42:59,083 [INFO] PluginManage:359 - Loaded plugin power (category:power,tabindex:4)
2025-11-22 13:42:59,083 [INFO] PluginManage:310 - Check plugin projectmanager
2025-11-22 13:42:59,098 [INFO] PluginManage:359 - Loaded plugin projectmanager (category:projectmanager,tabindex:4)
2025-11-22 13:42:59,099 [INFO] PluginManage:310 - Check plugin rif
2025-11-22 13:42:59,108 [INFO] PluginManage:359 - Loaded plugin rif (category:base,tabindex:3)
2025-11-22 13:42:59,108 [INFO] PluginManage:310 - Check plugin thirdparty
2025-11-22 13:42:59,210 [INFO] PluginManage:359 - Loaded plugin thirdparty (category:base,tabindex:-1)
2025-11-22 13:42:59,210 [INFO] PluginManage:310 - Check plugin tools
2025-11-22 13:42:59,210 [WARN] IntegrityCheckThread:84 - waiting for thirdparty lock release [integrity check]
2025-11-22 13:42:59,210 [INFO] IntegrityCheckThread:86 - entering critical section [integrity check]
2025-11-22 13:42:59,210 [INFO] ThirdPartyUpdaterWithRetryManager:70 - Updater plugin not ready yet. [1/15]
2025-11-22 13:42:59,212 [INFO] PluginManage:359 - Loaded plugin tools (category:base,tabindex:7)
2025-11-22 13:42:59,212 [INFO] PluginManage:310 - Check plugin tutovideos
2025-11-22 13:42:59,367 [INFO] PluginManage:359 - Loaded plugin tutovideos (category:base,tabindex:-1)
2025-11-22 13:42:59,368 [INFO] PluginManage:310 - Check plugin updater
2025-11-22 13:42:59,384 [INFO] PluginManage:359 - Loaded plugin updater (category:base,tabindex:12)
2025-11-22 13:42:59,384 [INFO] PluginManage:310 - Check plugin userauth
2025-11-22 13:42:59,388 [INFO] UserAuth:118 - Init User Auth plugin
2025-11-22 13:42:59,388 [INFO] PluginManage:359 - Loaded plugin userauth (category:base,tabindex:14)
2025-11-22 13:42:59,389 [INFO] PluginManage:283 - PluginManage : Loaded plugins [18]
2025-11-22 13:42:59,548 [INFO] PinOutPanel:1589 - setPackage(No Configuration,No Configuration)
2025-11-22 13:42:59,611 [INFO] CADModel:165 - CPN selected for project level
2025-11-22 13:42:59,612 [INFO] CADModel:114 - Register for checkConnection events
2025-11-22 13:42:59,625 [INFO] IPUIPlugin:80 - create IPUIPlugin
2025-11-22 13:42:59,625 [INFO] PluginManager:220 - loadIPPluginJar : add adc
2025-11-22 13:42:59,627 [INFO] IPUIPlugin:80 - create IPUIPlugin
2025-11-22 13:42:59,627 [INFO] PluginManager:220 - loadIPPluginJar : add aes
2025-11-22 13:42:59,629 [INFO] IPUIPlugin:80 - create IPUIPlugin
2025-11-22 13:42:59,629 [INFO] PluginManager:220 - loadIPPluginJar : add can
2025-11-22 13:42:59,631 [INFO] IPUIPlugin:80 - create IPUIPlugin
2025-11-22 13:42:59,631 [INFO] PluginManager:220 - loadIPPluginJar : add comp
2025-11-22 13:42:59,633 [INFO] IPUIPlugin:80 - create IPUIPlugin
2025-11-22 13:42:59,633 [INFO] PluginManager:220 - loadIPPluginJar : add cryp
2025-11-22 13:42:59,635 [INFO] IPUIPlugin:80 - create IPUIPlugin
2025-11-22 13:42:59,635 [INFO] PluginManager:220 - loadIPPluginJar : add ddr_ctrl_phy
2025-11-22 13:42:59,637 [INFO] IPUIPlugin:80 - create IPUIPlugin
2025-11-22 13:42:59,637 [INFO] PluginManager:220 - loadIPPluginJar : add dfsdm
2025-11-22 13:42:59,641 [INFO] IPUIPlugin:80 - create IPUIPlugin
2025-11-22 13:42:59,641 [INFO] PluginManager:220 - loadIPPluginJar : add dma
2025-11-22 13:42:59,643 [INFO] IPUIPlugin:80 - create IPUIPlugin
2025-11-22 13:42:59,643 [INFO] PluginManager:220 - loadIPPluginJar : add dma3
2025-11-22 13:42:59,645 [INFO] IPUIPlugin:80 - create IPUIPlugin
2025-11-22 13:42:59,645 [INFO] PluginManager:220 - loadIPPluginJar : add extmemmanager
2025-11-22 13:42:59,646 [INFO] IPUIPlugin:80 - create IPUIPlugin
2025-11-22 13:42:59,646 [INFO] PluginManager:220 - loadIPPluginJar : add fatfs
2025-11-22 13:42:59,649 [INFO] IPUIPlugin:80 - create IPUIPlugin
2025-11-22 13:42:59,649 [INFO] PluginManager:220 - loadIPPluginJar : add fmc
2025-11-22 13:42:59,654 [INFO] IPUIPlugin:80 - create IPUIPlugin
2025-11-22 13:42:59,654 [INFO] PluginManager:220 - loadIPPluginJar : add freertos
2025-11-22 13:42:59,655 [INFO] IPUIPlugin:80 - create IPUIPlugin
2025-11-22 13:42:59,655 [INFO] PluginManager:220 - loadIPPluginJar : add genericplugin
2025-11-22 13:42:59,656 [INFO] IPUIPlugin:80 - create IPUIPlugin
2025-11-22 13:42:59,656 [INFO] PluginManager:220 - loadIPPluginJar : add gfxmmu
2025-11-22 13:42:59,660 [INFO] IPUIPlugin:80 - create IPUIPlugin
2025-11-22 13:42:59,660 [INFO] PluginManager:220 - loadIPPluginJar : add gic
2025-11-22 13:42:59,663 [INFO] IPUIPlugin:80 - create IPUIPlugin
2025-11-22 13:42:59,664 [INFO] PluginManager:220 - loadIPPluginJar : add gpio
2025-11-22 13:42:59,666 [INFO] IPUIPlugin:80 - create IPUIPlugin
2025-11-22 13:42:59,666 [INFO] PluginManager:220 - loadIPPluginJar : add gtzc
2025-11-22 13:42:59,668 [INFO] IPUIPlugin:80 - create IPUIPlugin
2025-11-22 13:42:59,668 [INFO] PluginManager:220 - loadIPPluginJar : add hash
2025-11-22 13:42:59,669 [INFO] IPUIPlugin:80 - create IPUIPlugin
2025-11-22 13:42:59,669 [INFO] PluginManager:220 - loadIPPluginJar : add i2c
2025-11-22 13:42:59,671 [INFO] IPUIPlugin:80 - create IPUIPlugin
2025-11-22 13:42:59,671 [INFO] PluginManager:220 - loadIPPluginJar : add i2s
2025-11-22 13:42:59,674 [INFO] IPUIPlugin:80 - create IPUIPlugin
2025-11-22 13:42:59,674 [INFO] PluginManager:220 - loadIPPluginJar : add i3c
2025-11-22 13:42:59,676 [INFO] IPUIPlugin:80 - create IPUIPlugin
2025-11-22 13:42:59,676 [INFO] PluginManager:220 - loadIPPluginJar : add ipddr
2025-11-22 13:42:59,681 [INFO] IPUIPlugin:80 - create IPUIPlugin
2025-11-22 13:42:59,681 [INFO] PluginManager:220 - loadIPPluginJar : add linkedlist
2025-11-22 13:42:59,683 [INFO] IPUIPlugin:80 - create IPUIPlugin
2025-11-22 13:42:59,683 [INFO] PluginManager:220 - loadIPPluginJar : add lorawan
2025-11-22 13:42:59,684 [INFO] IPUIPlugin:80 - create IPUIPlugin
2025-11-22 13:42:59,684 [INFO] PluginManager:220 - loadIPPluginJar : add ltdc
2025-11-22 13:42:59,688 [INFO] IPUIPlugin:80 - create IPUIPlugin
2025-11-22 13:42:59,688 [INFO] PluginManager:220 - loadIPPluginJar : add mdma
2025-11-22 13:42:59,690 [INFO] IPUIPlugin:80 - create IPUIPlugin
2025-11-22 13:42:59,690 [INFO] PluginManager:220 - loadIPPluginJar : add nvic
2025-11-22 13:42:59,692 [INFO] IPUIPlugin:80 - create IPUIPlugin
2025-11-22 13:42:59,692 [INFO] PluginManager:220 - loadIPPluginJar : add opamp
2025-11-22 13:42:59,695 [INFO] IPUIPlugin:80 - create IPUIPlugin
2025-11-22 13:42:59,695 [INFO] PluginManager:220 - loadIPPluginJar : add openamp
2025-11-22 13:42:59,697 [INFO] IPUIPlugin:80 - create IPUIPlugin
2025-11-22 13:42:59,697 [INFO] PluginManager:220 - loadIPPluginJar : add pdm2pcm
2025-11-22 13:42:59,702 [INFO] IPUIPlugin:80 - create IPUIPlugin
2025-11-22 13:42:59,703 [INFO] PluginManager:220 - loadIPPluginJar : add plateformsettings
2025-11-22 13:42:59,704 [INFO] IPUIPlugin:80 - create IPUIPlugin
2025-11-22 13:42:59,705 [INFO] PluginManager:220 - loadIPPluginJar : add quadspi
2025-11-22 13:42:59,706 [INFO] IPUIPlugin:80 - create IPUIPlugin
2025-11-22 13:42:59,706 [INFO] PluginManager:220 - loadIPPluginJar : add radio
2025-11-22 13:42:59,709 [INFO] IPUIPlugin:80 - create IPUIPlugin
2025-11-22 13:42:59,709 [INFO] PluginManager:220 - loadIPPluginJar : add resmgrutility
2025-11-22 13:42:59,711 [INFO] IPUIPlugin:80 - create IPUIPlugin
2025-11-22 13:42:59,711 [INFO] PluginManager:220 - loadIPPluginJar : add sai
2025-11-22 13:42:59,713 [INFO] IPUIPlugin:80 - create IPUIPlugin
2025-11-22 13:42:59,713 [INFO] PluginManager:220 - loadIPPluginJar : add spi
2025-11-22 13:42:59,717 [INFO] IPUIPlugin:80 - create IPUIPlugin
2025-11-22 13:42:59,717 [INFO] PluginManager:220 - loadIPPluginJar : add stm32_wpan
2025-11-22 13:42:59,718 [INFO] IPUIPlugin:80 - create IPUIPlugin
2025-11-22 13:42:59,718 [INFO] PluginManager:220 - loadIPPluginJar : add tim
2025-11-22 13:42:59,721 [INFO] IPUIPlugin:80 - create IPUIPlugin
2025-11-22 13:42:59,721 [INFO] PluginManager:220 - loadIPPluginJar : add touchsensing
2025-11-22 13:42:59,722 [INFO] IPUIPlugin:80 - create IPUIPlugin
2025-11-22 13:42:59,722 [INFO] PluginManager:220 - loadIPPluginJar : add tracer_emb
2025-11-22 13:42:59,723 [INFO] IPUIPlugin:80 - create IPUIPlugin
2025-11-22 13:42:59,724 [INFO] PluginManager:220 - loadIPPluginJar : add ts
2025-11-22 13:42:59,725 [INFO] IPUIPlugin:80 - create IPUIPlugin
2025-11-22 13:42:59,725 [INFO] PluginManager:220 - loadIPPluginJar : add tsc
2025-11-22 13:42:59,726 [INFO] IPUIPlugin:80 - create IPUIPlugin
2025-11-22 13:42:59,726 [INFO] PluginManager:220 - loadIPPluginJar : add ucpd
2025-11-22 13:42:59,728 [INFO] IPUIPlugin:80 - create IPUIPlugin
2025-11-22 13:42:59,728 [INFO] PluginManager:220 - loadIPPluginJar : add usart
2025-11-22 13:42:59,730 [INFO] IPUIPlugin:80 - create IPUIPlugin
2025-11-22 13:42:59,730 [INFO] PluginManager:220 - loadIPPluginJar : add usbx
2025-11-22 13:42:59,854 [FATAL] Updater:351 - Updater called before beeing initialized
2025-11-22 13:42:59,883 [INFO] RulesReader:64 - Compatibility file has been processed (317 Rules)
2025-11-22 13:42:59,892 [INFO] RulesReader:64 - Compatibility file has been processed (317 Rules)
2025-11-22 13:42:59,897 [INFO] CADModel:165 - CPN selected for project level
2025-11-22 13:42:59,897 [INFO] CADModel:114 - Register for checkConnection events
2025-11-22 13:42:59,897 [FATAL] Updater:351 - Updater called before beeing initialized
2025-11-22 13:42:59,897 [ERROR] CADModel:125 - Updater not yet initialized, retry later 
2025-11-22 13:43:00,010 [FATAL] Updater:351 - Updater called before beeing initialized
2025-11-22 13:43:00,012 [INFO] CADModel:165 - CPN selected for project level
2025-11-22 13:43:00,012 [INFO] CADModel:114 - Register for checkConnection events
2025-11-22 13:43:00,012 [FATAL] Updater:351 - Updater called before beeing initialized
2025-11-22 13:43:00,012 [ERROR] CADModel:125 - Updater not yet initialized, retry later 
2025-11-22 13:43:00,014 [FATAL] Updater:351 - Updater called before beeing initialized
2025-11-22 13:43:00,114 [FATAL] Updater:351 - Updater called before beeing initialized
2025-11-22 13:43:00,117 [INFO] DbMcusAds:53 - JSON generation date=Thu Oct 02 10:36:05 GMT+01:00 2025 (1759397765645)
2025-11-22 13:43:00,118 [FATAL] Updater:351 - Updater called before beeing initialized
2025-11-22 13:43:00,150 [WARN] DetailPanel:346 - Failed to get advertising image, set to default
2025-11-22 13:43:00,218 [FATAL] Updater:351 - Updater called before beeing initialized
2025-11-22 13:43:00,219 [FATAL] Updater:351 - Updater called before beeing initialized
2025-11-22 13:43:00,219 [FATAL] Updater:351 - Updater called before beeing initialized
2025-11-22 13:43:00,219 [WARN] DetailPanel:346 - Failed to get advertising image, set to default
2025-11-22 13:43:00,220 [FATAL] Updater:351 - Updater called before beeing initialized
2025-11-22 13:43:00,253 [ERROR] Updater:1198 - MainUpdater not yet initialized. External WinMGr cannot be set.
2025-11-22 13:43:00,255 [INFO] Updater:1134 - Updater Version found : 6.15.0
2025-11-22 13:43:00,267 [INFO] ApplicationProperties:184 - Using Application install path: C:\ST\STM32CubeIDE_1.19.0\STM32CubeIDE\plugins\com.st.stm32cube.common.mx_6.15.0.202507011659
2025-11-22 13:43:00,557 [INFO] MainUpdater:2872 - connection check result : 10
2025-11-22 13:43:00,558 [INFO] MainUpdater:289 - Updater Check For Update Now.
2025-11-22 13:43:00,558 [INFO] MicroXplorer:498 - Change Database Version : DB.6.0.150
2025-11-22 13:43:00,562 [INFO] McuFinderGlobals:63 - Set McuFinder mode to 2 (CubeIDE integrated)
2025-11-22 13:43:00,562 [INFO] UserAuth:487 - Internet connection configuration mode: 1
2025-11-22 13:43:00,580 [INFO] JxBrowserEngine:152 - Initiate JxBrowser Engine with user profile folder
2025-11-22 13:43:00,722 [INFO] CheckServerUpdateThread:120 - End of CheckServer Thread
2025-11-22 13:43:01,582 [INFO] WebApp:169 - Instantiating new browser for Auth
2025-11-22 13:43:02,109 [INFO] WebApp:463 - Apply proxy settings
2025-11-22 13:43:02,109 [INFO] WebApp:548 - Chromium requires no authentication
2025-11-22 13:43:02,116 [INFO] WebApp:491 - Direct internet connection detected
2025-11-22 13:43:02,133 [INFO] WebApp:900 - Register for checkConnection events
2025-11-22 13:43:02,133 [INFO] WebApp:463 - Apply proxy settings
2025-11-22 13:43:02,133 [INFO] WebApp:548 - Chromium requires no authentication
2025-11-22 13:43:02,133 [INFO] WebApp:491 - Direct internet connection detected
2025-11-22 13:43:02,258 [INFO] WebApp:225 - Starting web application
2025-11-22 13:43:02,259 [INFO] WebApp:593 - Web application path used C:\ST\STM32CubeIDE_1.19.0\STM32CubeIDE\plugins\com.st.stm32cube.common.mx_6.15.0.202507011659\db\plugins\mcufinder\reactClient1\index.html
2025-11-22 13:43:02,389 [INFO] UserAuth:487 - Internet connection configuration mode: 1
2025-11-22 13:43:02,428 [WARN] PackLoader:240 - Cannot read IP mode file for STMicroelectronics.FP-SNS-MOTENVWB1.1.4.0
2025-11-22 13:43:02,436 [WARN] PackLoader:240 - Cannot read IP mode file for STMicroelectronics.FP-ATR-ASTRA1.2.0.2
2025-11-22 13:43:02,444 [WARN] PackLoader:240 - Cannot read IP mode file for STMicroelectronics.X-CUBE-SMBUS.2.1.0
2025-11-22 13:43:02,449 [WARN] PackLoader:240 - Cannot read IP mode file for STMicroelectronics.X-CUBE-ST60.1.0.0
2025-11-22 13:43:02,474 [WARN] PackLoader:240 - Cannot read IP mode file for STMicroelectronics.X-CUBE-AZRTOS-F7.1.1.0
2025-11-22 13:43:02,481 [WARN] PackLoader:240 - Cannot read IP mode file for Cesanta.I-CUBE-Mongoose.7.19.0
2025-11-22 13:43:02,485 [WARN] PackLoader:240 - Cannot read IP mode file for STMicroelectronics.FP-SNS-MOTENV1.5.1.0
2025-11-22 13:43:02,494 [WARN] PackLoader:240 - Cannot read IP mode file for WES.I-CUBE-Cesium.1.4.0
2025-11-22 13:43:02,514 [WARN] PackLoader:240 - Cannot read IP mode file for Infineon.AIROC-Wi-Fi-Bluetooth-STM32.1.7.1
2025-11-22 13:43:02,536 [WARN] PackLoader:240 - Cannot read IP mode file for STMicroelectronics.X-CUBE-AZRTOS-H7.3.4.0
2025-11-22 13:43:02,594 [WARN] PackLoader:240 - Cannot read IP mode file for STMicroelectronics.X-CUBE-DISPLAY.3.0.0
2025-11-22 13:43:02,603 [WARN] PackLoader:240 - Cannot read IP mode file for STMicroelectronics.X-CUBE-NFC10.1.0.0
2025-11-22 13:43:02,608 [WARN] PackLoader:240 - Cannot read IP mode file for STMicroelectronics.X-CUBE-ST60.1.1.0
2025-11-22 13:43:02,613 [WARN] PackLoader:240 - Cannot read IP mode file for emotas.I-CUBE-CANOPEN.1.3.0
2025-11-22 13:43:02,618 [WARN] PackLoader:240 - Cannot read IP mode file for STMicroelectronics.X-CUBE-GNSS1.7.1.0
2025-11-22 13:43:02,624 [WARN] PackLoader:240 - Cannot read IP mode file for STMicroelectronics.FP-SNS-STBOX1.2.1.0
2025-11-22 13:43:02,629 [WARN] PackLoader:240 - Cannot read IP mode file for STMicroelectronics.FP-SNS-SMARTAG2.1.2.0
2025-11-22 13:43:02,634 [WARN] PackLoader:240 - Cannot read IP mode file for STMicroelectronics.FP-SNS-FLIGHT1.5.1.0
2025-11-22 13:43:02,642 [INFO] LogOutputStream:77 - [STDOUT_REDIRECT] 1 : Invalid condition id : UX_CORESTACK_Condition cause : null
2025-11-22 13:43:02,642 [INFO] LogOutputStream:77 - [STDOUT_REDIRECT] 1 : Invalid condition id : UX_CORESTACK_Condition cause : null
2025-11-22 13:43:02,643 [INFO] LogOutputStream:77 - [STDOUT_REDIRECT] 1 : Invalid condition id : UX_CORESTACK_Condition cause : null
2025-11-22 13:43:02,644 [INFO] LogOutputStream:77 - [STDOUT_REDIRECT] 1 : Invalid condition id : UX_CORESTACK_Condition cause : null
2025-11-22 13:43:02,645 [INFO] LogOutputStream:77 - [STDOUT_REDIRECT] 1 : Invalid condition id : UX_CORESTACK_Condition cause : null
2025-11-22 13:43:02,647 [WARN] PackLoader:240 - Cannot read IP mode file for STMicroelectronics.X-CUBE-AZRTOS-WL.2.0.0
2025-11-22 13:43:02,651 [WARN] PackLoader:240 - Cannot read IP mode file for STMicroelectronics.FP-SNS-MOTENV1.5.0.0
2025-11-22 13:43:02,657 [WARN] PackLoader:240 - Cannot read IP mode file for STMicroelectronics.X-CUBE-BLE2.3.3.0
2025-11-22 13:43:02,673 [WARN] PackLoader:240 - Cannot read IP mode file for STMicroelectronics.X-CUBE-NFC9.1.0.0
2025-11-22 13:43:02,680 [WARN] PackLoader:240 - Cannot read IP mode file for wolfSSL.I-CUBE-wolfSSL.5.8.2
2025-11-22 13:43:02,685 [WARN] PackLoader:240 - Cannot read IP mode file for STMicroelectronics.X-CUBE-BLE1.7.1.0
2025-11-22 13:43:02,689 [WARN] PackLoader:240 - Cannot read IP mode file for wolfSSL.I-CUBE-wolfMQTT.1.19.2
2025-11-22 13:43:02,693 [WARN] PackLoader:240 - Cannot read IP mode file for STMicroelectronics.X-CUBE-EEPRMA1.5.2.0
2025-11-22 13:43:02,699 [WARN] PackLoader:240 - Cannot read IP mode file for STMicroelectronics.X-CUBE-ST67W61.1.1.0
2025-11-22 13:43:02,711 [WARN] PackLoader:240 - Cannot read IP mode file for STMicroelectronics.X-CUBE-AZRTOS-G0.1.1.0
2025-11-22 13:43:02,718 [WARN] PackLoader:240 - Cannot read IP mode file for STMicroelectronics.X-CUBE-SAFEA1.1.2.2
2025-11-22 13:43:02,722 [WARN] PackLoader:240 - Cannot read IP mode file for STMicroelectronics.X-CUBE-NFC4.3.0.0
2025-11-22 13:43:02,729 [WARN] PackLoader:240 - Cannot read IP mode file for EmbeddedOffice.I-CUBE-FS-RTOS.1.0.1
2025-11-22 13:43:02,734 [WARN] PackLoader:240 - Cannot read IP mode file for STMicroelectronics.X-CUBE-WB05N.2.0.0
2025-11-22 13:43:02,738 [WARN] PackLoader:240 - Cannot read IP mode file for wolfSSL.I-CUBE-wolfTPM.3.8.0
2025-11-22 13:43:02,743 [WARN] PackLoader:240 - Cannot read IP mode file for STMicroelectronics.X-CUBE-TCPP.4.2.0
2025-11-22 13:43:02,748 [WARN] PackLoader:240 - Cannot read IP mode file for RealThread.X-CUBE-RT-Thread_Nano.4.1.1
2025-11-22 13:43:02,752 [WARN] PackLoader:240 - Cannot read IP mode file for STMicroelectronics.FP-ATR-SIGFOX1.3.2.0
2025-11-22 13:43:02,758 [WARN] PackLoader:240 - Cannot read IP mode file for ITTIA_DB.I-CUBE-ITTIADB.8.9.0
2025-11-22 13:43:02,762 [WARN] PackLoader:240 - Cannot read IP mode file for STMicroelectronics.X-CUBE-ST67W61.1.0.0
2025-11-22 13:43:02,766 [WARN] PackLoader:240 - Cannot read IP mode file for STMicroelectronics.X-CUBE-AI.10.2.0
2025-11-22 13:43:02,784 [WARN] PackLoader:240 - Cannot read IP mode file for SEGGER.I-CUBE-embOS.1.3.1
2025-11-22 13:43:02,830 [WARN] PackLoader:240 - Cannot read IP mode file for STMicroelectronics.X-CUBE-ALGOBUILD.1.4.0
2025-11-22 13:43:02,892 [WARN] PackLoader:240 - Cannot read IP mode file for STMicroelectronics.X-CUBE-MEMS1.11.3.0
2025-11-22 13:43:03,009 [WARN] PackLoader:240 - Cannot read IP mode file for STMicroelectronics.X-CUBE-PM33A1.1.0.0
2025-11-22 13:43:03,020 [WARN] PackLoader:240 - Cannot read IP mode file for STMicroelectronics.X-CUBE-AZRTOS-F4.1.1.0
2025-11-22 13:43:03,025 [WARN] PackLoader:240 - Cannot read IP mode file for Avnet-IotConnect.X-CUBE-IoTC-DA16k-PMOD.1.0.0
2025-11-22 13:43:03,028 [WARN] PackLoader:240 - Cannot read IP mode file for STMicroelectronics.X-CUBE-ISPU.2.1.0
2025-11-22 13:43:03,038 [WARN] PackLoader:240 - Cannot read IP mode file for STMicroelectronics.X-CUBE-IPS.3.2.0
2025-11-22 13:43:03,047 [WARN] PackLoader:240 - Cannot read IP mode file for STMicroelectronics.X-CUBE-NFC12.1.0.0
2025-11-22 13:43:03,058 [WARN] PackLoader:240 - Cannot read IP mode file for STMicroelectronics.X-CUBE-AZRTOS-L5.2.0.0
2025-11-22 13:43:03,064 [WARN] PackLoader:240 - Cannot read IP mode file for STMicroelectronics.X-CUBE-NFC6.3.1.0
2025-11-22 13:43:03,069 [WARN] PackLoader:240 - Cannot read IP mode file for STMicroelectronics.X-CUBE-FREERTOS.1.3.1
2025-11-22 13:43:03,073 [WARN] PackLoader:240 - Cannot read IP mode file for STMicroelectronics.X-CUBE-TOUCHGFX.4.26.0
2025-11-22 13:43:03,076 [WARN] PackLoader:240 - Cannot read IP mode file for STMicroelectronics.FP-SNS-STAIOTCFT.1.0.0
2025-11-22 13:43:03,080 [WARN] PackLoader:240 - Cannot read IP mode file for STMicroelectronics.X-CUBE-DPower.1.3.0
2025-11-22 13:43:03,092 [WARN] ConditionMgr:438 - getConditionDescription Invalid condition id : LAN8742 Phy interface Condition cause : null
2025-11-22 13:43:03,093 [WARN] PackLoader:240 - Cannot read IP mode file for STMicroelectronics.X-CUBE-AZRTOS-L4.2.0.0
2025-11-22 13:43:03,093 [WARN] ConditionMgr:1044 - genDependencies : Invalid condition id : LAN8742 Phy interface Condition cause : null
2025-11-22 13:43:03,093 [WARN] ConditionMgr:1044 - genDependencies : Invalid condition id : LAN8742 Phy interface Condition cause : null
2025-11-22 13:43:03,094 [WARN] ConditionMgr:1044 - genDependencies : Invalid condition id : LAN8742 Phy interface Condition cause : null
2025-11-22 13:43:03,099 [WARN] PackLoader:240 - Cannot read IP mode file for STMicroelectronics.X-CUBE-SFXS2LP1.4.0.0
2025-11-22 13:43:03,107 [WARN] PackLoader:240 - Cannot read IP mode file for STMicroelectronics.X-CUBE-BLEMGR.4.1.0
2025-11-22 13:43:03,118 [WARN] ConditionMgr:438 - getConditionDescription Invalid condition id : UX DEVICE CLASS RTOS Condition cause : null
2025-11-22 13:43:03,118 [WARN] ConditionMgr:438 - getConditionDescription Invalid condition id : UX DEVICE CLASS RTOS Condition cause : null
2025-11-22 13:43:03,124 [WARN] PackLoader:240 - Cannot read IP mode file for STMicroelectronics.X-CUBE-AZRTOS-WB.2.0.0
2025-11-22 13:43:03,125 [WARN] ConditionMgr:1044 - genDependencies : Invalid condition id : UX DEVICE CLASS RTOS Condition cause : null
2025-11-22 13:43:03,125 [WARN] ConditionMgr:1044 - genDependencies : Invalid condition id : UX DEVICE CLASS RTOS Condition cause : null
2025-11-22 13:43:03,125 [WARN] ConditionMgr:1044 - genDependencies : Invalid condition id : UX DEVICE CLASS RTOS Condition cause : null
2025-11-22 13:43:03,126 [WARN] ConditionMgr:1044 - genDependencies : Invalid condition id : UX DEVICE CLASS RTOS Condition cause : null
2025-11-22 13:43:03,126 [WARN] ConditionMgr:1044 - genDependencies : Invalid condition id : UX DEVICE CLASS RTOS Condition cause : null
2025-11-22 13:43:03,130 [WARN] PackLoader:240 - Cannot read IP mode file for STMicroelectronics.X-CUBE-GNSS1.7.0.1
2025-11-22 13:43:03,133 [WARN] PackLoader:240 - Cannot read IP mode file for STMicroelectronics.X-CUBE-TOUCHGFX.4.25.0
2025-11-22 13:43:03,136 [WARN] ConditionMgr:438 - getConditionDescription Invalid condition id : Cortex-A Device cause : null
2025-11-22 13:43:03,141 [WARN] ConditionMgr:1044 - genDependencies : Invalid condition id : Cortex-A Device cause : null
2025-11-22 13:43:03,142 [WARN] ConditionMgr:1044 - genDependencies : Invalid condition id : Cortex-A Device cause : null
2025-11-22 13:43:03,142 [WARN] ConditionMgr:1044 - genDependencies : Invalid condition id : Cortex-A Device cause : null
2025-11-22 13:43:03,148 [WARN] PackLoader:240 - Cannot read IP mode file for STMicroelectronics.X-CUBE-SUBG2.5.0.0
2025-11-22 13:43:03,161 [WARN] PackLoader:240 - Cannot read IP mode file for STMicroelectronics.X-CUBE-AZRTOS-H7RS.1.1.0
2025-11-22 13:43:03,172 [WARN] PackLoader:240 - Cannot read IP mode file for STMicroelectronics.X-CUBE-AZRTOS-G4.2.0.0
2025-11-22 13:43:03,176 [WARN] PackLoader:240 - Cannot read IP mode file for wolfSSL.I-CUBE-wolfSSH.1.4.20
2025-11-22 13:43:03,180 [WARN] PackLoader:240 - Cannot read IP mode file for STMicroelectronics.X-CUBE-NFC7.2.0.0
2025-11-22 13:43:03,190 [WARN] PackLoader:240 - Cannot read IP mode file for STMicroelectronics.X-CUBE-IPS.3.1.0
2025-11-22 13:43:03,197 [WARN] PackLoader:240 - Cannot read IP mode file for STMicroelectronics.X-CUBE-ALS.1.0.2
2025-11-22 13:43:03,201 [WARN] PackLoader:240 - Cannot read IP mode file for STMicroelectronics.X-CUBE-STSE01.1.0.0
2025-11-22 13:43:03,209 [WARN] PackLoader:240 - Cannot read IP mode file for STMicroelectronics.X-CUBE-TOF1.3.4.3
2025-11-22 13:43:03,216 [INFO] ThirdParty:978 - Integrity check success = true
2025-11-22 13:43:03,216 [INFO] IntegrityCheckThread:100 - exiting critical section [integrity check]
2025-11-22 13:43:03,216 [INFO] IntegrityCheckThread:103 - End integrity checks thread
2025-11-22 13:43:03,367 [INFO] WebApp:191 - Connection restablished
2025-11-22 13:44:36,082 [INFO] McuFinderGlobals:63 - Set McuFinder mode to 2 (CubeIDE integrated)
2025-11-22 13:44:36,086 [INFO] MainUpdater:2872 - connection check result : 10
2025-11-22 13:44:36,087 [INFO] MainUpdater:2872 - connection check result : 10
2025-11-22 13:44:36,115 [INFO] MicroXplorer:468 - Change Database Path : 
2025-11-22 13:44:36,115 [INFO] MicroXplorer:498 - Change Database Version : DB.6.0.150
2025-11-22 13:44:36,122 [WARN] ThirdParty:871 - waiting for thirdparty lock release [close project]
2025-11-22 13:44:36,122 [INFO] ThirdParty:873 - entering critical section [close project]
2025-11-22 13:44:36,122 [INFO] ThirdParty:883 - exiting critical section [close project]
2025-11-22 13:44:36,123 [INFO] PinOutPanel:1589 - setPackage(No Configuration,No Configuration)
2025-11-22 13:44:36,124 [INFO] UtilMem:75 - Begin LoadConfig() Used Memory: 649735440 Bytes (1073741824)
2025-11-22 13:44:36,125 [INFO] MicroXplorer:468 - Change Database Path : 
2025-11-22 13:44:36,125 [INFO] MicroXplorer:498 - Change Database Version : DB.6.0.150
2025-11-22 13:44:36,125 [INFO] OpenFileManager:355 - Change cursor
2025-11-22 13:44:36,144 [INFO] Mcu:2029 - Initializing MCU STM32F407V(E-G)Tx STM32F407VGTx STM32F407VGT6
2025-11-22 13:44:37,319 [INFO] Context:786 - Trying to add GPIOservice into a context  which must be forbidden
2025-11-22 13:44:37,665 [INFO] ImportTextPane:234 - (OptionalMessage_ERROR) Pin13 (VP_RIF_VS_RIF1) cannot be retrieved for this MCU
2025-11-22 13:44:37,733 [INFO] RtosManager:558 - Registered RTOS mode: class=CMSIS, group=RTOS, mode=CMSIS_V1, owner=FREERTOS
2025-11-22 13:44:37,733 [INFO] RtosManager:558 - Registered RTOS mode: class=CMSIS, group=RTOS2, mode=CMSIS_V2, owner=FREERTOS
2025-11-22 13:44:37,733 [INFO] RtosManager:558 - Registered RTOS mode: class=RTOS, group=Core, mode=CMSIS_V1, owner=FREERTOS
2025-11-22 13:44:37,733 [INFO] RtosManager:558 - Registered RTOS mode: class=RTOS, group=Core, mode=CMSIS_V2, owner=FREERTOS
2025-11-22 13:44:37,733 [WARN] ModelIntegratedComponent:184 - Missing modes for component STMicroelectronics:FreeRTOS:0.0.1:STMicroelectronics:RTOS:FreeRTOS:Core:::10.2.0:
2025-11-22 13:44:37,749 [WARN] ModelIntegratedComponent:63 - No mode defined for component null
2025-11-22 13:44:37,749 [WARN] ModelIntegratedComponent:63 - No mode defined for component null
2025-11-22 13:44:37,749 [WARN] ModelIntegratedComponent:63 - No mode defined for component null
2025-11-22 13:44:37,749 [WARN] ModelIntegratedComponent:63 - No mode defined for component null
2025-11-22 13:44:37,749 [WARN] ModelIntegratedComponent:63 - No mode defined for component null
2025-11-22 13:44:37,749 [WARN] ModelIntegratedComponent:63 - No mode defined for component null
2025-11-22 13:44:37,749 [WARN] ModelIntegratedComponent:63 - No mode defined for component null
2025-11-22 13:44:37,749 [WARN] ModelIntegratedComponent:63 - No mode defined for component null
2025-11-22 13:44:37,749 [WARN] ModelIntegratedComponent:63 - No mode defined for component null
2025-11-22 13:44:37,749 [WARN] ModelIntegratedComponent:63 - No mode defined for component null
2025-11-22 13:44:37,749 [WARN] ModelIntegratedComponent:63 - No mode defined for component null
2025-11-22 13:44:37,749 [WARN] ModelIntegratedComponent:63 - No mode defined for component null
2025-11-22 13:44:37,749 [WARN] ModelIntegratedComponent:63 - No mode defined for component null
2025-11-22 13:44:37,749 [WARN] ModelIntegratedComponent:63 - No mode defined for component null
2025-11-22 13:44:37,750 [WARN] ModelIntegratedComponent:63 - No mode defined for component null
2025-11-22 13:44:37,750 [WARN] ModelIntegratedComponent:63 - No mode defined for component null
2025-11-22 13:44:37,750 [WARN] ModelIntegratedComponent:63 - No mode defined for component null
2025-11-22 13:44:37,750 [WARN] ModelIntegratedComponent:63 - No mode defined for component null
2025-11-22 13:44:37,750 [WARN] ModelIntegratedComponent:63 - No mode defined for component null
2025-11-22 13:44:37,750 [WARN] ModelIntegratedComponent:63 - No mode defined for component null
2025-11-22 13:44:37,750 [WARN] ModelIntegratedComponent:63 - No mode defined for component null
2025-11-22 13:44:37,750 [WARN] ModelIntegratedComponent:63 - No mode defined for component null
2025-11-22 13:44:37,750 [WARN] ModelIntegratedComponent:63 - No mode defined for component null
2025-11-22 13:44:37,750 [WARN] ModelIntegratedComponent:63 - No mode defined for component null
2025-11-22 13:44:37,750 [WARN] ModelIntegratedComponent:63 - No mode defined for component null
2025-11-22 13:44:37,750 [WARN] ModelIntegratedComponent:63 - No mode defined for component null
2025-11-22 13:44:37,750 [WARN] ModelIntegratedComponent:63 - No mode defined for component null
2025-11-22 13:44:37,750 [WARN] ModelIntegratedComponent:63 - No mode defined for component null
2025-11-22 13:44:37,750 [WARN] ModelIntegratedComponent:63 - No mode defined for component null
2025-11-22 13:44:37,750 [WARN] ModelIntegratedComponent:63 - No mode defined for component null
2025-11-22 13:44:37,750 [WARN] ModelIntegratedComponent:63 - No mode defined for component null
2025-11-22 13:44:37,750 [WARN] ModelIntegratedComponent:63 - No mode defined for component null
2025-11-22 13:44:37,750 [WARN] ModelIntegratedComponent:63 - No mode defined for component null
2025-11-22 13:44:37,750 [WARN] ModelIntegratedComponent:63 - No mode defined for component null
2025-11-22 13:44:37,750 [WARN] ModelIntegratedComponent:63 - No mode defined for component null
2025-11-22 13:44:37,750 [WARN] ModelPack:524 - Component already loaded: STMicroelectronics:HAL Drivers:0.0.0:STMicroelectronics:Device:STMicro_Driver:XSPI:HAL::0.0.1:HAL_XSPI
2025-11-22 13:44:37,832 [INFO] ThirdPartyModel:298 - Start build external matchings
2025-11-22 13:44:38,158 [INFO] ThirdPartyModel:316 - End build external matchings
2025-11-22 13:44:38,181 [INFO] ImportTextPane:234 - (OptionalMessage_ERROR) IP (RCC) : Parameter (RTCHSEDivFreq_Value) has invalid value (4000000)
2025-11-22 13:44:38,461 [INFO] ApiDb:581 - Connected to CubeFinder SQLite database (C:\Users\PC\.stmcufinder\plugins\mcufinder\mcu\cube-finder-db.db)
2025-11-22 13:44:38,559 [INFO] ApiDb:668 - CubeFinder database Data Model version=2.1
2025-11-22 13:44:38,559 [INFO] ApiDb:669 - CubeFinder database Configuration version=3.0.39
2025-11-22 13:44:38,559 [INFO] ApiDb:670 - CubeFinder database generation date=2025-10-27 (1761571959)
2025-11-22 13:44:38,559 [INFO] ApiDb:671 - CubeFinder database FW Pack versions=[FP-ATR-ASTRA1_V2.0.0, FP-SNS-FLIGHT1_V5.1.0, FP-SNS-MOTENV1_V5.0.0, FP-SNS-MOTENVWB1_V1.4.0, FP-SNS-SMARTAG2_V1.2.0, FP-SNS-STBOX1_V2.1.0, STM32Cube_FW_C0_V1.4.0, STM32Cube_FW_F4_V1.28.3, STM32Cube_FW_F7_V1.17.4, STM32Cube_FW_G0_V1.6.2, STM32Cube_FW_G4_V1.6.1, STM32Cube_FW_H5_V1.5.0, STM32Cube_FW_H7RS_V1.2.0, STM32Cube_FW_H7_V1.12.1, STM32Cube_FW_L0_V1.12.2, STM32Cube_FW_L4_V1.18.1, STM32Cube_FW_L5_V1.5.1, STM32Cube_FW_N6_V1.2.0, STM32Cube_FW_U0_V1.3.0, STM32Cube_FW_U3_V1.2.1, STM32Cube_FW_U5_V1.8.0, STM32Cube_FW_WB0_V1.3.0, STM32Cube_FW_WBA_V1.7.0, STM32Cube_FW_WB_V1.23.0, STM32Cube_FW_WL3_V1.2.0, STM32Cube_FW_WL_V1.3.1, X-CUBE-ALGOBUILD_V1.4.0, X-CUBE-ALS_V1.0.2, X-CUBE-AZRTOS-F4_V1.1.0, X-CUBE-AZRTOS-F7_V1.1.0, X-CUBE-AZRTOS-G0_V1.1.0, X-CUBE-AZRTOS-G4_V2.0.0, X-CUBE-AZRTOS-H7RS_V1.1.0, X-CUBE-AZRTOS-H7_V3.4.0, X-CUBE-AZRTOS-L4_V2.0.0, X-CUBE-AZRTOS-L5_V2.0.0, X-CUBE-AZRTOS-WB_V2.0.0, X-CUBE-AZRTOS-WL_V2.0.0, X-CUBE-BLE1_V7.1.0, X-CUBE-BLE2_V3.3.0, X-CUBE-BLEMGR_V4.1.0, X-CUBE-EEPRMA1_V5.2.0, X-CUBE-FREERTOS_V1.3.1, X-CUBE-GNSS1_V6.0.0, X-CUBE-MEMS1_V11.3.0, X-CUBE-NFC4_V3.0.0, X-CUBE-NFC7_V2.0.0, X-CUBE-SFXS2LP1_V4.0.0, X-CUBE-ST67W61_V1.1.0, X-CUBE-SUBG2_V5.0.0, X-CUBE-TOF1_V3.4.3]
2025-11-22 13:44:38,665 [INFO] DbBoardsSqlite:226 - include board P-NUCLEO-WB55-NUCLEO as a kit item of type 'Nucleo-64'
2025-11-22 13:44:38,665 [INFO] DbBoardsSqlite:226 - include board P-NUCLEO-WB55-USBDONGLE as a kit item of type 'Nucleo USB Dongle'
2025-11-22 13:44:38,666 [INFO] DbBoardsSqlite:226 - include board STEVAL-IDP005V1 as a kit item of type 'Evaluation Board'
2025-11-22 13:44:38,667 [INFO] DbBoardsSqlite:226 - include board STEVAL-IDP005V2 as a kit item of type 'Evaluation Board'
2025-11-22 13:44:39,234 [INFO] ApiDb:240 - Found 880 in-development CPN: [B-G473E-ZEST1S, B-WB1M-WPAN1, B-WBA5M-WPAN, B-WL5M-SUBG1, NUCLEO-C031C6, NUCLEO-C051C8, NUCLEO-C071RB, NUCLEO-C092RC, NUCLEO-H503RB, NUCLEO-H533RE, NUCLEO-H563ZI, NUCLEO-H7S3L8, NUCLEO-N657X0-Q, NUCLEO-U031R8, NUCLEO-U083RC, NUCLEO-U385RG-Q, NUCLEO-U545RE-Q, NUCLEO-U5A5ZJ-Q, NUCLEO-WB05KZ, NUCLEO-WB07CC, NUCLEO-WB09KE, NUCLEO-WBA52CG, NUCLEO-WBA55CG, NUCLEO-WL33CC1, NUCLEO-WL33CC2, STEVAL-PROTEUS1, STEVAL-SMARTAG2, STEVAL-STWINBX1, STM320518-EVAL, STM32C0116-DK, STM32C011D6Y3TR, STM32C011D6Y6TR, STM32C011F4P3, STM32C011F4P6, STM32C011F4U3, STM32C011F4U6TR, STM32C011F6P3, STM32C011F6P6, STM32C011F6U3, STM32C011F6U6TR, STM32C011J4M3, STM32C011J4M6, STM32C011J6M3, STM32C011J6M6, STM32C0316-DK, STM32C031C4T3, STM32C031C4T6, STM32C031C4U3, STM32C031C4U6, STM32C031C6T3, STM32C031C6T6, STM32C031C6U3, STM32C031C6U6, STM32C031F4P3, STM32C031F4P6, STM32C031F6P3, STM32C031F6P6, STM32C031G4U3, STM32C031G4U6, STM32C031G6U3, STM32C031G6U6, STM32C031K4T3, STM32C031K4T6, STM32C031K4U3, STM32C031K4U6, STM32C031K6T3, STM32C031K6T6, STM32C031K6U3, STM32C031K6U6, STM32C051C6T6, STM32C051C6U6, STM32C051C8T6, STM32C051C8U6, STM32C051D8Y6TR, STM32C051F6P6, STM32C051F8P6, STM32C051G6U6, STM32C051G8U6, STM32C051K6T6, STM32C051K6U6, STM32C051K8T6, STM32C071C8T6, STM32C071C8T6N, STM32C071C8U6, STM32C071C8U6N, STM32C071CBT6, STM32C071CBT6N, STM32C071CBU6, STM32C071CBU6N, STM32C071F8P6, STM32C071F8P6N, STM32C071FBP6, STM32C071FBP6N, STM32C071FBY6TR, STM32C071G8U6, STM32C071G8U6N, STM32C071GBU6, STM32C071GBU6N, STM32C071K8T6, STM32C071K8T6N, STM32C071K8U6, STM32C071K8U6N, STM32C071KBT6, STM32C071KBT6N, STM32C071KBU6, STM32C071KBU6N, STM32C071R8T6, STM32C071R8T6N, STM32C071RBI6N, STM32C071RBT6, STM32C071RBT6N, STM32C091CBT6, STM32C091CBU6, STM32C091CCT6, STM32C091CCU6, STM32C091ECY6TR, STM32C091FBP6, STM32C091FCP6, STM32C091GBU6, STM32C091GCU6, STM32C091KBT6, STM32C091KBU6, STM32C091KCT6, STM32C091KCU6, STM32C091RBT6, STM32C091RCI6, STM32C091RCT6, STM32C092CBT6, STM32C092CBU6, STM32C092CCT6, STM32C092CCU6, STM32C092ECY6TR, STM32C092FBP6, STM32C092FCP6, STM32C092GBU6, STM32C092GCU6, STM32C092KBT6, STM32C092KBU6, STM32C092KCT6, STM32C092KCU6, STM32C092RBT6, STM32C092RCI6, STM32C092RCT6, STM32G071K8TXN, STM32G071K8UXN, STM32G081GBU6N, STM32G081KBT6N, STM32G081KBUXN, STM32G0B1CCT6N, STM32G0B1KCT6, STM32G0B1NEY6TR, STM32G0B1RCT6N, STM32G0C1CCT6, STM32G0C1CCT6N, STM32G0C1CCU6N, STM32G0C1CET6N, STM32G0C1CEU6N, STM32G0C1KCT6, STM32G0C1NEY6TR, STM32G0C1RCI6N, STM32G0C1RCT6N, STM32G0C1REI6N, STM32G0C1RET6N, STM32G0C1VCI6, STM32G0C1VEI6, STM32G411C6T3, STM32G411C6T6, STM32G411C6U3, STM32G411C6U6, STM32G411C8T3, STM32G411C8T6, STM32G411C8U3, STM32G411C8U6, STM32G411CBT3, STM32G411CBT6, STM32G411CBU3, STM32G411CBU6, STM32G411K6T3, STM32G411K6T6, STM32G411K6U3, STM32G411K6U6, STM32G411K8T3, STM32G411K8T6, STM32G411K8U3, STM32G411K8U6, STM32G411KBT3, STM32G411KBT6, STM32G411KBU3, STM32G411KBU6, STM32G411M6T3, STM32G411M6T6, STM32G411M8T3, STM32G411M8T6, STM32G411MBT3, STM32G411MBT6, STM32G411R6T3, STM32G411R6T6, STM32G411R8T3, STM32G411R8T6, STM32G411RBT3, STM32G411RBT6, STM32G414CBT3, STM32G414CBT6, STM32G414CBU3, STM32G414CBU6, STM32G414CCT3, STM32G414CCT6, STM32G414CCU3, STM32G414CCU6, STM32G414MBT3, STM32G414MBT6, STM32G414MCT3, STM32G414MCT6, STM32G414RBT3, STM32G414RBT6, STM32G414RCT3, STM32G414RCT6, STM32G414VBT3, STM32G414VBT6, STM32G414VCT3, STM32G414VCT6, STM32G431CBT3Z, STM32G431RBT3Z, STM32G471CCT6, STM32G471CCU6, STM32G471CET3, STM32G471CET6, STM32G471CEU3, STM32G471CEU6, STM32G471MCT6, STM32G471MET3, STM32G471MET6, STM32G471MEY6TR, STM32G471QCT6, STM32G471QET3, STM32G471RCT6, STM32G471RET3, STM32G471RET6, STM32G471VCH6, STM32G471VCI6, STM32G471VCT6, STM32G471VEH3, STM32G471VEH6, STM32G471VEI3, STM32G471VEI6, STM32G471VET3, STM32G471VET6, STM32G473QET3Z, STM32G473RET3Z, STM32G474CCT6, STM32G491RET3Z, STM32H503CBT6, STM32H503CBU6, STM32H503EBY6TR, STM32H503KBU6, STM32H503RBT6, STM32H523CCT6, STM32H523CCU6, STM32H523CET6, STM32H523CEU6, STM32H523HEY6TR, STM32H523RCT6, STM32H523RET6, STM32H523VCI6, STM32H523VCT6, STM32H523VEI6, STM32H523VET6, STM32H523ZCJ6, STM32H523ZCT6, STM32H523ZEJ6, STM32H523ZET6, STM32H533CET6, STM32H533CEU6, STM32H533HEY6TR, STM32H533RET6, STM32H533VEI6, STM32H533VET6, STM32H533ZEJ6, STM32H533ZET6, STM32H562AGI6, STM32H562AII6, STM32H562IGK6, STM32H562IGT6, STM32H562IIK6, STM32H562IIT6, STM32H562RGT6, STM32H562RGV6, STM32H562RIT6, STM32H562RIV6, STM32H562VGT6, STM32H562VIT6, STM32H562ZGT6, STM32H562ZIT6, STM32H563AGI6, STM32H563AII3Q, STM32H563AII6, STM32H563IGK6, STM32H563IGT6, STM32H563IIK3Q, STM32H563IIK6, STM32H563IIT3Q, STM32H563IIT6, STM32H563MIY3QTR, STM32H563RGT6, STM32H563RGV6, STM32H563RIT6, STM32H563RIV6, STM32H563VGT6, STM32H563VIT3Q, STM32H563VIT6, STM32H563ZGT6, STM32H563ZIT3Q, STM32H563ZIT6, STM32H573AII3Q, STM32H573AII6, STM32H573I-DK, STM32H573IIK3Q, STM32H573IIK6, STM32H573IIT3Q, STM32H573IIT6, STM32H573MIY3QTR, STM32H573RIT6, STM32H573RIV6, STM32H573VIT3Q, STM32H573VIT6, STM32H573ZIT3Q, STM32H573ZIT6, STM32H7R3A8I6, STM32H7R3I8K6, STM32H7R3I8T6, STM32H7R3L8H6, STM32H7R3L8H6H, STM32H7R3R8V6, STM32H7R3V8H6, STM32H7R3V8T6, STM32H7R3V8Y6TR, STM32H7R3Z8J6, STM32H7R3Z8T6, STM32H7R7A8I6, STM32H7R7I8K6, STM32H7R7I8T6, STM32H7R7L8H6, STM32H7R7L8H6H, STM32H7R7Z8J6, STM32H7S3A8I6, STM32H7S3I8K6, STM32H7S3I8T6, STM32H7S3L8H6, STM32H7S3L8H6H, STM32H7S3R8V6, STM32H7S3V8H6, STM32H7S3V8T6, STM32H7S3V8Y6TR, STM32H7S3Z8J6, STM32H7S3Z8T6, STM32H7S78-DK, STM32H7S7A8I6, STM32H7S7I8K6, STM32H7S7I8T6, STM32H7S7L8H6, STM32H7S7L8H6H, STM32H7S7Z8J6, STM32L4R5QGI6STR, STM32MP131AAE3, STM32MP131AAF3, STM32MP131AAG3, STM32MP131CAE3, STM32MP131CAF3, STM32MP131CAG3, STM32MP131DAE7, STM32MP131DAF7, STM32MP131DAG7, STM32MP131FAE7, STM32MP131FAF7, STM32MP131FAG7, STM32MP133AAE3, STM32MP133AAF3, STM32MP133AAG3, STM32MP133CAE3, STM32MP133CAF3, STM32MP133CAG3, STM32MP133DAE7, STM32MP133DAF7, STM32MP133DAG7, STM32MP133FAE7, STM32MP133FAF7, STM32MP133FAG7, STM32MP135AAE3, STM32MP135AAF3, STM32MP135AAG3, STM32MP135CAE3, STM32MP135CAF3, STM32MP135CAG3, STM32MP135DAE7, STM32MP135DAF7, STM32MP135DAG7, STM32MP135F-DK, STM32MP135FAE7, STM32MP135FAF7, STM32MP135FAF7T, STM32MP135FAF7U, STM32MP135FAG7, STM32MP211AAL3, STM32MP211AAM3, STM32MP211AAN3, STM32MP211AAO3, STM32MP211CAL3, STM32MP211CAM3, STM32MP211CAN3, STM32MP211CAO3, STM32MP211DAL3, STM32MP211DAM3, STM32MP211DAN3, STM32MP211DAO3, STM32MP211FAL3, STM32MP211FAM3, STM32MP211FAN3, STM32MP211FAO3, STM32MP213AAL3, STM32MP213AAM3, STM32MP213AAN3, STM32MP213AAO3, STM32MP213CAL3, STM32MP213CAM3, STM32MP213CAN3, STM32MP213CAO3, STM32MP213DAL3, STM32MP213DAM3, STM32MP213DAN3, STM32MP213DAO3, STM32MP213FAL3, STM32MP213FAM3, STM32MP213FAN3, STM32MP213FAO3, STM32MP215AAL3, STM32MP215AAM3, STM32MP215AAN3, STM32MP215AAO3, STM32MP215CAL3, STM32MP215CAM3, STM32MP215CAN3, STM32MP215CAO3, STM32MP215DAL3, STM32MP215DAM3, STM32MP215DAN3, STM32MP215DAO3, STM32MP215F-DK, STM32MP215FAL3, STM32MP215FAM3, STM32MP215FAN3, STM32MP215FAO3, STM32MP231AAJ3, STM32MP231AAK3, STM32MP231AAL3, STM32MP231CAJ3, STM32MP231CAK3, STM32MP231CAL3, STM32MP231DAJ3, STM32MP231DAK3, STM32MP231DAL3, STM32MP231FAJ3, STM32MP231FAK3, STM32MP231FAL3, STM32MP233AAJ3, STM32MP233AAK3, STM32MP233AAL3, STM32MP233CAJ3, STM32MP233CAK3, STM32MP233CAL3, STM32MP233DAJ3, STM32MP233DAK3, STM32MP233DAL3, STM32MP233FAJ3, STM32MP233FAK3, STM32MP233FAL3, STM32MP235AAJ3, STM32MP235AAK3, STM32MP235AAL3, STM32MP235CAJ3, STM32MP235CAK3, STM32MP235CAL3, STM32MP235DAJ3, STM32MP235DAK3, STM32MP235DAL3, STM32MP235FAJ3, STM32MP235FAK3, STM32MP235FAL3, STM32MP251AAI3, STM32MP251AAK3, STM32MP251AAL3, STM32MP251CAI3, STM32MP251CAK3, STM32MP251CAL3, STM32MP251DAI3, STM32MP251DAK3, STM32MP251DAL3, STM32MP251FAI3, STM32MP251FAK3, STM32MP251FAL3, STM32MP253AAI3, STM32MP253AAK3, STM32MP253AAL3, STM32MP253CAI3, STM32MP253CAK3, STM32MP253CAL3, STM32MP253DAI3, STM32MP253DAK3, STM32MP253DAL3, STM32MP253FAI3, STM32MP253FAK3, STM32MP253FAL3, STM32MP255AAI3, STM32MP255AAK3, STM32MP255AAL3, STM32MP255CAI3, STM32MP255CAK3, STM32MP255CAL3, STM32MP255DAI3, STM32MP255DAK3, STM32MP255DAL3, STM32MP255FAI3, STM32MP255FAK3, STM32MP255FAL3, STM32MP257AAI3, STM32MP257AAK3, STM32MP257AAL3, STM32MP257CAI3, STM32MP257CAK3, STM32MP257CAL3, STM32MP257DAI3, STM32MP257DAK3, STM32MP257DAL3, STM32MP257F-DK, STM32MP257F-EV1, STM32MP257FAI3, STM32MP257FAK3, STM32MP257FAL3, STM32N645A0H3Q, STM32N645B0H3Q, STM32N645I0H3Q, STM32N645L0H3Q, STM32N645X0H3Q, STM32N645Z0H3Q, STM32N647A0H3Q, STM32N647B0H3Q, STM32N647I0H3Q, STM32N647L0H3Q, STM32N647X0H3Q, STM32N647Z0H3Q, STM32N655A0H3Q, STM32N655B0H3Q, STM32N655I0H3Q, STM32N655L0H3Q, STM32N655X0H3Q, STM32N655Z0H3Q, STM32N6570-DK, STM32N657A0H3Q, STM32N657B0H3Q, STM32N657I0H3Q, STM32N657L0H3Q, STM32N657X0H3Q, STM32N657Z0H3Q, STM32U031C6T6, STM32U031C6U6, STM32U031C8T6, STM32U031C8U6, STM32U031F4P6, STM32U031F6P6, STM32U031F8P6, STM32U031G6Y6TR, STM32U031G8Y6TR, STM32U031K4U6, STM32U031K6U6, STM32U031K8U6, STM32U031R6I6, STM32U031R6T6, STM32U031R8I6, STM32U031R8T6, STM32U073C8T6, STM32U073C8U6, STM32U073CBT6, STM32U073CBU6, STM32U073CCT6, STM32U073CCU6, STM32U073H8Y6TR, STM32U073HBY6TR, STM32U073HCY6TR, STM32U073K8U6, STM32U073KBU6, STM32U073KCU6, STM32U073M8I6, STM32U073M8T6, STM32U073MBI6, STM32U073MBT6, STM32U073MCI6, STM32U073MCT6, STM32U073R8I6, STM32U073R8T6, STM32U073RBI6, STM32U073RBT6, STM32U073RCI6, STM32U073RCT6, STM32U083C-DK, STM32U083CCT6, STM32U083CCU6, STM32U083HCY6TR, STM32U083KCU6, STM32U083MCI6, STM32U083MCT6, STM32U083RCI6, STM32U083RCT6, STM32U375CET6, STM32U375CET6Q, STM32U375CEU6, STM32U375CEU6Q, STM32U375CEY6QTR, STM32U375CGT6, STM32U375CGT6Q, STM32U375CGU6, STM32U375CGU6Q, STM32U375CGY6QTR, STM32U375KEU6, STM32U375KGU6, STM32U375REI6, STM32U375REI6Q, STM32U375RET6, STM32U375RET6Q, STM32U375REY6GTR, STM32U375REY6QTR, STM32U375RGI6, STM32U375RGI6Q, STM32U375RGT6, STM32U375RGT6Q, STM32U375RGY6GTR, STM32U375RGY6QTR, STM32U375VEI6, STM32U375VEI6Q, STM32U375VET6, STM32U375VET6Q, STM32U375VGI6, STM32U375VGI6Q, STM32U375VGT6, STM32U375VGT6Q, STM32U385CGT6, STM32U385CGT6Q, STM32U385CGU6, STM32U385CGU6Q, STM32U385CGY6QTR, STM32U385KGU6, STM32U385RGI6, STM32U385RGI6Q, STM32U385RGT6, STM32U385RGT6Q, STM32U385RGY6GTR, STM32U385RGY6QTR, STM32U385VGI6, STM32U385VGI6Q, STM32U385VGT6, STM32U385VGT6Q, STM32U535CBT6, STM32U535CBT6Q, STM32U535CBU6, STM32U535CBU6Q, STM32U535CCT6, STM32U535CCT6Q, STM32U535CCU6, STM32U535CCU6Q, STM32U535CET6, STM32U535CET6Q, STM32U535CEU6, STM32U535CEU6Q, STM32U535JEY6QTR, STM32U535NCY6QTR, STM32U535NEY6QTR, STM32U535RBI6, STM32U535RBI6Q, STM32U535RBT6, STM32U535RBT6Q, STM32U535RCI6, STM32U535RCI6Q, STM32U535RCT6, STM32U535RCT6Q, STM32U535REI6, STM32U535REI6Q, STM32U535RET6, STM32U535RET6Q, STM32U535VCI6, STM32U535VCI6Q, STM32U535VCT6, STM32U535VCT6Q, STM32U535VEI6, STM32U535VEI6Q, STM32U535VET6, STM32U535VET6Q, STM32U545CET6, STM32U545CET6Q, STM32U545CEU6, STM32U545CEU6Q, STM32U545JEY6QTR, STM32U545NEY6QTR, STM32U545REI6, STM32U545REI6Q, STM32U545RET6, STM32U545RET6Q, STM32U545VEI6, STM32U545VEI6Q, STM32U545VET6, STM32U545VET6Q, STM32U595AIH6, STM32U595AIH6Q, STM32U595AJH6, STM32U595AJH6Q, STM32U595QII6, STM32U595QII6Q, STM32U595QJI6, STM32U595QJI6Q, STM32U595RIT6, STM32U595RIT6Q, STM32U595RJT6, STM32U595RJT6Q, STM32U595VIT6, STM32U595VIT6Q, STM32U595VJT6, STM32U595VJT6Q, STM32U595ZIT6, STM32U595ZIT6Q, STM32U595ZIY6QTR, STM32U595ZJT6, STM32U595ZJT6Q, STM32U595ZJY6QTR, STM32U599BJY6QTR, STM32U599NIH6Q, STM32U599NJH6Q, STM32U599VIT6Q, STM32U599VJT6, STM32U599VJT6Q, STM32U599ZIT6Q, STM32U599ZIY6QTR, STM32U599ZJT6Q, STM32U599ZJY6QTR, STM32U5A5AJH6, STM32U5A5AJH6Q, STM32U5A5QII3Q , STM32U5A5QJI6, STM32U5A5QJI6Q, STM32U5A5RJT6, STM32U5A5RJT6Q, STM32U5A5VJT6, STM32U5A5VJT6Q, STM32U5A5ZJT6, STM32U5A5ZJT6Q, STM32U5A5ZJY6QTR, STM32U5A9BJY6QTR, STM32U5A9J-DK, STM32U5A9NJH6Q, STM32U5A9VJT6Q, STM32U5A9ZJT6Q, STM32U5A9ZJY6QTR, STM32U5F7VIT6, STM32U5F7VIT6Q, STM32U5F7VJT6, STM32U5F7VJT6Q, STM32U5F9BJY6QTR, STM32U5F9NJH6Q, STM32U5F9VIT6Q, STM32U5F9VJT6Q, STM32U5F9ZIJ6QTR, STM32U5F9ZIT6Q, STM32U5F9ZJJ6QTR, STM32U5F9ZJT6Q, STM32U5G7VJT6, STM32U5G7VJT6Q, STM32U5G9BJY6QTR, STM32U5G9J-DK1, STM32U5G9J-DK2, STM32U5G9NJH6Q, STM32U5G9VJT6Q, STM32U5G9ZJJ6QTR, STM32U5G9ZJT6Q, STM32WB05KZV6TR, STM32WB05KZV7TR, STM32WB05TZF6TR, STM32WB05TZF7TR, STM32WB06CCF6TR, STM32WB06CCF7TR, STM32WB06CCV6TR, STM32WB06CCV7TR, STM32WB06KCV6TR, STM32WB06KCV7TR, STM32WB07CCF6TR, STM32WB07CCF7TR, STM32WB07CCV6TR, STM32WB07CCV7TR, STM32WB07KCV6TR, STM32WB07KCV7TR, STM32WB09KEV6TR, STM32WB09KEV7TR, STM32WB09TEF6TR, STM32WB09TEF7TR, STM32WB1MMCH6, STM32WBA50KGU6, STM32WBA50KGU6TR, STM32WBA52CEU6, STM32WBA52CEU6TR, STM32WBA52CEU7, STM32WBA52CEU7TR, STM32WBA52CGU6, STM32WBA52CGU6TR, STM32WBA52CGU6U, STM32WBA52CGU7, STM32WBA52CGU7TR, STM32WBA52KEU6, STM32WBA52KEU6TR, STM32WBA52KGU6, STM32WBA52KGU6TR, STM32WBA54CEU6, STM32WBA54CEU6TR, STM32WBA54CEU7, STM32WBA54CEU7TR, STM32WBA54CGU6, STM32WBA54CGU6TR, STM32WBA54CGU7, STM32WBA54CGU7TR, STM32WBA54KEU6, STM32WBA54KEU6TR, STM32WBA54KEU7, STM32WBA54KEU7TR, STM32WBA54KGU6, STM32WBA54KGU6TR, STM32WBA54KGU7, STM32WBA54KGU7TR, STM32WBA55CEU6, STM32WBA55CEU6TR, STM32WBA55CEU7, STM32WBA55CEU7TR, STM32WBA55CGU6, STM32WBA55CGU6TR, STM32WBA55CGU6U, STM32WBA55CGU7, STM32WBA55CGU7TR, STM32WBA55G-DK1, STM32WBA55HEF6, STM32WBA55HEF7, STM32WBA55HGF6, STM32WBA55HGF7, STM32WBA55UEI6, STM32WBA55UEI6TR, STM32WBA55UEI7, STM32WBA55UEI7TR, STM32WBA55UGI6, STM32WBA55UGI6TR, STM32WBA55UGI7, STM32WBA55UGI7TR, STM32WBA5MMGH6TR, STM32WBA62MGF6, STM32WBA62MIF6, STM32WBA65MGF7, STM32WBA65MIF6, STM32WBA65MIF7, STM32WL30K8V6, STM32WL30KBV6, STM32WL31C8V6, STM32WL31CBV6, STM32WL31K8V6, STM32WL31KBV6, STM32WL33C8V6, STM32WL33C8V6X, STM32WL33CBV6, STM32WL33CBV6X, STM32WL33CCV6, STM32WL33CCV6A, STM32WL33CCV6X, STM32WL33K8V7, STM32WL33K8V7X, STM32WL33KBV7 , STM32WL33KBV7X, STM32WL33KCV7, STM32WL33KCV7X, STM32WL5MOCH6, STM32WL5MOCH6TR]
2025-11-22 13:44:39,489 [INFO] BoardInfo:889 - No configuration file found for board P-NUCLEO-WB55
2025-11-22 13:44:39,491 [INFO] DbBoards:161 - Kit is not supported: P-NUCLEO-WB55
2025-11-22 13:44:39,499 [INFO] BoardInfo:889 - No configuration file found for board STEVAL-BFA001V1B
2025-11-22 13:44:39,500 [INFO] DbBoards:161 - Kit is not supported: STEVAL-BFA001V1B
2025-11-22 13:44:39,501 [INFO] BoardInfo:889 - No configuration file found for board STEVAL-BFA001V2B
2025-11-22 13:44:39,502 [INFO] DbBoards:161 - Kit is not supported: STEVAL-BFA001V2B
2025-11-22 13:44:39,740 [INFO] DbBoards:168 - Found 212 boards, 209 are supported
2025-11-22 13:44:39,740 [INFO] DbBoards:169 - Found 212 boards, 43 of them is supported for  Bsp
2025-11-22 13:44:39,744 [INFO] ApiDb:668 - CubeFinder database Data Model version=2.1
2025-11-22 13:44:39,744 [INFO] ApiDb:669 - CubeFinder database Configuration version=3.0.39
2025-11-22 13:44:39,744 [INFO] ApiDb:670 - CubeFinder database generation date=2025-10-27 (1761571959)
2025-11-22 13:44:39,744 [INFO] ApiDb:671 - CubeFinder database FW Pack versions=[FP-ATR-ASTRA1_V2.0.0, FP-SNS-FLIGHT1_V5.1.0, FP-SNS-MOTENV1_V5.0.0, FP-SNS-MOTENVWB1_V1.4.0, FP-SNS-SMARTAG2_V1.2.0, FP-SNS-STBOX1_V2.1.0, STM32Cube_FW_C0_V1.4.0, STM32Cube_FW_F4_V1.28.3, STM32Cube_FW_F7_V1.17.4, STM32Cube_FW_G0_V1.6.2, STM32Cube_FW_G4_V1.6.1, STM32Cube_FW_H5_V1.5.0, STM32Cube_FW_H7RS_V1.2.0, STM32Cube_FW_H7_V1.12.1, STM32Cube_FW_L0_V1.12.2, STM32Cube_FW_L4_V1.18.1, STM32Cube_FW_L5_V1.5.1, STM32Cube_FW_N6_V1.2.0, STM32Cube_FW_U0_V1.3.0, STM32Cube_FW_U3_V1.2.1, STM32Cube_FW_U5_V1.8.0, STM32Cube_FW_WB0_V1.3.0, STM32Cube_FW_WBA_V1.7.0, STM32Cube_FW_WB_V1.23.0, STM32Cube_FW_WL3_V1.2.0, STM32Cube_FW_WL_V1.3.1, X-CUBE-ALGOBUILD_V1.4.0, X-CUBE-ALS_V1.0.2, X-CUBE-AZRTOS-F4_V1.1.0, X-CUBE-AZRTOS-F7_V1.1.0, X-CUBE-AZRTOS-G0_V1.1.0, X-CUBE-AZRTOS-G4_V2.0.0, X-CUBE-AZRTOS-H7RS_V1.1.0, X-CUBE-AZRTOS-H7_V3.4.0, X-CUBE-AZRTOS-L4_V2.0.0, X-CUBE-AZRTOS-L5_V2.0.0, X-CUBE-AZRTOS-WB_V2.0.0, X-CUBE-AZRTOS-WL_V2.0.0, X-CUBE-BLE1_V7.1.0, X-CUBE-BLE2_V3.3.0, X-CUBE-BLEMGR_V4.1.0, X-CUBE-EEPRMA1_V5.2.0, X-CUBE-FREERTOS_V1.3.1, X-CUBE-GNSS1_V6.0.0, X-CUBE-MEMS1_V11.3.0, X-CUBE-NFC4_V3.0.0, X-CUBE-NFC7_V2.0.0, X-CUBE-SFXS2LP1_V4.0.0, X-CUBE-ST67W61_V1.1.0, X-CUBE-SUBG2_V5.0.0, X-CUBE-TOF1_V3.4.3]
2025-11-22 13:44:41,618 [INFO] ApiDb:240 - Found 880 in-development CPN: [B-G473E-ZEST1S, B-WB1M-WPAN1, B-WBA5M-WPAN, B-WL5M-SUBG1, NUCLEO-C031C6, NUCLEO-C051C8, NUCLEO-C071RB, NUCLEO-C092RC, NUCLEO-H503RB, NUCLEO-H533RE, NUCLEO-H563ZI, NUCLEO-H7S3L8, NUCLEO-N657X0-Q, NUCLEO-U031R8, NUCLEO-U083RC, NUCLEO-U385RG-Q, NUCLEO-U545RE-Q, NUCLEO-U5A5ZJ-Q, NUCLEO-WB05KZ, NUCLEO-WB07CC, NUCLEO-WB09KE, NUCLEO-WBA52CG, NUCLEO-WBA55CG, NUCLEO-WL33CC1, NUCLEO-WL33CC2, STEVAL-PROTEUS1, STEVAL-SMARTAG2, STEVAL-STWINBX1, STM320518-EVAL, STM32C0116-DK, STM32C011D6Y3TR, STM32C011D6Y6TR, STM32C011F4P3, STM32C011F4P6, STM32C011F4U3, STM32C011F4U6TR, STM32C011F6P3, STM32C011F6P6, STM32C011F6U3, STM32C011F6U6TR, STM32C011J4M3, STM32C011J4M6, STM32C011J6M3, STM32C011J6M6, STM32C0316-DK, STM32C031C4T3, STM32C031C4T6, STM32C031C4U3, STM32C031C4U6, STM32C031C6T3, STM32C031C6T6, STM32C031C6U3, STM32C031C6U6, STM32C031F4P3, STM32C031F4P6, STM32C031F6P3, STM32C031F6P6, STM32C031G4U3, STM32C031G4U6, STM32C031G6U3, STM32C031G6U6, STM32C031K4T3, STM32C031K4T6, STM32C031K4U3, STM32C031K4U6, STM32C031K6T3, STM32C031K6T6, STM32C031K6U3, STM32C031K6U6, STM32C051C6T6, STM32C051C6U6, STM32C051C8T6, STM32C051C8U6, STM32C051D8Y6TR, STM32C051F6P6, STM32C051F8P6, STM32C051G6U6, STM32C051G8U6, STM32C051K6T6, STM32C051K6U6, STM32C051K8T6, STM32C071C8T6, STM32C071C8T6N, STM32C071C8U6, STM32C071C8U6N, STM32C071CBT6, STM32C071CBT6N, STM32C071CBU6, STM32C071CBU6N, STM32C071F8P6, STM32C071F8P6N, STM32C071FBP6, STM32C071FBP6N, STM32C071FBY6TR, STM32C071G8U6, STM32C071G8U6N, STM32C071GBU6, STM32C071GBU6N, STM32C071K8T6, STM32C071K8T6N, STM32C071K8U6, STM32C071K8U6N, STM32C071KBT6, STM32C071KBT6N, STM32C071KBU6, STM32C071KBU6N, STM32C071R8T6, STM32C071R8T6N, STM32C071RBI6N, STM32C071RBT6, STM32C071RBT6N, STM32C091CBT6, STM32C091CBU6, STM32C091CCT6, STM32C091CCU6, STM32C091ECY6TR, STM32C091FBP6, STM32C091FCP6, STM32C091GBU6, STM32C091GCU6, STM32C091KBT6, STM32C091KBU6, STM32C091KCT6, STM32C091KCU6, STM32C091RBT6, STM32C091RCI6, STM32C091RCT6, STM32C092CBT6, STM32C092CBU6, STM32C092CCT6, STM32C092CCU6, STM32C092ECY6TR, STM32C092FBP6, STM32C092FCP6, STM32C092GBU6, STM32C092GCU6, STM32C092KBT6, STM32C092KBU6, STM32C092KCT6, STM32C092KCU6, STM32C092RBT6, STM32C092RCI6, STM32C092RCT6, STM32G071K8TXN, STM32G071K8UXN, STM32G081GBU6N, STM32G081KBT6N, STM32G081KBUXN, STM32G0B1CCT6N, STM32G0B1KCT6, STM32G0B1NEY6TR, STM32G0B1RCT6N, STM32G0C1CCT6, STM32G0C1CCT6N, STM32G0C1CCU6N, STM32G0C1CET6N, STM32G0C1CEU6N, STM32G0C1KCT6, STM32G0C1NEY6TR, STM32G0C1RCI6N, STM32G0C1RCT6N, STM32G0C1REI6N, STM32G0C1RET6N, STM32G0C1VCI6, STM32G0C1VEI6, STM32G411C6T3, STM32G411C6T6, STM32G411C6U3, STM32G411C6U6, STM32G411C8T3, STM32G411C8T6, STM32G411C8U3, STM32G411C8U6, STM32G411CBT3, STM32G411CBT6, STM32G411CBU3, STM32G411CBU6, STM32G411K6T3, STM32G411K6T6, STM32G411K6U3, STM32G411K6U6, STM32G411K8T3, STM32G411K8T6, STM32G411K8U3, STM32G411K8U6, STM32G411KBT3, STM32G411KBT6, STM32G411KBU3, STM32G411KBU6, STM32G411M6T3, STM32G411M6T6, STM32G411M8T3, STM32G411M8T6, STM32G411MBT3, STM32G411MBT6, STM32G411R6T3, STM32G411R6T6, STM32G411R8T3, STM32G411R8T6, STM32G411RBT3, STM32G411RBT6, STM32G414CBT3, STM32G414CBT6, STM32G414CBU3, STM32G414CBU6, STM32G414CCT3, STM32G414CCT6, STM32G414CCU3, STM32G414CCU6, STM32G414MBT3, STM32G414MBT6, STM32G414MCT3, STM32G414MCT6, STM32G414RBT3, STM32G414RBT6, STM32G414RCT3, STM32G414RCT6, STM32G414VBT3, STM32G414VBT6, STM32G414VCT3, STM32G414VCT6, STM32G431CBT3Z, STM32G431RBT3Z, STM32G471CCT6, STM32G471CCU6, STM32G471CET3, STM32G471CET6, STM32G471CEU3, STM32G471CEU6, STM32G471MCT6, STM32G471MET3, STM32G471MET6, STM32G471MEY6TR, STM32G471QCT6, STM32G471QET3, STM32G471RCT6, STM32G471RET3, STM32G471RET6, STM32G471VCH6, STM32G471VCI6, STM32G471VCT6, STM32G471VEH3, STM32G471VEH6, STM32G471VEI3, STM32G471VEI6, STM32G471VET3, STM32G471VET6, STM32G473QET3Z, STM32G473RET3Z, STM32G474CCT6, STM32G491RET3Z, STM32H503CBT6, STM32H503CBU6, STM32H503EBY6TR, STM32H503KBU6, STM32H503RBT6, STM32H523CCT6, STM32H523CCU6, STM32H523CET6, STM32H523CEU6, STM32H523HEY6TR, STM32H523RCT6, STM32H523RET6, STM32H523VCI6, STM32H523VCT6, STM32H523VEI6, STM32H523VET6, STM32H523ZCJ6, STM32H523ZCT6, STM32H523ZEJ6, STM32H523ZET6, STM32H533CET6, STM32H533CEU6, STM32H533HEY6TR, STM32H533RET6, STM32H533VEI6, STM32H533VET6, STM32H533ZEJ6, STM32H533ZET6, STM32H562AGI6, STM32H562AII6, STM32H562IGK6, STM32H562IGT6, STM32H562IIK6, STM32H562IIT6, STM32H562RGT6, STM32H562RGV6, STM32H562RIT6, STM32H562RIV6, STM32H562VGT6, STM32H562VIT6, STM32H562ZGT6, STM32H562ZIT6, STM32H563AGI6, STM32H563AII3Q, STM32H563AII6, STM32H563IGK6, STM32H563IGT6, STM32H563IIK3Q, STM32H563IIK6, STM32H563IIT3Q, STM32H563IIT6, STM32H563MIY3QTR, STM32H563RGT6, STM32H563RGV6, STM32H563RIT6, STM32H563RIV6, STM32H563VGT6, STM32H563VIT3Q, STM32H563VIT6, STM32H563ZGT6, STM32H563ZIT3Q, STM32H563ZIT6, STM32H573AII3Q, STM32H573AII6, STM32H573I-DK, STM32H573IIK3Q, STM32H573IIK6, STM32H573IIT3Q, STM32H573IIT6, STM32H573MIY3QTR, STM32H573RIT6, STM32H573RIV6, STM32H573VIT3Q, STM32H573VIT6, STM32H573ZIT3Q, STM32H573ZIT6, STM32H7R3A8I6, STM32H7R3I8K6, STM32H7R3I8T6, STM32H7R3L8H6, STM32H7R3L8H6H, STM32H7R3R8V6, STM32H7R3V8H6, STM32H7R3V8T6, STM32H7R3V8Y6TR, STM32H7R3Z8J6, STM32H7R3Z8T6, STM32H7R7A8I6, STM32H7R7I8K6, STM32H7R7I8T6, STM32H7R7L8H6, STM32H7R7L8H6H, STM32H7R7Z8J6, STM32H7S3A8I6, STM32H7S3I8K6, STM32H7S3I8T6, STM32H7S3L8H6, STM32H7S3L8H6H, STM32H7S3R8V6, STM32H7S3V8H6, STM32H7S3V8T6, STM32H7S3V8Y6TR, STM32H7S3Z8J6, STM32H7S3Z8T6, STM32H7S78-DK, STM32H7S7A8I6, STM32H7S7I8K6, STM32H7S7I8T6, STM32H7S7L8H6, STM32H7S7L8H6H, STM32H7S7Z8J6, STM32L4R5QGI6STR, STM32MP131AAE3, STM32MP131AAF3, STM32MP131AAG3, STM32MP131CAE3, STM32MP131CAF3, STM32MP131CAG3, STM32MP131DAE7, STM32MP131DAF7, STM32MP131DAG7, STM32MP131FAE7, STM32MP131FAF7, STM32MP131FAG7, STM32MP133AAE3, STM32MP133AAF3, STM32MP133AAG3, STM32MP133CAE3, STM32MP133CAF3, STM32MP133CAG3, STM32MP133DAE7, STM32MP133DAF7, STM32MP133DAG7, STM32MP133FAE7, STM32MP133FAF7, STM32MP133FAG7, STM32MP135AAE3, STM32MP135AAF3, STM32MP135AAG3, STM32MP135CAE3, STM32MP135CAF3, STM32MP135CAG3, STM32MP135DAE7, STM32MP135DAF7, STM32MP135DAG7, STM32MP135F-DK, STM32MP135FAE7, STM32MP135FAF7, STM32MP135FAF7T, STM32MP135FAF7U, STM32MP135FAG7, STM32MP211AAL3, STM32MP211AAM3, STM32MP211AAN3, STM32MP211AAO3, STM32MP211CAL3, STM32MP211CAM3, STM32MP211CAN3, STM32MP211CAO3, STM32MP211DAL3, STM32MP211DAM3, STM32MP211DAN3, STM32MP211DAO3, STM32MP211FAL3, STM32MP211FAM3, STM32MP211FAN3, STM32MP211FAO3, STM32MP213AAL3, STM32MP213AAM3, STM32MP213AAN3, STM32MP213AAO3, STM32MP213CAL3, STM32MP213CAM3, STM32MP213CAN3, STM32MP213CAO3, STM32MP213DAL3, STM32MP213DAM3, STM32MP213DAN3, STM32MP213DAO3, STM32MP213FAL3, STM32MP213FAM3, STM32MP213FAN3, STM32MP213FAO3, STM32MP215AAL3, STM32MP215AAM3, STM32MP215AAN3, STM32MP215AAO3, STM32MP215CAL3, STM32MP215CAM3, STM32MP215CAN3, STM32MP215CAO3, STM32MP215DAL3, STM32MP215DAM3, STM32MP215DAN3, STM32MP215DAO3, STM32MP215F-DK, STM32MP215FAL3, STM32MP215FAM3, STM32MP215FAN3, STM32MP215FAO3, STM32MP231AAJ3, STM32MP231AAK3, STM32MP231AAL3, STM32MP231CAJ3, STM32MP231CAK3, STM32MP231CAL3, STM32MP231DAJ3, STM32MP231DAK3, STM32MP231DAL3, STM32MP231FAJ3, STM32MP231FAK3, STM32MP231FAL3, STM32MP233AAJ3, STM32MP233AAK3, STM32MP233AAL3, STM32MP233CAJ3, STM32MP233CAK3, STM32MP233CAL3, STM32MP233DAJ3, STM32MP233DAK3, STM32MP233DAL3, STM32MP233FAJ3, STM32MP233FAK3, STM32MP233FAL3, STM32MP235AAJ3, STM32MP235AAK3, STM32MP235AAL3, STM32MP235CAJ3, STM32MP235CAK3, STM32MP235CAL3, STM32MP235DAJ3, STM32MP235DAK3, STM32MP235DAL3, STM32MP235FAJ3, STM32MP235FAK3, STM32MP235FAL3, STM32MP251AAI3, STM32MP251AAK3, STM32MP251AAL3, STM32MP251CAI3, STM32MP251CAK3, STM32MP251CAL3, STM32MP251DAI3, STM32MP251DAK3, STM32MP251DAL3, STM32MP251FAI3, STM32MP251FAK3, STM32MP251FAL3, STM32MP253AAI3, STM32MP253AAK3, STM32MP253AAL3, STM32MP253CAI3, STM32MP253CAK3, STM32MP253CAL3, STM32MP253DAI3, STM32MP253DAK3, STM32MP253DAL3, STM32MP253FAI3, STM32MP253FAK3, STM32MP253FAL3, STM32MP255AAI3, STM32MP255AAK3, STM32MP255AAL3, STM32MP255CAI3, STM32MP255CAK3, STM32MP255CAL3, STM32MP255DAI3, STM32MP255DAK3, STM32MP255DAL3, STM32MP255FAI3, STM32MP255FAK3, STM32MP255FAL3, STM32MP257AAI3, STM32MP257AAK3, STM32MP257AAL3, STM32MP257CAI3, STM32MP257CAK3, STM32MP257CAL3, STM32MP257DAI3, STM32MP257DAK3, STM32MP257DAL3, STM32MP257F-DK, STM32MP257F-EV1, STM32MP257FAI3, STM32MP257FAK3, STM32MP257FAL3, STM32N645A0H3Q, STM32N645B0H3Q, STM32N645I0H3Q, STM32N645L0H3Q, STM32N645X0H3Q, STM32N645Z0H3Q, STM32N647A0H3Q, STM32N647B0H3Q, STM32N647I0H3Q, STM32N647L0H3Q, STM32N647X0H3Q, STM32N647Z0H3Q, STM32N655A0H3Q, STM32N655B0H3Q, STM32N655I0H3Q, STM32N655L0H3Q, STM32N655X0H3Q, STM32N655Z0H3Q, STM32N6570-DK, STM32N657A0H3Q, STM32N657B0H3Q, STM32N657I0H3Q, STM32N657L0H3Q, STM32N657X0H3Q, STM32N657Z0H3Q, STM32U031C6T6, STM32U031C6U6, STM32U031C8T6, STM32U031C8U6, STM32U031F4P6, STM32U031F6P6, STM32U031F8P6, STM32U031G6Y6TR, STM32U031G8Y6TR, STM32U031K4U6, STM32U031K6U6, STM32U031K8U6, STM32U031R6I6, STM32U031R6T6, STM32U031R8I6, STM32U031R8T6, STM32U073C8T6, STM32U073C8U6, STM32U073CBT6, STM32U073CBU6, STM32U073CCT6, STM32U073CCU6, STM32U073H8Y6TR, STM32U073HBY6TR, STM32U073HCY6TR, STM32U073K8U6, STM32U073KBU6, STM32U073KCU6, STM32U073M8I6, STM32U073M8T6, STM32U073MBI6, STM32U073MBT6, STM32U073MCI6, STM32U073MCT6, STM32U073R8I6, STM32U073R8T6, STM32U073RBI6, STM32U073RBT6, STM32U073RCI6, STM32U073RCT6, STM32U083C-DK, STM32U083CCT6, STM32U083CCU6, STM32U083HCY6TR, STM32U083KCU6, STM32U083MCI6, STM32U083MCT6, STM32U083RCI6, STM32U083RCT6, STM32U375CET6, STM32U375CET6Q, STM32U375CEU6, STM32U375CEU6Q, STM32U375CEY6QTR, STM32U375CGT6, STM32U375CGT6Q, STM32U375CGU6, STM32U375CGU6Q, STM32U375CGY6QTR, STM32U375KEU6, STM32U375KGU6, STM32U375REI6, STM32U375REI6Q, STM32U375RET6, STM32U375RET6Q, STM32U375REY6GTR, STM32U375REY6QTR, STM32U375RGI6, STM32U375RGI6Q, STM32U375RGT6, STM32U375RGT6Q, STM32U375RGY6GTR, STM32U375RGY6QTR, STM32U375VEI6, STM32U375VEI6Q, STM32U375VET6, STM32U375VET6Q, STM32U375VGI6, STM32U375VGI6Q, STM32U375VGT6, STM32U375VGT6Q, STM32U385CGT6, STM32U385CGT6Q, STM32U385CGU6, STM32U385CGU6Q, STM32U385CGY6QTR, STM32U385KGU6, STM32U385RGI6, STM32U385RGI6Q, STM32U385RGT6, STM32U385RGT6Q, STM32U385RGY6GTR, STM32U385RGY6QTR, STM32U385VGI6, STM32U385VGI6Q, STM32U385VGT6, STM32U385VGT6Q, STM32U535CBT6, STM32U535CBT6Q, STM32U535CBU6, STM32U535CBU6Q, STM32U535CCT6, STM32U535CCT6Q, STM32U535CCU6, STM32U535CCU6Q, STM32U535CET6, STM32U535CET6Q, STM32U535CEU6, STM32U535CEU6Q, STM32U535JEY6QTR, STM32U535NCY6QTR, STM32U535NEY6QTR, STM32U535RBI6, STM32U535RBI6Q, STM32U535RBT6, STM32U535RBT6Q, STM32U535RCI6, STM32U535RCI6Q, STM32U535RCT6, STM32U535RCT6Q, STM32U535REI6, STM32U535REI6Q, STM32U535RET6, STM32U535RET6Q, STM32U535VCI6, STM32U535VCI6Q, STM32U535VCT6, STM32U535VCT6Q, STM32U535VEI6, STM32U535VEI6Q, STM32U535VET6, STM32U535VET6Q, STM32U545CET6, STM32U545CET6Q, STM32U545CEU6, STM32U545CEU6Q, STM32U545JEY6QTR, STM32U545NEY6QTR, STM32U545REI6, STM32U545REI6Q, STM32U545RET6, STM32U545RET6Q, STM32U545VEI6, STM32U545VEI6Q, STM32U545VET6, STM32U545VET6Q, STM32U595AIH6, STM32U595AIH6Q, STM32U595AJH6, STM32U595AJH6Q, STM32U595QII6, STM32U595QII6Q, STM32U595QJI6, STM32U595QJI6Q, STM32U595RIT6, STM32U595RIT6Q, STM32U595RJT6, STM32U595RJT6Q, STM32U595VIT6, STM32U595VIT6Q, STM32U595VJT6, STM32U595VJT6Q, STM32U595ZIT6, STM32U595ZIT6Q, STM32U595ZIY6QTR, STM32U595ZJT6, STM32U595ZJT6Q, STM32U595ZJY6QTR, STM32U599BJY6QTR, STM32U599NIH6Q, STM32U599NJH6Q, STM32U599VIT6Q, STM32U599VJT6, STM32U599VJT6Q, STM32U599ZIT6Q, STM32U599ZIY6QTR, STM32U599ZJT6Q, STM32U599ZJY6QTR, STM32U5A5AJH6, STM32U5A5AJH6Q, STM32U5A5QII3Q , STM32U5A5QJI6, STM32U5A5QJI6Q, STM32U5A5RJT6, STM32U5A5RJT6Q, STM32U5A5VJT6, STM32U5A5VJT6Q, STM32U5A5ZJT6, STM32U5A5ZJT6Q, STM32U5A5ZJY6QTR, STM32U5A9BJY6QTR, STM32U5A9J-DK, STM32U5A9NJH6Q, STM32U5A9VJT6Q, STM32U5A9ZJT6Q, STM32U5A9ZJY6QTR, STM32U5F7VIT6, STM32U5F7VIT6Q, STM32U5F7VJT6, STM32U5F7VJT6Q, STM32U5F9BJY6QTR, STM32U5F9NJH6Q, STM32U5F9VIT6Q, STM32U5F9VJT6Q, STM32U5F9ZIJ6QTR, STM32U5F9ZIT6Q, STM32U5F9ZJJ6QTR, STM32U5F9ZJT6Q, STM32U5G7VJT6, STM32U5G7VJT6Q, STM32U5G9BJY6QTR, STM32U5G9J-DK1, STM32U5G9J-DK2, STM32U5G9NJH6Q, STM32U5G9VJT6Q, STM32U5G9ZJJ6QTR, STM32U5G9ZJT6Q, STM32WB05KZV6TR, STM32WB05KZV7TR, STM32WB05TZF6TR, STM32WB05TZF7TR, STM32WB06CCF6TR, STM32WB06CCF7TR, STM32WB06CCV6TR, STM32WB06CCV7TR, STM32WB06KCV6TR, STM32WB06KCV7TR, STM32WB07CCF6TR, STM32WB07CCF7TR, STM32WB07CCV6TR, STM32WB07CCV7TR, STM32WB07KCV6TR, STM32WB07KCV7TR, STM32WB09KEV6TR, STM32WB09KEV7TR, STM32WB09TEF6TR, STM32WB09TEF7TR, STM32WB1MMCH6, STM32WBA50KGU6, STM32WBA50KGU6TR, STM32WBA52CEU6, STM32WBA52CEU6TR, STM32WBA52CEU7, STM32WBA52CEU7TR, STM32WBA52CGU6, STM32WBA52CGU6TR, STM32WBA52CGU6U, STM32WBA52CGU7, STM32WBA52CGU7TR, STM32WBA52KEU6, STM32WBA52KEU6TR, STM32WBA52KGU6, STM32WBA52KGU6TR, STM32WBA54CEU6, STM32WBA54CEU6TR, STM32WBA54CEU7, STM32WBA54CEU7TR, STM32WBA54CGU6, STM32WBA54CGU6TR, STM32WBA54CGU7, STM32WBA54CGU7TR, STM32WBA54KEU6, STM32WBA54KEU6TR, STM32WBA54KEU7, STM32WBA54KEU7TR, STM32WBA54KGU6, STM32WBA54KGU6TR, STM32WBA54KGU7, STM32WBA54KGU7TR, STM32WBA55CEU6, STM32WBA55CEU6TR, STM32WBA55CEU7, STM32WBA55CEU7TR, STM32WBA55CGU6, STM32WBA55CGU6TR, STM32WBA55CGU6U, STM32WBA55CGU7, STM32WBA55CGU7TR, STM32WBA55G-DK1, STM32WBA55HEF6, STM32WBA55HEF7, STM32WBA55HGF6, STM32WBA55HGF7, STM32WBA55UEI6, STM32WBA55UEI6TR, STM32WBA55UEI7, STM32WBA55UEI7TR, STM32WBA55UGI6, STM32WBA55UGI6TR, STM32WBA55UGI7, STM32WBA55UGI7TR, STM32WBA5MMGH6TR, STM32WBA62MGF6, STM32WBA62MIF6, STM32WBA65MGF7, STM32WBA65MIF6, STM32WBA65MIF7, STM32WL30K8V6, STM32WL30KBV6, STM32WL31C8V6, STM32WL31CBV6, STM32WL31K8V6, STM32WL31KBV6, STM32WL33C8V6, STM32WL33C8V6X, STM32WL33CBV6, STM32WL33CBV6X, STM32WL33CCV6, STM32WL33CCV6A, STM32WL33CCV6X, STM32WL33K8V7, STM32WL33K8V7X, STM32WL33KBV7 , STM32WL33KBV7X, STM32WL33KCV7, STM32WL33KCV7X, STM32WL5MOCH6, STM32WL5MOCH6TR]
2025-11-22 13:44:41,622 [INFO] DbMcus:218 - Found 4801 MCUs, 4801 are supported
2025-11-22 13:44:41,623 [INFO] ApiDb:423 - Load user favorites file C:\Users\PC/.stm32cubeide/favorites.mcus.txt: 0 item(s)
2025-11-22 13:44:41,623 [INFO] ApiDb:427 - User favorites MCUs=[]
2025-11-22 13:44:41,623 [INFO] DbMcus:224 - Set 0 / 0 favorites MCUs
2025-11-22 13:44:41,972 [INFO] ApiDb:423 - Load user favorites file C:\Users\PC/.stm32cubeide/favorites.boards.txt: 0 item(s)
2025-11-22 13:44:41,972 [INFO] ApiDb:427 - User favorites Boards=[]
2025-11-22 13:44:41,973 [INFO] DbBoards:198 - Set 0 / 0 favorites Boards
2025-11-22 13:44:42,036 [INFO] UtilMem:75 - End LoadConfig() Used Memory: 620045888 Bytes (1073741824)
2025-11-22 13:44:42,167 [WARN] ThirdParty:833 - waiting for thirdparty lock release [change project]
2025-11-22 13:44:42,167 [INFO] ThirdParty:835 - entering critical section [change project]
2025-11-22 13:44:42,167 [INFO] ThirdParty:1030 - CMSIS Pack Vendor :STMicroelectronics X-CUBE-PM33A1 1.0.0
2025-11-22 13:44:42,167 [INFO] ThirdParty:1030 - CMSIS Pack Vendor :STMicroelectronics USBPD 4.1
2025-11-22 13:44:42,167 [INFO] ThirdParty:1030 - CMSIS Pack Vendor :STMicroelectronics X-CUBE-NFC9 1.0.0
2025-11-22 13:44:42,167 [INFO] ThirdParty:1030 - CMSIS Pack Vendor :STMicroelectronics USB_HOST 2.0.0
2025-11-22 13:44:42,167 [INFO] ThirdParty:1030 - CMSIS Pack Vendor :STMicroelectronics FP-SNS-MOTENVWB1 1.4.0
2025-11-22 13:44:42,167 [INFO] ThirdParty:1030 - CMSIS Pack Vendor :STMicroelectronics X-CUBE-AZRTOS-F4 1.1.0
2025-11-22 13:44:42,167 [INFO] ThirdParty:1030 - CMSIS Pack Vendor :STMicroelectronics LIBJPEG 8.0.0
2025-11-22 13:44:42,167 [INFO] ThirdParty:1030 - CMSIS Pack Vendor :STMicroelectronics FP-ATR-ASTRA1 2.0.2
2025-11-22 13:44:42,167 [INFO] ThirdParty:1030 - CMSIS Pack Vendor :wolfSSL I-CUBE-wolfSSL 5.8.2
2025-11-22 13:44:42,167 [INFO] ThirdParty:1030 - CMSIS Pack Vendor :STMicroelectronics X-CUBE-BLE1 7.1.0
2025-11-22 13:44:42,168 [INFO] ThirdParty:1030 - CMSIS Pack Vendor :Avnet-IotConnect X-CUBE-IoTC-DA16k-PMOD 1.0.0
2025-11-22 13:44:42,168 [INFO] ThirdParty:1030 - CMSIS Pack Vendor :STMicroelectronics X-CUBE-SMBUS 2.1.0
2025-11-22 13:44:42,168 [INFO] ThirdParty:1030 - CMSIS Pack Vendor :wolfSSL I-CUBE-wolfMQTT 1.19.2
2025-11-22 13:44:42,168 [INFO] ThirdParty:1030 - CMSIS Pack Vendor :STMicroelectronics USB_DEVICE 3.0.0
2025-11-22 13:44:42,168 [INFO] ThirdParty:1030 - CMSIS Pack Vendor :STMicroelectronics X-CUBE-ISPU 2.1.0
2025-11-22 13:44:42,168 [INFO] ThirdParty:1030 - CMSIS Pack Vendor :STMicroelectronics X-CUBE-EEPRMA1 5.2.0
2025-11-22 13:44:42,168 [INFO] ThirdParty:1030 - CMSIS Pack Vendor :STMicroelectronics X-CUBE-IPS 3.2.0
2025-11-22 13:44:42,168 [INFO] ThirdParty:1030 - CMSIS Pack Vendor :STMicroelectronics X-CUBE-BLEMGR 4.1.0
2025-11-22 13:44:42,168 [INFO] ThirdParty:1030 - CMSIS Pack Vendor :STMicroelectronics X-CUBE-AZRTOS-WB 2.0.0
2025-11-22 13:44:42,168 [INFO] ThirdParty:1030 - CMSIS Pack Vendor :STMicroelectronics X-CUBE-ST60 1.0.0
2025-11-22 13:44:42,168 [INFO] ThirdParty:1030 - CMSIS Pack Vendor :STMicroelectronics X-CUBE-GNSS1 7.0.1
2025-11-22 13:44:42,168 [INFO] ThirdParty:1030 - CMSIS Pack Vendor :STMicroelectronics X-CUBE-NFC12 1.0.0
2025-11-22 13:44:42,168 [INFO] ThirdParty:1030 - CMSIS Pack Vendor :STMicroelectronics X-CUBE-AZRTOS-F7 1.1.0
2025-11-22 13:44:42,168 [INFO] ThirdParty:1030 - CMSIS Pack Vendor :STMicroelectronics X-CUBE-AZRTOS-L5 2.0.0
2025-11-22 13:44:42,168 [INFO] ThirdParty:1030 - CMSIS Pack Vendor :STMicroelectronics X-CUBE-TOUCHGFX 4.25.0
2025-11-22 13:44:42,168 [INFO] ThirdParty:1030 - CMSIS Pack Vendor :STMicroelectronics USB_DEVICE 2.0.0
2025-11-22 13:44:42,168 [INFO] ThirdParty:1030 - CMSIS Pack Vendor :STMicroelectronics X-CUBE-NFC6 3.1.0
2025-11-22 13:44:42,168 [INFO] ThirdParty:1030 - CMSIS Pack Vendor :STMicroelectronics X-CUBE-ST67W61 1.1.0
2025-11-22 13:44:42,168 [INFO] ThirdParty:1030 - CMSIS Pack Vendor :Cesanta I-CUBE-Mongoose 7.19.0
2025-11-22 13:44:42,168 [INFO] ThirdParty:1030 - CMSIS Pack Vendor :quantropi X-CUBE-qispace-sdk-base 2.1.0
2025-11-22 13:44:42,168 [INFO] ThirdParty:1030 - CMSIS Pack Vendor :STMicroelectronics FP-SNS-MOTENV1 5.1.0
2025-11-22 13:44:42,168 [INFO] ThirdParty:1030 - CMSIS Pack Vendor :STMicroelectronics FreeRTOS 0.0.1
2025-11-22 13:44:42,168 [INFO] ThirdParty:1030 - CMSIS Pack Vendor :STMicroelectronics X-CUBE-AZRTOS-G0 1.1.0
2025-11-22 13:44:42,168 [INFO] ThirdParty:1030 - CMSIS Pack Vendor :STMicroelectronics X-CUBE-SAFEA1 1.2.2
2025-11-22 13:44:42,168 [INFO] ThirdParty:1030 - CMSIS Pack Vendor :STMicroelectronics X-CUBE-NFC4 3.0.0
2025-11-22 13:44:42,168 [INFO] ThirdParty:1030 - CMSIS Pack Vendor :STMicroelectronics X-CUBE-SUBG2 5.0.0
2025-11-22 13:44:42,168 [INFO] ThirdParty:1030 - CMSIS Pack Vendor :STMicroelectronics X-CUBE-AZRTOS-H7RS 1.1.0
2025-11-22 13:44:42,168 [INFO] ThirdParty:1030 - CMSIS Pack Vendor :STMicroelectronics STM32_WPAN 1.0.0
2025-11-22 13:44:42,168 [INFO] ThirdParty:1030 - CMSIS Pack Vendor :EmbeddedOffice I-CUBE-FS-RTOS 1.0.1
2025-11-22 13:44:42,168 [INFO] ThirdParty:1030 - CMSIS Pack Vendor :STMicroelectronics lwIP 2.0.3
2025-11-22 13:44:42,169 [INFO] ThirdParty:1030 - CMSIS Pack Vendor :WES I-CUBE-Cesium 1.4.0
2025-11-22 13:44:42,169 [INFO] ThirdParty:1030 - CMSIS Pack Vendor :STMicroelectronics USB_HOST 1.0.0
2025-11-22 13:44:42,169 [INFO] ThirdParty:1030 - CMSIS Pack Vendor :Infineon AIROC-Wi-Fi-Bluetooth-STM32 1.7.1
2025-11-22 13:44:42,169 [INFO] ThirdParty:1030 - CMSIS Pack Vendor :STMicroelectronics X-CUBE-AZRTOS-G4 2.0.0
2025-11-22 13:44:42,169 [INFO] ThirdParty:1030 - CMSIS Pack Vendor :STMicroelectronics X-CUBE-WB05N 2.0.0
2025-11-22 13:44:42,169 [INFO] ThirdParty:1030 - CMSIS Pack Vendor :STMicroelectronics PDM2PCM 3.1.0
2025-11-22 13:44:42,169 [INFO] ThirdParty:1030 - CMSIS Pack Vendor :STMicroelectronics PDM2PCM 3.3.0
2025-11-22 13:44:42,169 [INFO] ThirdParty:1030 - CMSIS Pack Vendor :wolfSSL I-CUBE-wolfTPM 3.8.0
2025-11-22 13:44:42,169 [INFO] ThirdParty:1030 - CMSIS Pack Vendor :STMicroelectronics X-CUBE-AZRTOS-H7 3.4.0
2025-11-22 13:44:42,169 [INFO] ThirdParty:1030 - CMSIS Pack Vendor :STMicroelectronics X-CUBE-DISPLAY 3.0.0
2025-11-22 13:44:42,169 [INFO] ThirdParty:1030 - CMSIS Pack Vendor :wolfSSL I-CUBE-wolfSSH 1.4.20
2025-11-22 13:44:42,169 [INFO] ThirdParty:1030 - CMSIS Pack Vendor :STMicroelectronics X-CUBE-NFC7 2.0.0
2025-11-22 13:44:42,169 [INFO] ThirdParty:1030 - CMSIS Pack Vendor :STMicroelectronics X-CUBE-TCPP 4.2.0
2025-11-22 13:44:42,169 [INFO] ThirdParty:1030 - CMSIS Pack Vendor :RealThread X-CUBE-RT-Thread_Nano 4.1.1
2025-11-22 13:44:42,169 [INFO] ThirdParty:1030 - CMSIS Pack Vendor :STMicroelectronics FP-ATR-SIGFOX1 3.2.0
2025-11-22 13:44:42,169 [INFO] ThirdParty:1030 - CMSIS Pack Vendor :STMicroelectronics X-CUBE-NFC10 1.0.0
2025-11-22 13:44:42,169 [INFO] ThirdParty:1030 - CMSIS Pack Vendor :STMicroelectronics X-CUBE-FREERTOS 1.3.1
2025-11-22 13:44:42,169 [INFO] ThirdParty:1030 - CMSIS Pack Vendor :STMicroelectronics HAL Drivers 0.0.0
2025-11-22 13:44:42,169 [INFO] ThirdParty:1030 - CMSIS Pack Vendor :STMicroelectronics MBEDTLS 2.16.2
2025-11-22 13:44:42,169 [INFO] ThirdParty:1030 - CMSIS Pack Vendor :STMicroelectronics X-CUBE-ST60 1.1.0
2025-11-22 13:44:42,169 [INFO] ThirdParty:1030 - CMSIS Pack Vendor :STMicroelectronics X-CUBE-IPS 3.1.0
2025-11-22 13:44:42,169 [INFO] ThirdParty:1030 - CMSIS Pack Vendor :STMicroelectronics X-CUBE-ALS 1.0.2
2025-11-22 13:44:42,169 [INFO] ThirdParty:1030 - CMSIS Pack Vendor :emotas I-CUBE-CANOPEN 1.3.0
2025-11-22 13:44:42,169 [INFO] ThirdParty:1030 - CMSIS Pack Vendor :STMicroelectronics MBEDTLS 2.14.1
2025-11-22 13:44:42,169 [INFO] ThirdParty:1030 - CMSIS Pack Vendor :STMicroelectronics X-CUBE-GNSS1 7.1.0
2025-11-22 13:44:42,169 [INFO] ThirdParty:1030 - CMSIS Pack Vendor :ITTIA_DB I-CUBE-ITTIADB 8.9.0
2025-11-22 13:44:42,169 [INFO] ThirdParty:1030 - CMSIS Pack Vendor :STMicroelectronics X-CUBE-TOUCHGFX 4.26.0
2025-11-22 13:44:42,169 [INFO] ThirdParty:1030 - CMSIS Pack Vendor :STMicroelectronics X-CUBE-STSE01 1.0.0
2025-11-22 13:44:42,169 [INFO] ThirdParty:1030 - CMSIS Pack Vendor :STMicroelectronics X-CUBE-ST67W61 1.0.0
2025-11-22 13:44:42,169 [INFO] ThirdParty:1030 - CMSIS Pack Vendor :STMicroelectronics FP-SNS-STBOX1 2.1.0
2025-11-22 13:44:42,170 [INFO] ThirdParty:1030 - CMSIS Pack Vendor :STMicroelectronics X-CUBE-AI 10.2.0
2025-11-22 13:44:42,170 [INFO] ThirdParty:1030 - CMSIS Pack Vendor :STMicroelectronics FP-SNS-STAIOTCFT 1.0.0
2025-11-22 13:44:42,170 [INFO] ThirdParty:1030 - CMSIS Pack Vendor :STMicroelectronics ThreadX 1.0.0
2025-11-22 13:44:42,170 [INFO] ThirdParty:1030 - CMSIS Pack Vendor :STMicroelectronics FP-SNS-SMARTAG2 1.2.0
2025-11-22 13:44:42,170 [INFO] ThirdParty:1030 - CMSIS Pack Vendor :STMicroelectronics FP-SNS-FLIGHT1 5.1.0
2025-11-22 13:44:42,170 [INFO] ThirdParty:1030 - CMSIS Pack Vendor :STMicroelectronics X-CUBE-AZRTOS-WL 2.0.0
2025-11-22 13:44:42,170 [INFO] ThirdParty:1030 - CMSIS Pack Vendor :SEGGER I-CUBE-embOS 1.3.1
2025-11-22 13:44:42,170 [INFO] ThirdParty:1030 - CMSIS Pack Vendor :STMicroelectronics X-CUBE-ALGOBUILD 1.4.0
2025-11-22 13:44:42,170 [INFO] ThirdParty:1030 - CMSIS Pack Vendor :STMicroelectronics X-CUBE-DPower 1.3.0
2025-11-22 13:44:42,170 [INFO] ThirdParty:1030 - CMSIS Pack Vendor :STMicroelectronics X-CUBE-MEMS1 11.3.0
2025-11-22 13:44:42,170 [INFO] ThirdParty:1030 - CMSIS Pack Vendor :STMicroelectronics FP-SNS-MOTENV1 5.0.0
2025-11-22 13:44:42,170 [INFO] ThirdParty:1030 - CMSIS Pack Vendor :STMicroelectronics USB_DEVICE 1.0.0
2025-11-22 13:44:42,170 [INFO] ThirdParty:1030 - CMSIS Pack Vendor :STMicroelectronics X-CUBE-AZRTOS-L4 2.0.0
2025-11-22 13:44:42,170 [INFO] ThirdParty:1030 - CMSIS Pack Vendor :STMicroelectronics ThreadX 0.0.2
2025-11-22 13:44:42,170 [INFO] ThirdParty:1030 - CMSIS Pack Vendor :STMicroelectronics lwIP 2.1.2
2025-11-22 13:44:42,170 [INFO] ThirdParty:1030 - CMSIS Pack Vendor :STMicroelectronics X-CUBE-SFXS2LP1 4.0.0
2025-11-22 13:44:42,170 [INFO] ThirdParty:1030 - CMSIS Pack Vendor :STMicroelectronics X-CUBE-BLE2 3.3.0
2025-11-22 13:44:42,170 [INFO] ThirdParty:1030 - CMSIS Pack Vendor :Avnet-IOTCONNECT X-CUBE-iotc-st67-sdk 1.0.0
2025-11-22 13:44:42,170 [INFO] ThirdParty:1030 - CMSIS Pack Vendor :STMicroelectronics X-CUBE-TOF1 3.4.3
2025-11-22 13:44:42,170 [INFO] ThirdParty:1030 - CMSIS Pack Vendor :STMicroelectronics PDM2PCM 3.2.0
2025-11-22 13:44:42,170 [INFO] ThirdParty:841 - exiting critical section [change project]
2025-11-22 13:44:42,537 [INFO] PinOutPanel:1589 - setPackage(No Configuration,No Configuration)
2025-11-22 13:44:42,539 [INFO] PinOutPanel:1589 - setPackage(STM32F407VGTx,LQFP100)
2025-11-22 13:44:42,900 [INFO] UtilMem:75 - Before build in PCC Used Memory: 908139672 Bytes (1073741824)
2025-11-22 13:44:43,424 [INFO] UtilMem:75 - After build in PCC Used Memory: 628754704 Bytes (1073741824)
2025-11-22 13:44:43,450 [INFO] IPUIPlugin:80 - create IPUIPlugin
2025-11-22 13:44:43,450 [INFO] IPUIPlugin:80 - create IPUIPlugin
2025-11-22 13:44:43,450 [INFO] IPUIPlugin:80 - create IPUIPlugin
2025-11-22 13:44:43,451 [INFO] IPUIPlugin:80 - create IPUIPlugin
2025-11-22 13:44:43,451 [INFO] IPUIPlugin:80 - create IPUIPlugin
2025-11-22 13:44:43,451 [INFO] IPUIPlugin:80 - create IPUIPlugin
2025-11-22 13:44:43,451 [INFO] IPUIPlugin:80 - create IPUIPlugin
2025-11-22 13:44:43,451 [INFO] IPUIPlugin:80 - create IPUIPlugin
2025-11-22 13:44:43,451 [INFO] IPUIPlugin:80 - create IPUIPlugin
2025-11-22 13:44:43,451 [INFO] IPUIPlugin:80 - create IPUIPlugin
2025-11-22 13:44:43,451 [INFO] IPUIPlugin:80 - create IPUIPlugin
2025-11-22 13:44:43,451 [INFO] IPUIPlugin:80 - create IPUIPlugin
2025-11-22 13:44:43,451 [INFO] IPUIPlugin:80 - create IPUIPlugin
2025-11-22 13:44:43,451 [INFO] IPUIPlugin:80 - create IPUIPlugin
2025-11-22 13:44:43,452 [INFO] IPUIPlugin:80 - create IPUIPlugin
2025-11-22 13:44:43,452 [INFO] IPUIPlugin:80 - create IPUIPlugin
2025-11-22 13:44:43,452 [INFO] IPUIPlugin:80 - create IPUIPlugin
2025-11-22 13:44:43,452 [INFO] IPUIPlugin:80 - create IPUIPlugin
2025-11-22 13:44:43,452 [INFO] IPUIPlugin:80 - create IPUIPlugin
2025-11-22 13:44:43,452 [INFO] IPUIPlugin:80 - create IPUIPlugin
2025-11-22 13:44:43,452 [INFO] IPUIPlugin:80 - create IPUIPlugin
2025-11-22 13:44:43,452 [INFO] IPUIPlugin:80 - create IPUIPlugin
2025-11-22 13:44:43,453 [INFO] IPUIPlugin:80 - create IPUIPlugin
2025-11-22 13:44:43,453 [INFO] IPUIPlugin:80 - create IPUIPlugin
2025-11-22 13:44:43,453 [INFO] IPUIPlugin:80 - create IPUIPlugin
2025-11-22 13:44:43,453 [INFO] IPUIPlugin:80 - create IPUIPlugin
2025-11-22 13:44:43,453 [INFO] IPUIPlugin:80 - create IPUIPlugin
2025-11-22 13:44:43,453 [INFO] IPUIPlugin:80 - create IPUIPlugin
2025-11-22 13:44:43,454 [INFO] IPUIPlugin:80 - create IPUIPlugin
2025-11-22 13:44:43,454 [INFO] IPUIPlugin:80 - create IPUIPlugin
2025-11-22 13:44:43,454 [INFO] IPUIPlugin:80 - create IPUIPlugin
2025-11-22 13:44:43,454 [INFO] IPUIPlugin:80 - create IPUIPlugin
2025-11-22 13:44:43,454 [INFO] IPUIPlugin:80 - create IPUIPlugin
2025-11-22 13:44:43,454 [INFO] IPUIPlugin:80 - create IPUIPlugin
2025-11-22 13:44:43,454 [INFO] IPUIPlugin:80 - create IPUIPlugin
2025-11-22 13:44:43,455 [INFO] IPUIPlugin:80 - create IPUIPlugin
2025-11-22 13:44:43,455 [INFO] IPUIPlugin:80 - create IPUIPlugin
2025-11-22 13:44:43,455 [INFO] IPUIPlugin:80 - create IPUIPlugin
2025-11-22 13:44:43,455 [INFO] IPUIPlugin:80 - create IPUIPlugin
2025-11-22 13:44:43,455 [INFO] IPUIPlugin:80 - create IPUIPlugin
2025-11-22 13:44:43,455 [INFO] IPUIPlugin:80 - create IPUIPlugin
2025-11-22 13:44:43,455 [INFO] IPUIPlugin:80 - create IPUIPlugin
2025-11-22 13:44:43,456 [INFO] IPUIPlugin:80 - create IPUIPlugin
2025-11-22 13:44:43,456 [INFO] IPUIPlugin:80 - create IPUIPlugin
2025-11-22 13:44:43,456 [INFO] IPUIPlugin:80 - create IPUIPlugin
2025-11-22 13:44:43,456 [INFO] IPUIPlugin:80 - create IPUIPlugin
2025-11-22 13:44:43,456 [INFO] IPUIPlugin:80 - create IPUIPlugin
2025-11-22 13:44:43,457 [INFO] IPUIPlugin:80 - create IPUIPlugin
2025-11-22 13:44:43,457 [INFO] IPUIPlugin:80 - create IPUIPlugin
2025-11-22 13:44:43,457 [INFO] IPUIPlugin:80 - create IPUIPlugin
2025-11-22 13:44:43,457 [INFO] IPUIPlugin:80 - create IPUIPlugin
2025-11-22 13:44:43,458 [INFO] IPUIPlugin:80 - create IPUIPlugin
2025-11-22 13:44:43,458 [INFO] IPUIPlugin:80 - create IPUIPlugin
2025-11-22 13:44:43,458 [INFO] IPUIPlugin:80 - create IPUIPlugin
2025-11-22 13:44:43,458 [INFO] IPUIPlugin:80 - create IPUIPlugin
2025-11-22 13:44:43,459 [INFO] IPUIPlugin:80 - create IPUIPlugin
2025-11-22 13:44:43,459 [INFO] IPUIPlugin:80 - create IPUIPlugin
2025-11-22 13:44:43,459 [INFO] IPUIPlugin:80 - create IPUIPlugin
2025-11-22 13:44:43,506 [INFO] ApiDbMcu:532 - Load IP Config File for PDM2PCM
2025-11-22 13:44:43,512 [WARN] IP:2250 - I2C_Coeff_DF not found: check if there is a RefParameter without a condition.
2025-11-22 13:44:43,512 [WARN] IP:2250 - Analog_Filter not found: check if there is a RefParameter without a condition.
2025-11-22 13:44:43,647 [INFO] CADModel:165 - CPN selected for project levelSTM32F407VGT6
2025-11-22 13:44:43,647 [INFO] CADModel:114 - Register for checkConnection events
2025-11-22 13:44:43,705 [INFO] OpenFileManager:386 - Restore cursor
2025-11-22 13:44:43,861 [WARN] IP:2250 - I2C_Coeff_DF not found: check if there is a RefParameter without a condition.
2025-11-22 13:44:43,862 [WARN] IP:2250 - Analog_Filter not found: check if there is a RefParameter without a condition.
2025-11-22 13:44:43,862 [WARN] IP:2250 - I2C_Coeff_DF not found: check if there is a RefParameter without a condition.
2025-11-22 13:44:43,862 [WARN] IP:2250 - Analog_Filter not found: check if there is a RefParameter without a condition.
2025-11-22 14:05:52,921 [WARN] IP:2250 - I2C_Coeff_DF not found: check if there is a RefParameter without a condition.
2025-11-22 14:05:52,921 [WARN] IP:2250 - Analog_Filter not found: check if there is a RefParameter without a condition.
2025-11-22 14:05:52,922 [WARN] IP:2250 - I2C_Coeff_DF not found: check if there is a RefParameter without a condition.
2025-11-22 14:05:52,922 [WARN] IP:2250 - Analog_Filter not found: check if there is a RefParameter without a condition.
2025-11-22 14:05:52,970 [WARN] IP:2250 - I2C_Coeff_DF not found: check if there is a RefParameter without a condition.
2025-11-22 14:05:52,970 [WARN] IP:2250 - Analog_Filter not found: check if there is a RefParameter without a condition.
2025-11-22 14:05:52,999 [WARN] IP:2250 - I2C_Coeff_DF not found: check if there is a RefParameter without a condition.
2025-11-22 14:05:52,999 [WARN] IP:2250 - Analog_Filter not found: check if there is a RefParameter without a condition.
2025-11-22 14:07:29,824 [INFO] UtilMem:75 - End SaveConfig() Used Memory: 747120944 Bytes (1073741824)
2025-11-22 14:07:30,730 [INFO] UtilMem:75 - End SaveConfig() Used Memory: 786150072 Bytes (1073741824)
2025-11-22 14:07:32,044 [INFO] UtilMem:75 - End SaveConfig() Used Memory: 825473720 Bytes (1073741824)
2025-11-22 14:07:32,489 [INFO] BlockDiagram:2775 - set Specific Code input for plugin: TIM1_8
2025-11-22 14:07:32,489 [INFO] BlockDiagram:2775 - set Specific Code input for plugin: SYS
2025-11-22 14:07:32,489 [INFO] BlockDiagram:2775 - set Specific Code input for plugin: RCC
2025-11-22 14:07:32,489 [INFO] BlockDiagram:2775 - set Specific Code input for plugin: I2C
2025-11-22 14:07:32,490 [INFO] BlockDiagram:2775 - set Specific Code input for plugin: NVIC
2025-11-22 14:07:32,490 [INFO] BlockDiagram:2775 - set Specific Code input for plugin: GPIO
2025-11-22 14:07:32,531 [INFO] CodeGenerator:892 - code generatio: config db path: C:\ST\STM32CubeIDE_1.19.0\STM32CubeIDE\plugins\com.st.stm32cube.common.mx_6.15.0.202507011659\\db\
2025-11-22 14:07:32,535 [WARN] IP:2250 - I2C_Coeff_DF not found: check if there is a RefParameter without a condition.
2025-11-22 14:07:32,535 [WARN] IP:2250 - Analog_Filter not found: check if there is a RefParameter without a condition.
2025-11-22 14:07:32,685 [INFO] CodeEngine:265 - oldGeneratedFile, D:\work\AgroSafe\Projet_scenario_1\MXTmpFiles\license.tmp_save
2025-11-22 14:07:32,971 [INFO] CodeEngine:289 - Generated code: D:\work\AgroSafe\Projet_scenario_1\MXTmpFiles\license.tmp
2025-11-22 14:07:33,035 [INFO] CodeEngine:265 - oldGeneratedFile, D:\work\AgroSafe\Projet_scenario_1\MXTmpFiles\gpio.tmp_save
2025-11-22 14:07:33,137 [INFO] CodeEngine:289 - Generated code: D:\work\AgroSafe\Projet_scenario_1\MXTmpFiles\gpio.tmp
2025-11-22 14:07:33,249 [INFO] CodeEngine:265 - oldGeneratedFile, D:\work\AgroSafe\Projet_scenario_1\Core\Src\stm32f4xx_it.c_save
2025-11-22 14:07:33,370 [INFO] CodeEngine:289 - Generated code: D:\work\AgroSafe\Projet_scenario_1\Core\Src\stm32f4xx_it.c
2025-11-22 14:07:33,384 [INFO] CodeEngine:265 - oldGeneratedFile, D:\work\AgroSafe\Projet_scenario_1\Core\Inc\stm32f4xx_it.h_save
2025-11-22 14:07:33,454 [INFO] CodeEngine:289 - Generated code: D:\work\AgroSafe\Projet_scenario_1\Core\Inc\stm32f4xx_it.h
2025-11-22 14:07:33,475 [INFO] CodeEngine:265 - oldGeneratedFile, D:\work\AgroSafe\Projet_scenario_1\Core\Src\stm32f4xx_hal_msp.c_save
2025-11-22 14:07:33,589 [INFO] CodeEngine:289 - Generated code: D:\work\AgroSafe\Projet_scenario_1\Core\Src\stm32f4xx_hal_msp.c
2025-11-22 14:07:33,603 [INFO] CodeEngine:265 - oldGeneratedFile, D:\work\AgroSafe\Projet_scenario_1\MXTmpFiles\system.tmp_save
2025-11-22 14:07:33,658 [INFO] CodeEngine:289 - Generated code: D:\work\AgroSafe\Projet_scenario_1\MXTmpFiles\system.tmp
2025-11-22 14:07:33,677 [INFO] CodeEngine:321 - oldGeneratedFile, D:\work\AgroSafe\Projet_scenario_1\Core\Inc\stm32f4xx_hal_conf.h_save
2025-11-22 14:07:33,755 [INFO] CodeEngine:345 - Generated code: D:\work\AgroSafe\Projet_scenario_1\Core\Inc\stm32f4xx_hal_conf.h
2025-11-22 14:07:33,779 [INFO] ApiDbMcu:532 - Load IP Config File for I2C1
2025-11-22 14:07:33,788 [INFO] ApiDbMcu:532 - Load IP Config File for TIM1
2025-11-22 14:07:33,792 [INFO] ApiDbMcu:532 - Load IP Config File for RCC
2025-11-22 14:07:33,794 [WARN] IPConfigManager:3811 - IP not found : TIM
2025-11-22 14:07:33,804 [WARN] CodeGenerator:4259 - IP not found : null
2025-11-22 14:07:33,810 [INFO] CodeEngine:265 - oldGeneratedFile, D:\work\AgroSafe\Projet_scenario_1\Core\Inc\main.h_save
2025-11-22 14:07:33,902 [INFO] CodeEngine:289 - Generated code: D:\work\AgroSafe\Projet_scenario_1\Core\Inc\main.h
2025-11-22 14:07:33,907 [INFO] CodeEngine:265 - oldGeneratedFile, D:\work\AgroSafe\Projet_scenario_1\Core\Src\main.c_save
2025-11-22 14:07:34,041 [INFO] CodeEngine:289 - Generated code: D:\work\AgroSafe\Projet_scenario_1\Core\Src\main.c
2025-11-22 14:07:34,574 [INFO] ProjectBuilder:3606 - Time for Copy HAL[1] : 303mS.
2025-11-22 14:07:34,579 [INFO] ProjectBuilder:5216 - Project Generator version: 4.7.0-B52
2025-11-22 14:07:34,657 [INFO] ConfigFileManager:1595 - The Die is : DIE413
2025-11-22 14:07:34,678 [INFO] ApiDbMcu:532 - Load IP Config File for FATFS
2025-11-22 14:07:34,683 [INFO] ApiDbMcu:532 - Load IP Config File for FREERTOS
2025-11-22 14:07:34,687 [INFO] ApiDbMcu:532 - Load IP Config File for LIBJPEG
2025-11-22 14:07:34,694 [INFO] ApiDbMcu:532 - Load IP Config File for LWIP
2025-11-22 14:07:34,701 [INFO] ApiDbMcu:532 - Load IP Config File for MBEDTLS
2025-11-22 14:07:34,710 [INFO] ApiDbMcu:532 - Load IP Config File for USB_DEVICE
2025-11-22 14:07:34,715 [INFO] ApiDbMcu:532 - Load IP Config File for USB_HOST
2025-11-22 14:07:35,035 [INFO] LogOutputStream:77 - [STDOUT_REDIRECT] 
2025-11-22 14:07:35,766 [INFO] ProjectBuilder:5496 - Time for Generating toolchain IDE Files: 1187mS.
2025-11-22 14:07:35,767 [INFO] ProjectBuilder:3463 - Time for Copy CMSIS : 0mS.
2025-11-22 14:07:35,769 [INFO] ProjectBuilder:3463 - Time for Copy CMSIS : 0mS.
2025-11-22 14:08:03,616 [INFO] Gpio:278 - dependency for GPIO [I2C1, RCC, TIM1]
2025-11-22 14:08:15,684 [INFO] UtilMem:75 - End SaveConfig() Used Memory: 824784008 Bytes (1073741824)
2025-11-22 14:08:16,743 [INFO] UtilMem:75 - End SaveConfig() Used Memory: 852046984 Bytes (1073741824)
2025-11-22 14:08:18,776 [INFO] UtilMem:75 - End SaveConfig() Used Memory: 891892872 Bytes (1073741824)
2025-11-22 14:08:18,966 [INFO] BlockDiagram:2775 - set Specific Code input for plugin: TIM1_8
2025-11-22 14:08:18,967 [INFO] BlockDiagram:2775 - set Specific Code input for plugin: SYS
2025-11-22 14:08:18,967 [INFO] BlockDiagram:2775 - set Specific Code input for plugin: RCC
2025-11-22 14:08:18,967 [INFO] BlockDiagram:2775 - set Specific Code input for plugin: I2C
2025-11-22 14:08:18,967 [INFO] BlockDiagram:2775 - set Specific Code input for plugin: NVIC
2025-11-22 14:08:18,968 [INFO] BlockDiagram:2775 - set Specific Code input for plugin: GPIO
2025-11-22 14:08:18,968 [INFO] CodeGenerator:892 - code generatio: config db path: C:\ST\STM32CubeIDE_1.19.0\STM32CubeIDE\plugins\com.st.stm32cube.common.mx_6.15.0.202507011659\\db\
2025-11-22 14:08:18,969 [WARN] IP:2250 - I2C_Coeff_DF not found: check if there is a RefParameter without a condition.
2025-11-22 14:08:18,969 [WARN] IP:2250 - Analog_Filter not found: check if there is a RefParameter without a condition.
2025-11-22 14:08:19,041 [INFO] CodeEngine:265 - oldGeneratedFile, D:\work\AgroSafe\Projet_scenario_1\MXTmpFiles\license.tmp_save
2025-11-22 14:08:19,102 [INFO] CodeEngine:289 - Generated code: D:\work\AgroSafe\Projet_scenario_1\MXTmpFiles\license.tmp
2025-11-22 14:08:19,127 [INFO] CodeEngine:265 - oldGeneratedFile, D:\work\AgroSafe\Projet_scenario_1\MXTmpFiles\gpio.tmp_save
2025-11-22 14:08:19,192 [INFO] CodeEngine:289 - Generated code: D:\work\AgroSafe\Projet_scenario_1\MXTmpFiles\gpio.tmp
2025-11-22 14:08:19,271 [INFO] CodeEngine:265 - oldGeneratedFile, D:\work\AgroSafe\Projet_scenario_1\Core\Src\stm32f4xx_it.c_save
2025-11-22 14:08:19,359 [INFO] CodeEngine:289 - Generated code: D:\work\AgroSafe\Projet_scenario_1\Core\Src\stm32f4xx_it.c
2025-11-22 14:08:19,363 [INFO] CodeEngine:265 - oldGeneratedFile, D:\work\AgroSafe\Projet_scenario_1\Core\Inc\stm32f4xx_it.h_save
2025-11-22 14:08:19,416 [INFO] CodeEngine:289 - Generated code: D:\work\AgroSafe\Projet_scenario_1\Core\Inc\stm32f4xx_it.h
2025-11-22 14:08:19,424 [INFO] CodeEngine:265 - oldGeneratedFile, D:\work\AgroSafe\Projet_scenario_1\Core\Src\stm32f4xx_hal_msp.c_save
2025-11-22 14:08:19,504 [INFO] CodeEngine:289 - Generated code: D:\work\AgroSafe\Projet_scenario_1\Core\Src\stm32f4xx_hal_msp.c
2025-11-22 14:08:19,507 [INFO] CodeEngine:265 - oldGeneratedFile, D:\work\AgroSafe\Projet_scenario_1\MXTmpFiles\system.tmp_save
2025-11-22 14:08:19,555 [INFO] CodeEngine:289 - Generated code: D:\work\AgroSafe\Projet_scenario_1\MXTmpFiles\system.tmp
2025-11-22 14:08:19,564 [INFO] CodeEngine:321 - oldGeneratedFile, D:\work\AgroSafe\Projet_scenario_1\Core\Inc\stm32f4xx_hal_conf.h_save
2025-11-22 14:08:19,625 [INFO] CodeEngine:345 - Generated code: D:\work\AgroSafe\Projet_scenario_1\Core\Inc\stm32f4xx_hal_conf.h
2025-11-22 14:08:19,656 [WARN] IPConfigManager:3811 - IP not found : TIM
2025-11-22 14:08:19,658 [WARN] CodeGenerator:4259 - IP not found : null
2025-11-22 14:08:19,670 [INFO] CodeEngine:265 - oldGeneratedFile, D:\work\AgroSafe\Projet_scenario_1\Core\Inc\main.h_save
2025-11-22 14:08:19,745 [INFO] CodeEngine:289 - Generated code: D:\work\AgroSafe\Projet_scenario_1\Core\Inc\main.h
2025-11-22 14:08:19,749 [INFO] CodeEngine:265 - oldGeneratedFile, D:\work\AgroSafe\Projet_scenario_1\Core\Src\main.c_save
2025-11-22 14:08:19,845 [INFO] CodeEngine:289 - Generated code: D:\work\AgroSafe\Projet_scenario_1\Core\Src\main.c
2025-11-22 14:08:20,103 [INFO] ProjectBuilder:3606 - Time for Copy HAL[1] : 102mS.
2025-11-22 14:08:20,105 [INFO] ProjectBuilder:5216 - Project Generator version: 4.7.0-B52
2025-11-22 14:08:20,179 [INFO] ConfigFileManager:1595 - The Die is : DIE413
2025-11-22 14:08:20,830 [INFO] ProjectBuilder:5496 - Time for Generating toolchain IDE Files: 724mS.
2025-11-22 14:08:20,831 [INFO] ProjectBuilder:3463 - Time for Copy CMSIS : 1mS.
2025-11-22 14:08:20,833 [INFO] ProjectBuilder:3463 - Time for Copy CMSIS : 0mS.
2025-11-22 14:25:50,728 [INFO] NvicIntPanel:101 - NVIC parent = com.st.microxplorer.plugins.ip.nvic.MultiNvicIntPanel[,0,0,0x0,invalid,layout=javax.swing.BoxLayout,alignmentX=0.0,alignmentY=0.0,border=,flags=9,maximumSize=,minimumSize=,preferredSize=]
2025-11-22 14:25:53,025 [INFO] NvicIntPanel:101 - NVIC parent = com.st.microxplorer.plugins.ip.nvic.MultiNvicIntPanel[,0,0,0x0,invalid,layout=javax.swing.BoxLayout,alignmentX=0.0,alignmentY=0.0,border=,flags=9,maximumSize=,minimumSize=,preferredSize=]
2025-11-22 14:26:37,935 [INFO] NvicIntPanel:101 - NVIC parent = com.st.microxplorer.plugins.ip.nvic.MultiNvicIntPanel[,0,0,0x0,invalid,layout=javax.swing.BoxLayout,alignmentX=0.0,alignmentY=0.0,border=,flags=9,maximumSize=,minimumSize=,preferredSize=]
2025-11-22 14:26:38,886 [INFO] NvicIntPanel:101 - NVIC parent = com.st.microxplorer.plugins.ip.nvic.MultiNvicIntPanel[,0,0,0x0,invalid,layout=javax.swing.BoxLayout,alignmentX=0.0,alignmentY=0.0,border=,flags=9,maximumSize=,minimumSize=,preferredSize=]
2025-11-22 14:26:55,166 [INFO] NvicIntPanel:101 - NVIC parent = com.st.microxplorer.plugins.ip.nvic.MultiNvicIntPanel[,0,0,486x294,layout=javax.swing.BoxLayout,alignmentX=0.0,alignmentY=0.0,border=,flags=9,maximumSize=,minimumSize=,preferredSize=]
2025-11-22 14:26:57,901 [INFO] NvicIntPanel:101 - NVIC parent = com.st.microxplorer.plugins.ip.nvic.MultiNvicIntPanel[,0,0,0x0,invalid,layout=javax.swing.BoxLayout,alignmentX=0.0,alignmentY=0.0,border=,flags=9,maximumSize=,minimumSize=,preferredSize=]
2025-11-22 14:28:58,952 [INFO] UtilMem:75 - End SaveConfig() Used Memory: 760710368 Bytes (1073741824)
2025-11-22 14:28:59,746 [INFO] UtilMem:75 - End SaveConfig() Used Memory: 788499680 Bytes (1073741824)
2025-11-22 14:29:00,902 [INFO] UtilMem:75 - End SaveConfig() Used Memory: 827296992 Bytes (1073741824)
2025-11-22 14:29:01,076 [INFO] BlockDiagram:2775 - set Specific Code input for plugin: TIM6_7
2025-11-22 14:29:01,076 [INFO] BlockDiagram:2775 - set Specific Code input for plugin: TIM1_8
2025-11-22 14:29:01,076 [INFO] BlockDiagram:2775 - set Specific Code input for plugin: SYS
2025-11-22 14:29:01,076 [INFO] BlockDiagram:2775 - set Specific Code input for plugin: RCC
2025-11-22 14:29:01,076 [INFO] BlockDiagram:2775 - set Specific Code input for plugin: I2C
2025-11-22 14:29:01,076 [INFO] BlockDiagram:2775 - set Specific Code input for plugin: NVIC
2025-11-22 14:29:01,076 [INFO] BlockDiagram:2775 - set Specific Code input for plugin: GPIO
2025-11-22 14:29:01,077 [INFO] CodeGenerator:892 - code generatio: config db path: C:\ST\STM32CubeIDE_1.19.0\STM32CubeIDE\plugins\com.st.stm32cube.common.mx_6.15.0.202507011659\\db\
2025-11-22 14:29:01,078 [WARN] IP:2250 - I2C_Coeff_DF not found: check if there is a RefParameter without a condition.
2025-11-22 14:29:01,078 [WARN] IP:2250 - Analog_Filter not found: check if there is a RefParameter without a condition.
2025-11-22 14:29:01,166 [INFO] CodeEngine:265 - oldGeneratedFile, D:\work\AgroSafe\Projet_scenario_1\MXTmpFiles\license.tmp_save
2025-11-22 14:29:01,407 [INFO] CodeEngine:289 - Generated code: D:\work\AgroSafe\Projet_scenario_1\MXTmpFiles\license.tmp
2025-11-22 14:29:01,442 [INFO] CodeEngine:265 - oldGeneratedFile, D:\work\AgroSafe\Projet_scenario_1\MXTmpFiles\gpio.tmp_save
2025-11-22 14:29:01,562 [INFO] CodeEngine:289 - Generated code: D:\work\AgroSafe\Projet_scenario_1\MXTmpFiles\gpio.tmp
2025-11-22 14:29:01,719 [INFO] CodeEngine:265 - oldGeneratedFile, D:\work\AgroSafe\Projet_scenario_1\Core\Src\stm32f4xx_it.c_save
2025-11-22 14:29:01,918 [INFO] CodeEngine:289 - Generated code: D:\work\AgroSafe\Projet_scenario_1\Core\Src\stm32f4xx_it.c
2025-11-22 14:29:01,923 [INFO] CodeEngine:265 - oldGeneratedFile, D:\work\AgroSafe\Projet_scenario_1\Core\Inc\stm32f4xx_it.h_save
2025-11-22 14:29:01,981 [INFO] CodeEngine:289 - Generated code: D:\work\AgroSafe\Projet_scenario_1\Core\Inc\stm32f4xx_it.h
2025-11-22 14:29:01,990 [INFO] CodeEngine:265 - oldGeneratedFile, D:\work\AgroSafe\Projet_scenario_1\Core\Src\stm32f4xx_hal_msp.c_save
2025-11-22 14:29:02,103 [INFO] CodeEngine:289 - Generated code: D:\work\AgroSafe\Projet_scenario_1\Core\Src\stm32f4xx_hal_msp.c
2025-11-22 14:29:02,106 [INFO] CodeEngine:265 - oldGeneratedFile, D:\work\AgroSafe\Projet_scenario_1\MXTmpFiles\system.tmp_save
2025-11-22 14:29:02,155 [INFO] CodeEngine:289 - Generated code: D:\work\AgroSafe\Projet_scenario_1\MXTmpFiles\system.tmp
2025-11-22 14:29:02,162 [INFO] CodeEngine:321 - oldGeneratedFile, D:\work\AgroSafe\Projet_scenario_1\Core\Inc\stm32f4xx_hal_conf.h_save
2025-11-22 14:29:02,219 [INFO] CodeEngine:345 - Generated code: D:\work\AgroSafe\Projet_scenario_1\Core\Inc\stm32f4xx_hal_conf.h
2025-11-22 14:29:02,242 [INFO] ApiDbMcu:532 - Load IP Config File for TIM6
2025-11-22 14:29:02,243 [WARN] IPConfigManager:3811 - IP not found : TIM
2025-11-22 14:29:02,244 [WARN] CodeGenerator:4259 - IP not found : null
2025-11-22 14:29:02,249 [INFO] CodeEngine:265 - oldGeneratedFile, D:\work\AgroSafe\Projet_scenario_1\Core\Inc\main.h_save
2025-11-22 14:29:02,322 [INFO] CodeEngine:289 - Generated code: D:\work\AgroSafe\Projet_scenario_1\Core\Inc\main.h
2025-11-22 14:29:02,326 [INFO] CodeEngine:265 - oldGeneratedFile, D:\work\AgroSafe\Projet_scenario_1\Core\Src\main.c_save
2025-11-22 14:29:02,417 [INFO] CodeEngine:289 - Generated code: D:\work\AgroSafe\Projet_scenario_1\Core\Src\main.c
2025-11-22 14:29:02,669 [INFO] ProjectBuilder:3606 - Time for Copy HAL[1] : 102mS.
2025-11-22 14:29:02,671 [INFO] ProjectBuilder:5216 - Project Generator version: 4.7.0-B52
2025-11-22 14:29:02,740 [INFO] ConfigFileManager:1595 - The Die is : DIE413
2025-11-22 14:29:03,337 [INFO] ProjectBuilder:5496 - Time for Generating toolchain IDE Files: 666mS.
2025-11-22 14:29:03,338 [INFO] ProjectBuilder:3463 - Time for Copy CMSIS : 1mS.
2025-11-22 14:29:03,340 [INFO] ProjectBuilder:3463 - Time for Copy CMSIS : 0mS.
2025-11-22 14:34:44,301 [INFO] NvicIntPanel:101 - NVIC parent = com.st.microxplorer.plugins.ip.nvic.MultiNvicIntPanel[,0,0,0x0,invalid,layout=javax.swing.BoxLayout,alignmentX=0.0,alignmentY=0.0,border=,flags=9,maximumSize=,minimumSize=,preferredSize=]
2025-11-22 14:35:05,496 [INFO] UtilMem:75 - End SaveConfig() Used Memory: 989547208 Bytes (1073741824)
2025-11-22 14:35:06,307 [INFO] UtilMem:75 - End SaveConfig() Used Memory: 678646472 Bytes (1073741824)
2025-11-22 14:35:07,481 [INFO] UtilMem:75 - End SaveConfig() Used Memory: 717443784 Bytes (1073741824)
2025-11-22 14:35:07,622 [INFO] BlockDiagram:2775 - set Specific Code input for plugin: TIM6_7
2025-11-22 14:35:07,622 [INFO] BlockDiagram:2775 - set Specific Code input for plugin: TIM1_8
2025-11-22 14:35:07,622 [INFO] BlockDiagram:2775 - set Specific Code input for plugin: SYS
2025-11-22 14:35:07,622 [INFO] BlockDiagram:2775 - set Specific Code input for plugin: RCC
2025-11-22 14:35:07,622 [INFO] BlockDiagram:2775 - set Specific Code input for plugin: I2C
2025-11-22 14:35:07,622 [INFO] BlockDiagram:2775 - set Specific Code input for plugin: NVIC
2025-11-22 14:35:07,622 [INFO] BlockDiagram:2775 - set Specific Code input for plugin: GPIO
2025-11-22 14:35:07,623 [INFO] CodeGenerator:892 - code generatio: config db path: C:\ST\STM32CubeIDE_1.19.0\STM32CubeIDE\plugins\com.st.stm32cube.common.mx_6.15.0.202507011659\\db\
2025-11-22 14:35:07,623 [WARN] IP:2250 - I2C_Coeff_DF not found: check if there is a RefParameter without a condition.
2025-11-22 14:35:07,623 [WARN] IP:2250 - Analog_Filter not found: check if there is a RefParameter without a condition.
2025-11-22 14:35:07,689 [INFO] CodeEngine:265 - oldGeneratedFile, D:\work\AgroSafe\Projet_scenario_1\MXTmpFiles\license.tmp_save
2025-11-22 14:35:07,736 [INFO] CodeEngine:289 - Generated code: D:\work\AgroSafe\Projet_scenario_1\MXTmpFiles\license.tmp
2025-11-22 14:35:07,754 [INFO] CodeEngine:265 - oldGeneratedFile, D:\work\AgroSafe\Projet_scenario_1\MXTmpFiles\gpio.tmp_save
2025-11-22 14:35:07,805 [INFO] CodeEngine:289 - Generated code: D:\work\AgroSafe\Projet_scenario_1\MXTmpFiles\gpio.tmp
2025-11-22 14:35:07,876 [INFO] CodeEngine:265 - oldGeneratedFile, D:\work\AgroSafe\Projet_scenario_1\Core\Src\stm32f4xx_it.c_save
2025-11-22 14:35:07,941 [INFO] CodeEngine:289 - Generated code: D:\work\AgroSafe\Projet_scenario_1\Core\Src\stm32f4xx_it.c
2025-11-22 14:35:07,945 [INFO] CodeEngine:265 - oldGeneratedFile, D:\work\AgroSafe\Projet_scenario_1\Core\Inc\stm32f4xx_it.h_save
2025-11-22 14:35:07,993 [INFO] CodeEngine:289 - Generated code: D:\work\AgroSafe\Projet_scenario_1\Core\Inc\stm32f4xx_it.h
2025-11-22 14:35:08,003 [INFO] CodeEngine:265 - oldGeneratedFile, D:\work\AgroSafe\Projet_scenario_1\Core\Src\stm32f4xx_hal_msp.c_save
2025-11-22 14:35:08,074 [INFO] CodeEngine:289 - Generated code: D:\work\AgroSafe\Projet_scenario_1\Core\Src\stm32f4xx_hal_msp.c
2025-11-22 14:35:08,077 [INFO] CodeEngine:265 - oldGeneratedFile, D:\work\AgroSafe\Projet_scenario_1\MXTmpFiles\system.tmp_save
2025-11-22 14:35:08,122 [INFO] CodeEngine:289 - Generated code: D:\work\AgroSafe\Projet_scenario_1\MXTmpFiles\system.tmp
2025-11-22 14:35:08,129 [INFO] CodeEngine:321 - oldGeneratedFile, D:\work\AgroSafe\Projet_scenario_1\Core\Inc\stm32f4xx_hal_conf.h_save
2025-11-22 14:35:08,182 [INFO] CodeEngine:345 - Generated code: D:\work\AgroSafe\Projet_scenario_1\Core\Inc\stm32f4xx_hal_conf.h
2025-11-22 14:35:08,194 [WARN] IPConfigManager:3811 - IP not found : TIM
2025-11-22 14:35:08,194 [WARN] CodeGenerator:4259 - IP not found : null
2025-11-22 14:35:08,199 [INFO] CodeEngine:265 - oldGeneratedFile, D:\work\AgroSafe\Projet_scenario_1\Core\Inc\main.h_save
2025-11-22 14:35:08,250 [INFO] CodeEngine:289 - Generated code: D:\work\AgroSafe\Projet_scenario_1\Core\Inc\main.h
2025-11-22 14:35:08,254 [INFO] CodeEngine:265 - oldGeneratedFile, D:\work\AgroSafe\Projet_scenario_1\Core\Src\main.c_save
2025-11-22 14:35:08,345 [INFO] CodeEngine:289 - Generated code: D:\work\AgroSafe\Projet_scenario_1\Core\Src\main.c
2025-11-22 14:35:08,592 [INFO] ProjectBuilder:3606 - Time for Copy HAL[1] : 95mS.
2025-11-22 14:35:08,594 [INFO] ProjectBuilder:5216 - Project Generator version: 4.7.0-B52
2025-11-22 14:35:08,675 [INFO] ConfigFileManager:1595 - The Die is : DIE413
2025-11-22 14:35:09,180 [INFO] ProjectBuilder:5496 - Time for Generating toolchain IDE Files: 586mS.
2025-11-22 14:35:09,180 [INFO] ProjectBuilder:3463 - Time for Copy CMSIS : 0mS.
2025-11-22 14:35:09,181 [INFO] ProjectBuilder:3463 - Time for Copy CMSIS : 0mS.
2025-11-22 14:35:17,699 [INFO] NvicIntPanel:101 - NVIC parent = com.st.microxplorer.plugins.ip.nvic.MultiNvicIntPanel[,0,0,0x0,invalid,layout=javax.swing.BoxLayout,alignmentX=0.0,alignmentY=0.0,border=,flags=9,maximumSize=,minimumSize=,preferredSize=]
2025-11-22 14:39:44,688 [INFO] UtilMem:75 - End SaveConfig() Used Memory: 830633320 Bytes (1073741824)
2025-11-22 14:39:45,848 [INFO] UtilMem:75 - End SaveConfig() Used Memory: 858418536 Bytes (1073741824)
2025-11-22 14:39:48,026 [INFO] UtilMem:75 - End SaveConfig() Used Memory: 933393768 Bytes (1073741824)
2025-11-22 14:39:48,183 [INFO] BlockDiagram:2775 - set Specific Code input for plugin: TIM6_7
2025-11-22 14:39:48,183 [INFO] BlockDiagram:2775 - set Specific Code input for plugin: TIM1_8
2025-11-22 14:39:48,183 [INFO] BlockDiagram:2775 - set Specific Code input for plugin: SYS
2025-11-22 14:39:48,183 [INFO] BlockDiagram:2775 - set Specific Code input for plugin: RCC
2025-11-22 14:39:48,183 [INFO] BlockDiagram:2775 - set Specific Code input for plugin: I2C
2025-11-22 14:39:48,183 [INFO] BlockDiagram:2775 - set Specific Code input for plugin: NVIC
2025-11-22 14:39:48,183 [INFO] BlockDiagram:2775 - set Specific Code input for plugin: GPIO
2025-11-22 14:39:48,184 [INFO] CodeGenerator:892 - code generatio: config db path: C:\ST\STM32CubeIDE_1.19.0\STM32CubeIDE\plugins\com.st.stm32cube.common.mx_6.15.0.202507011659\\db\
2025-11-22 14:39:48,185 [WARN] IP:2250 - I2C_Coeff_DF not found: check if there is a RefParameter without a condition.
2025-11-22 14:39:48,185 [WARN] IP:2250 - Analog_Filter not found: check if there is a RefParameter without a condition.
2025-11-22 14:39:48,258 [INFO] CodeEngine:265 - oldGeneratedFile, D:\work\AgroSafe\Projet_scenario_1\MXTmpFiles\license.tmp_save
2025-11-22 14:39:48,312 [INFO] CodeEngine:289 - Generated code: D:\work\AgroSafe\Projet_scenario_1\MXTmpFiles\license.tmp
2025-11-22 14:39:48,329 [INFO] CodeEngine:265 - oldGeneratedFile, D:\work\AgroSafe\Projet_scenario_1\MXTmpFiles\gpio.tmp_save
2025-11-22 14:39:48,399 [INFO] CodeEngine:289 - Generated code: D:\work\AgroSafe\Projet_scenario_1\MXTmpFiles\gpio.tmp
2025-11-22 14:39:48,475 [INFO] CodeEngine:265 - oldGeneratedFile, D:\work\AgroSafe\Projet_scenario_1\Core\Src\stm32f4xx_it.c_save
2025-11-22 14:39:48,547 [INFO] CodeEngine:289 - Generated code: D:\work\AgroSafe\Projet_scenario_1\Core\Src\stm32f4xx_it.c
2025-11-22 14:39:48,550 [INFO] CodeEngine:265 - oldGeneratedFile, D:\work\AgroSafe\Projet_scenario_1\Core\Inc\stm32f4xx_it.h_save
2025-11-22 14:39:48,599 [INFO] CodeEngine:289 - Generated code: D:\work\AgroSafe\Projet_scenario_1\Core\Inc\stm32f4xx_it.h
2025-11-22 14:39:48,608 [INFO] CodeEngine:265 - oldGeneratedFile, D:\work\AgroSafe\Projet_scenario_1\Core\Src\stm32f4xx_hal_msp.c_save
2025-11-22 14:39:48,678 [INFO] CodeEngine:289 - Generated code: D:\work\AgroSafe\Projet_scenario_1\Core\Src\stm32f4xx_hal_msp.c
2025-11-22 14:39:48,681 [INFO] CodeEngine:265 - oldGeneratedFile, D:\work\AgroSafe\Projet_scenario_1\MXTmpFiles\system.tmp_save
2025-11-22 14:39:48,726 [INFO] CodeEngine:289 - Generated code: D:\work\AgroSafe\Projet_scenario_1\MXTmpFiles\system.tmp
2025-11-22 14:39:48,732 [INFO] CodeEngine:321 - oldGeneratedFile, D:\work\AgroSafe\Projet_scenario_1\Core\Inc\stm32f4xx_hal_conf.h_save
2025-11-22 14:39:48,786 [INFO] CodeEngine:345 - Generated code: D:\work\AgroSafe\Projet_scenario_1\Core\Inc\stm32f4xx_hal_conf.h
2025-11-22 14:39:48,798 [WARN] IPConfigManager:3811 - IP not found : TIM
2025-11-22 14:39:48,799 [WARN] CodeGenerator:4259 - IP not found : null
2025-11-22 14:39:48,804 [INFO] CodeEngine:265 - oldGeneratedFile, D:\work\AgroSafe\Projet_scenario_1\Core\Inc\main.h_save
2025-11-22 14:39:48,856 [INFO] CodeEngine:289 - Generated code: D:\work\AgroSafe\Projet_scenario_1\Core\Inc\main.h
2025-11-22 14:39:48,859 [INFO] CodeEngine:265 - oldGeneratedFile, D:\work\AgroSafe\Projet_scenario_1\Core\Src\main.c_save
2025-11-22 14:39:48,939 [INFO] CodeEngine:289 - Generated code: D:\work\AgroSafe\Projet_scenario_1\Core\Src\main.c
2025-11-22 14:39:49,183 [INFO] ProjectBuilder:3606 - Time for Copy HAL[1] : 97mS.
2025-11-22 14:39:49,185 [INFO] ProjectBuilder:5216 - Project Generator version: 4.7.0-B52
2025-11-22 14:39:49,252 [INFO] ConfigFileManager:1595 - The Die is : DIE413
2025-11-22 14:39:49,729 [INFO] ProjectBuilder:5496 - Time for Generating toolchain IDE Files: 544mS.
2025-11-22 14:39:49,729 [INFO] ProjectBuilder:3463 - Time for Copy CMSIS : 0mS.
2025-11-22 14:39:49,730 [INFO] ProjectBuilder:3463 - Time for Copy CMSIS : 0mS.
2025-11-22 14:55:51,351 [INFO] ParamManager:905 - [Generic UI] PropertyChangeEvent: TAB_STATUS_CHANGED , "dont care", "never mind"
2025-11-22 14:55:51,627 [INFO] ParamManager:905 - [Generic UI] PropertyChangeEvent: TAB_STATUS_CHANGED , "dont care", "never mind"
2025-11-22 14:55:51,642 [INFO] NvicIntPanel:101 - NVIC parent = com.st.microxplorer.plugins.ip.nvic.MultiNvicIntPanel[,0,0,0x0,invalid,layout=javax.swing.BoxLayout,alignmentX=0.0,alignmentY=0.0,border=,flags=9,maximumSize=,minimumSize=,preferredSize=]
2025-11-22 14:55:51,768 [INFO] NvicIntPanel:101 - NVIC parent = com.st.microxplorer.plugins.ip.nvic.MultiNvicIntPanel[,0,0,0x0,invalid,layout=javax.swing.BoxLayout,alignmentX=0.0,alignmentY=0.0,border=,flags=9,maximumSize=,minimumSize=,preferredSize=]
2025-11-22 14:55:57,231 [INFO] ADCParametersView:116 -                Rank 1 : false
2025-11-22 14:55:57,268 [INFO] ADCParametersView:116 -                Rank 1 : false
2025-11-22 14:55:57,269 [INFO] ADCParametersView:116 -                Rank 1 : false
2025-11-22 14:55:57,269 [INFO] ADCParametersView:116 -                Rank 1 : false
2025-11-22 14:55:57,269 [INFO] ADCParametersView:116 -                Rank 1 : false
2025-11-22 14:55:57,269 [INFO] ADCParametersView:116 -                Rank 1 : false
2025-11-22 14:55:57,269 [INFO] ADCParametersView:116 -                Rank 1 : false
2025-11-22 14:55:57,270 [INFO] ADCParametersView:116 -                Rank 1 : false
2025-11-22 14:55:57,270 [INFO] ADCParametersView:116 -                Rank 1 : false
2025-11-22 14:55:57,270 [INFO] ADCParametersView:116 -                Rank 1 : false
2025-11-22 14:55:57,270 [INFO] ADCParametersView:116 -                Rank 1 : false
2025-11-22 14:55:57,270 [INFO] ADCParametersView:116 -                Rank 1 : false
2025-11-22 14:55:57,270 [INFO] ADCParametersView:116 -                Rank 1 : false
2025-11-22 14:55:57,270 [INFO] ADCParametersView:116 -                Rank 1 : false
2025-11-22 14:55:57,270 [INFO] ADCParametersView:116 -                Rank 1 : false
2025-11-22 14:55:57,288 [INFO] ADCParametersView:116 -                Rank 1 : false
2025-11-22 14:55:57,295 [INFO] NvicIntPanel:101 - NVIC parent = com.st.microxplorer.plugins.ip.nvic.MultiNvicIntPanel[,0,0,0x0,invalid,layout=javax.swing.BoxLayout,alignmentX=0.0,alignmentY=0.0,border=,flags=9,maximumSize=,minimumSize=,preferredSize=]
2025-11-22 14:56:03,678 [INFO] ADCParametersView:116 -                Rank 1 : false
2025-11-22 14:56:03,678 [INFO] ADCParametersView:116 -                Rank 1 : false
2025-11-22 14:56:03,679 [INFO] ADCParametersView:116 -                Rank 1 : false
2025-11-22 14:56:03,679 [INFO] ADCParametersView:116 -                Rank 1 : false
2025-11-22 14:56:03,679 [INFO] ADCParametersView:116 -                Rank 1 : false
2025-11-22 14:56:03,679 [INFO] ADCParametersView:116 -                Rank 1 : false
2025-11-22 14:56:03,679 [INFO] ADCParametersView:116 -                Rank 1 : false
2025-11-22 14:56:03,679 [INFO] ADCParametersView:116 -                Rank 1 : false
2025-11-22 14:56:03,679 [INFO] ADCParametersView:116 -                Rank 1 : false
2025-11-22 14:56:03,679 [INFO] ADCParametersView:116 -                Rank 1 : false
2025-11-22 14:56:03,680 [INFO] ADCParametersView:116 -                Rank 1 : false
2025-11-22 14:56:03,680 [INFO] ADCParametersView:116 -                Rank 1 : false
2025-11-22 14:56:03,680 [INFO] ADCParametersView:116 -                Rank 1 : false
2025-11-22 14:56:03,680 [INFO] ADCParametersView:116 -                Rank 1 : false
2025-11-22 14:56:03,696 [INFO] ADCParametersView:116 -                Rank 1 : false
2025-11-22 14:56:16,386 [INFO] NvicIntPanel:101 - NVIC parent = com.st.microxplorer.plugins.ip.nvic.MultiNvicIntPanel[,0,0,0x0,invalid,layout=javax.swing.BoxLayout,alignmentX=0.0,alignmentY=0.0,border=,flags=9,maximumSize=,minimumSize=,preferredSize=]
2025-11-22 15:00:37,438 [INFO] ADCParametersView:116 -                Rank 1 : false
2025-11-22 15:00:37,439 [INFO] ADCParametersView:116 -                Rank 1 : false
2025-11-22 15:00:37,439 [INFO] ADCParametersView:116 -                Rank 1 : false
2025-11-22 15:00:37,440 [INFO] ADCParametersView:116 -                Rank 1 : false
2025-11-22 15:00:37,440 [INFO] ADCParametersView:116 -                Rank 1 : false
2025-11-22 15:00:37,440 [INFO] ADCParametersView:116 -                Rank 1 : false
2025-11-22 15:00:37,441 [INFO] ADCParametersView:116 -                Rank 1 : false
2025-11-22 15:00:37,441 [INFO] ADCParametersView:116 -                Rank 1 : false
2025-11-22 15:00:37,441 [INFO] ADCParametersView:116 -                Rank 1 : false
2025-11-22 15:00:37,441 [INFO] ADCParametersView:116 -                Rank 1 : false
2025-11-22 15:00:37,441 [INFO] ADCParametersView:116 -                Rank 1 : false
2025-11-22 15:00:37,441 [INFO] ADCParametersView:116 -                Rank 1 : false
2025-11-22 15:00:37,442 [INFO] ADCParametersView:116 -                Rank 1 : false
2025-11-22 15:00:37,442 [INFO] ADCParametersView:116 -                Rank 1 : false
2025-11-22 15:00:37,496 [INFO] ADCParametersView:116 -                Rank 1 : false
2025-11-22 15:00:37,497 [INFO] ADCParametersView:116 -                Rank 1 : false
2025-11-22 15:00:37,497 [INFO] ADCParametersView:116 -                Rank 1 : false
2025-11-22 15:00:37,497 [INFO] ADCParametersView:116 -                Rank 1 : false
2025-11-22 15:00:37,497 [INFO] ADCParametersView:116 -                Rank 1 : false
2025-11-22 15:00:37,497 [INFO] ADCParametersView:116 -                Rank 1 : false
2025-11-22 15:00:37,498 [INFO] ADCParametersView:116 -                Rank 1 : false
2025-11-22 15:00:37,498 [INFO] ADCParametersView:116 -                Rank 1 : false
2025-11-22 15:00:37,498 [INFO] ADCParametersView:116 -                Rank 1 : false
2025-11-22 15:00:37,498 [INFO] ADCParametersView:116 -                Rank 1 : false
2025-11-22 15:00:37,498 [INFO] ADCParametersView:116 -                Rank 1 : false
2025-11-22 15:00:37,498 [INFO] ADCParametersView:116 -                Rank 1 : false
2025-11-22 15:00:37,498 [INFO] ADCParametersView:116 -                Rank 1 : false
2025-11-22 15:00:37,498 [INFO] ADCParametersView:116 -                Rank 1 : false
2025-11-22 15:00:37,499 [INFO] ADCParametersView:116 -                Rank 1 : false
2025-11-22 15:00:37,524 [INFO] ADCParametersView:116 -                Rank 1 : false
2025-11-22 15:01:28,485 [INFO] ADCParametersView:116 -                Rank 1 : false
2025-11-22 15:01:28,486 [INFO] ADCParametersView:116 -                Rank 1 : false
2025-11-22 15:01:28,486 [INFO] ADCParametersView:116 -                Rank 1 : false
2025-11-22 15:01:28,486 [INFO] ADCParametersView:116 -                Rank 1 : false
2025-11-22 15:01:28,486 [INFO] ADCParametersView:116 -                Rank 1 : false
2025-11-22 15:01:28,487 [INFO] ADCParametersView:116 -                Rank 1 : false
2025-11-22 15:01:28,487 [INFO] ADCParametersView:116 -                Rank 1 : false
2025-11-22 15:01:28,487 [INFO] ADCParametersView:116 -                Rank 1 : false
2025-11-22 15:01:28,487 [INFO] ADCParametersView:116 -                Rank 1 : false
2025-11-22 15:01:28,487 [INFO] ADCParametersView:116 -                Rank 1 : false
2025-11-22 15:01:28,487 [INFO] ADCParametersView:116 -                Rank 1 : false
2025-11-22 15:01:28,487 [INFO] ADCParametersView:116 -                Rank 1 : false
2025-11-22 15:01:28,488 [INFO] ADCParametersView:116 -                Rank 1 : false
2025-11-22 15:01:28,488 [INFO] ADCParametersView:116 -                Rank 1 : false
2025-11-22 15:01:28,509 [INFO] ADCParametersView:116 -                Rank 1 : false
2025-11-22 15:01:28,542 [INFO] ADCParametersView:116 -                Rank 1 : false
2025-11-22 15:01:28,543 [INFO] ADCParametersView:116 -                Rank 1 : false
2025-11-22 15:01:28,543 [INFO] ADCParametersView:116 -                Rank 1 : false
2025-11-22 15:01:28,543 [INFO] ADCParametersView:116 -                Rank 1 : false
2025-11-22 15:01:28,544 [INFO] ADCParametersView:116 -                Rank 1 : false
2025-11-22 15:01:28,544 [INFO] ADCParametersView:116 -                Rank 1 : false
2025-11-22 15:01:28,544 [INFO] ADCParametersView:116 -                Rank 1 : false
2025-11-22 15:01:28,544 [INFO] ADCParametersView:116 -                Rank 1 : false
2025-11-22 15:01:28,544 [INFO] ADCParametersView:116 -                Rank 1 : false
2025-11-22 15:01:28,544 [INFO] ADCParametersView:116 -                Rank 1 : false
2025-11-22 15:01:28,544 [INFO] ADCParametersView:116 -                Rank 1 : false
2025-11-22 15:01:28,544 [INFO] ADCParametersView:116 -                Rank 1 : false
2025-11-22 15:01:28,545 [INFO] ADCParametersView:116 -                Rank 1 : false
2025-11-22 15:01:28,545 [INFO] ADCParametersView:116 -                Rank 1 : false
2025-11-22 15:01:28,563 [INFO] ADCParametersView:116 -                Rank 1 : false
2025-11-22 15:01:31,888 [INFO] NvicIntPanel:101 - NVIC parent = com.st.microxplorer.plugins.ip.nvic.MultiNvicIntPanel[,0,0,486x294,layout=javax.swing.BoxLayout,alignmentX=0.0,alignmentY=0.0,border=,flags=9,maximumSize=,minimumSize=,preferredSize=]
2025-11-22 15:01:32,274 [INFO] ADCParametersView:116 -                Rank 1 : false
2025-11-22 15:01:32,276 [INFO] ADCParametersView:116 -                Rank 1 : false
2025-11-22 15:01:32,276 [INFO] ADCParametersView:116 -                Rank 1 : false
2025-11-22 15:01:32,276 [INFO] ADCParametersView:116 -                Rank 1 : false
2025-11-22 15:01:32,276 [INFO] ADCParametersView:116 -                Rank 1 : false
2025-11-22 15:01:32,276 [INFO] ADCParametersView:116 -                Rank 1 : false
2025-11-22 15:01:32,276 [INFO] ADCParametersView:116 -                Rank 1 : false
2025-11-22 15:01:32,276 [INFO] ADCParametersView:116 -                Rank 1 : false
2025-11-22 15:01:32,277 [INFO] ADCParametersView:116 -                Rank 1 : false
2025-11-22 15:01:32,277 [INFO] ADCParametersView:116 -                Rank 1 : false
2025-11-22 15:01:32,277 [INFO] ADCParametersView:116 -                Rank 1 : false
2025-11-22 15:01:32,277 [INFO] ADCParametersView:116 -                Rank 1 : false
2025-11-22 15:01:32,277 [INFO] ADCParametersView:116 -                Rank 1 : false
2025-11-22 15:01:32,277 [INFO] ADCParametersView:116 -                Rank 1 : false
2025-11-22 15:01:32,295 [INFO] ADCParametersView:116 -                Rank 1 : false
2025-11-22 15:02:06,032 [INFO] ADCParametersView:116 -                Rank 1 : false
2025-11-22 15:02:06,033 [INFO] ADCParametersView:116 -                Rank 1 : false
2025-11-22 15:02:06,033 [INFO] ADCParametersView:116 -                Rank 1 : false
2025-11-22 15:02:06,034 [INFO] ADCParametersView:116 -                Rank 1 : false
2025-11-22 15:02:06,034 [INFO] ADCParametersView:116 -                Rank 1 : false
2025-11-22 15:02:06,034 [INFO] ADCParametersView:116 -                Rank 1 : false
2025-11-22 15:02:06,034 [INFO] ADCParametersView:116 -                Rank 1 : false
2025-11-22 15:02:06,034 [INFO] ADCParametersView:116 -                Rank 1 : false
2025-11-22 15:02:06,034 [INFO] ADCParametersView:116 -                Rank 1 : false
2025-11-22 15:02:06,034 [INFO] ADCParametersView:116 -                Rank 1 : false
2025-11-22 15:02:06,034 [INFO] ADCParametersView:116 -                Rank 1 : false
2025-11-22 15:02:06,035 [INFO] ADCParametersView:116 -                Rank 1 : false
2025-11-22 15:02:06,035 [INFO] ADCParametersView:116 -                Rank 1 : false
2025-11-22 15:02:06,035 [INFO] ADCParametersView:116 -                Rank 1 : false
2025-11-22 15:02:06,051 [INFO] ADCParametersView:116 -                Rank 1 : false
2025-11-22 15:02:54,464 [INFO] UtilMem:75 - End SaveConfig() Used Memory: 739398032 Bytes (1073741824)
2025-11-22 15:02:55,280 [INFO] UtilMem:75 - End SaveConfig() Used Memory: 777669008 Bytes (1073741824)
2025-11-22 15:02:56,639 [INFO] UtilMem:75 - End SaveConfig() Used Memory: 863130000 Bytes (1073741824)
2025-11-22 15:02:57,054 [INFO] BlockDiagram:2775 - set Specific Code input for plugin: TIM6_7
2025-11-22 15:02:57,054 [INFO] BlockDiagram:2775 - set Specific Code input for plugin: TIM1_8
2025-11-22 15:02:57,054 [INFO] BlockDiagram:2775 - set Specific Code input for plugin: SYS
2025-11-22 15:02:57,054 [INFO] BlockDiagram:2775 - set Specific Code input for plugin: ADC
2025-11-22 15:02:57,054 [INFO] BlockDiagram:2775 - set Specific Code input for plugin: RCC
2025-11-22 15:02:57,054 [INFO] BlockDiagram:2775 - set Specific Code input for plugin: I2C
2025-11-22 15:02:57,054 [INFO] BlockDiagram:2775 - set Specific Code input for plugin: NVIC
2025-11-22 15:02:57,055 [INFO] BlockDiagram:2775 - set Specific Code input for plugin: GPIO
2025-11-22 15:02:57,055 [INFO] CodeGenerator:892 - code generatio: config db path: C:\ST\STM32CubeIDE_1.19.0\STM32CubeIDE\plugins\com.st.stm32cube.common.mx_6.15.0.202507011659\\db\
2025-11-22 15:02:57,061 [WARN] IP:2250 - I2C_Coeff_DF not found: check if there is a RefParameter without a condition.
2025-11-22 15:02:57,062 [WARN] IP:2250 - Analog_Filter not found: check if there is a RefParameter without a condition.
2025-11-22 15:02:57,135 [INFO] CodeEngine:265 - oldGeneratedFile, D:\work\AgroSafe\Projet_scenario_1\MXTmpFiles\license.tmp_save
2025-11-22 15:02:57,319 [INFO] CodeEngine:289 - Generated code: D:\work\AgroSafe\Projet_scenario_1\MXTmpFiles\license.tmp
2025-11-22 15:02:57,360 [INFO] CodeEngine:265 - oldGeneratedFile, D:\work\AgroSafe\Projet_scenario_1\MXTmpFiles\gpio.tmp_save
2025-11-22 15:02:57,475 [INFO] CodeEngine:289 - Generated code: D:\work\AgroSafe\Projet_scenario_1\MXTmpFiles\gpio.tmp
2025-11-22 15:02:57,746 [INFO] CodeEngine:265 - oldGeneratedFile, D:\work\AgroSafe\Projet_scenario_1\Core\Src\stm32f4xx_it.c_save
2025-11-22 15:02:57,979 [INFO] CodeEngine:289 - Generated code: D:\work\AgroSafe\Projet_scenario_1\Core\Src\stm32f4xx_it.c
2025-11-22 15:02:57,983 [INFO] CodeEngine:265 - oldGeneratedFile, D:\work\AgroSafe\Projet_scenario_1\Core\Inc\stm32f4xx_it.h_save
2025-11-22 15:02:58,063 [INFO] CodeEngine:289 - Generated code: D:\work\AgroSafe\Projet_scenario_1\Core\Inc\stm32f4xx_it.h
2025-11-22 15:02:58,074 [INFO] CodeEngine:265 - oldGeneratedFile, D:\work\AgroSafe\Projet_scenario_1\Core\Src\stm32f4xx_hal_msp.c_save
2025-11-22 15:02:58,214 [INFO] CodeEngine:289 - Generated code: D:\work\AgroSafe\Projet_scenario_1\Core\Src\stm32f4xx_hal_msp.c
2025-11-22 15:02:58,217 [INFO] CodeEngine:265 - oldGeneratedFile, D:\work\AgroSafe\Projet_scenario_1\MXTmpFiles\system.tmp_save
2025-11-22 15:02:58,274 [INFO] CodeEngine:289 - Generated code: D:\work\AgroSafe\Projet_scenario_1\MXTmpFiles\system.tmp
2025-11-22 15:02:58,282 [INFO] CodeEngine:321 - oldGeneratedFile, D:\work\AgroSafe\Projet_scenario_1\Core\Inc\stm32f4xx_hal_conf.h_save
2025-11-22 15:02:58,353 [INFO] CodeEngine:345 - Generated code: D:\work\AgroSafe\Projet_scenario_1\Core\Inc\stm32f4xx_hal_conf.h
2025-11-22 15:02:58,374 [INFO] ApiDbMcu:532 - Load IP Config File for ADC1
2025-11-22 15:02:58,376 [WARN] IPConfigManager:3811 - IP not found : TIM
2025-11-22 15:02:58,376 [WARN] CodeGenerator:4259 - IP not found : null
2025-11-22 15:02:58,382 [INFO] CodeEngine:265 - oldGeneratedFile, D:\work\AgroSafe\Projet_scenario_1\Core\Inc\main.h_save
2025-11-22 15:02:58,477 [INFO] CodeEngine:289 - Generated code: D:\work\AgroSafe\Projet_scenario_1\Core\Inc\main.h
2025-11-22 15:02:58,481 [INFO] CodeEngine:265 - oldGeneratedFile, D:\work\AgroSafe\Projet_scenario_1\Core\Src\main.c_save
2025-11-22 15:02:58,586 [INFO] CodeEngine:289 - Generated code: D:\work\AgroSafe\Projet_scenario_1\Core\Src\main.c
2025-11-22 15:02:58,919 [INFO] ProjectBuilder:3606 - Time for Copy HAL[1] : 136mS.
2025-11-22 15:02:58,921 [INFO] ProjectBuilder:5216 - Project Generator version: 4.7.0-B52
2025-11-22 15:02:59,015 [INFO] ConfigFileManager:1595 - The Die is : DIE413
2025-11-22 15:02:59,759 [INFO] ProjectBuilder:5496 - Time for Generating toolchain IDE Files: 838mS.
2025-11-22 15:02:59,760 [INFO] ProjectBuilder:3463 - Time for Copy CMSIS : 1mS.
2025-11-22 15:02:59,761 [INFO] ProjectBuilder:3463 - Time for Copy CMSIS : 0mS.
2025-11-22 15:03:39,018 [INFO] NvicIntPanel:101 - NVIC parent = com.st.microxplorer.plugins.ip.nvic.MultiNvicIntPanel[,0,0,0x0,invalid,layout=javax.swing.BoxLayout,alignmentX=0.0,alignmentY=0.0,border=,flags=9,maximumSize=,minimumSize=,preferredSize=]
2025-11-22 15:03:48,692 [INFO] NvicIntPanel:101 - NVIC parent = com.st.microxplorer.plugins.ip.nvic.MultiNvicIntPanel[,0,0,0x0,invalid,layout=javax.swing.BoxLayout,alignmentX=0.0,alignmentY=0.0,border=,flags=9,maximumSize=,minimumSize=,preferredSize=]
2025-11-22 15:03:50,690 [INFO] UtilMem:75 - End SaveConfig() Used Memory: 680097752 Bytes (1073741824)
2025-11-22 15:03:52,056 [INFO] UtilMem:75 - End SaveConfig() Used Memory: 707882968 Bytes (1073741824)
2025-11-22 15:03:53,334 [INFO] UtilMem:75 - End SaveConfig() Used Memory: 784955352 Bytes (1073741824)
2025-11-22 15:03:53,485 [INFO] BlockDiagram:2775 - set Specific Code input for plugin: TIM6_7
2025-11-22 15:03:53,485 [INFO] BlockDiagram:2775 - set Specific Code input for plugin: TIM6_7
2025-11-22 15:03:53,485 [INFO] BlockDiagram:2775 - set Specific Code input for plugin: TIM1_8
2025-11-22 15:03:53,485 [INFO] BlockDiagram:2775 - set Specific Code input for plugin: SYS
2025-11-22 15:03:53,485 [INFO] BlockDiagram:2775 - set Specific Code input for plugin: ADC
2025-11-22 15:03:53,485 [INFO] BlockDiagram:2775 - set Specific Code input for plugin: RCC
2025-11-22 15:03:53,485 [INFO] BlockDiagram:2775 - set Specific Code input for plugin: I2C
2025-11-22 15:03:53,485 [INFO] BlockDiagram:2775 - set Specific Code input for plugin: NVIC
2025-11-22 15:03:53,486 [INFO] BlockDiagram:2775 - set Specific Code input for plugin: GPIO
2025-11-22 15:03:53,486 [INFO] CodeGenerator:892 - code generatio: config db path: C:\ST\STM32CubeIDE_1.19.0\STM32CubeIDE\plugins\com.st.stm32cube.common.mx_6.15.0.202507011659\\db\
2025-11-22 15:03:53,492 [WARN] IP:2250 - I2C_Coeff_DF not found: check if there is a RefParameter without a condition.
2025-11-22 15:03:53,492 [WARN] IP:2250 - Analog_Filter not found: check if there is a RefParameter without a condition.
2025-11-22 15:03:53,554 [INFO] CodeEngine:265 - oldGeneratedFile, D:\work\AgroSafe\Projet_scenario_1\MXTmpFiles\license.tmp_save
2025-11-22 15:03:53,604 [INFO] CodeEngine:289 - Generated code: D:\work\AgroSafe\Projet_scenario_1\MXTmpFiles\license.tmp
2025-11-22 15:03:53,623 [INFO] CodeEngine:265 - oldGeneratedFile, D:\work\AgroSafe\Projet_scenario_1\MXTmpFiles\gpio.tmp_save
2025-11-22 15:03:53,674 [INFO] CodeEngine:289 - Generated code: D:\work\AgroSafe\Projet_scenario_1\MXTmpFiles\gpio.tmp
2025-11-22 15:03:53,783 [INFO] CodeEngine:265 - oldGeneratedFile, D:\work\AgroSafe\Projet_scenario_1\Core\Src\stm32f4xx_it.c_save
2025-11-22 15:03:53,864 [INFO] CodeEngine:289 - Generated code: D:\work\AgroSafe\Projet_scenario_1\Core\Src\stm32f4xx_it.c
2025-11-22 15:03:53,868 [INFO] CodeEngine:265 - oldGeneratedFile, D:\work\AgroSafe\Projet_scenario_1\Core\Inc\stm32f4xx_it.h_save
2025-11-22 15:03:53,918 [INFO] CodeEngine:289 - Generated code: D:\work\AgroSafe\Projet_scenario_1\Core\Inc\stm32f4xx_it.h
2025-11-22 15:03:53,937 [INFO] CodeEngine:265 - oldGeneratedFile, D:\work\AgroSafe\Projet_scenario_1\Core\Src\stm32f4xx_hal_msp.c_save
2025-11-22 15:03:54,022 [INFO] CodeEngine:289 - Generated code: D:\work\AgroSafe\Projet_scenario_1\Core\Src\stm32f4xx_hal_msp.c
2025-11-22 15:03:54,025 [INFO] CodeEngine:265 - oldGeneratedFile, D:\work\AgroSafe\Projet_scenario_1\MXTmpFiles\system.tmp_save
2025-11-22 15:03:54,072 [INFO] CodeEngine:289 - Generated code: D:\work\AgroSafe\Projet_scenario_1\MXTmpFiles\system.tmp
2025-11-22 15:03:54,079 [INFO] CodeEngine:321 - oldGeneratedFile, D:\work\AgroSafe\Projet_scenario_1\Core\Inc\stm32f4xx_hal_conf.h_save
2025-11-22 15:03:54,137 [INFO] CodeEngine:345 - Generated code: D:\work\AgroSafe\Projet_scenario_1\Core\Inc\stm32f4xx_hal_conf.h
2025-11-22 15:03:54,157 [INFO] ApiDbMcu:532 - Load IP Config File for TIM7
2025-11-22 15:03:54,159 [WARN] IPConfigManager:3811 - IP not found : TIM
2025-11-22 15:03:54,160 [WARN] CodeGenerator:4259 - IP not found : null
2025-11-22 15:03:54,165 [INFO] CodeEngine:265 - oldGeneratedFile, D:\work\AgroSafe\Projet_scenario_1\Core\Inc\main.h_save
2025-11-22 15:03:54,218 [INFO] CodeEngine:289 - Generated code: D:\work\AgroSafe\Projet_scenario_1\Core\Inc\main.h
2025-11-22 15:03:54,222 [INFO] CodeEngine:265 - oldGeneratedFile, D:\work\AgroSafe\Projet_scenario_1\Core\Src\main.c_save
2025-11-22 15:03:54,312 [INFO] CodeEngine:289 - Generated code: D:\work\AgroSafe\Projet_scenario_1\Core\Src\main.c
2025-11-22 15:03:54,610 [INFO] ProjectBuilder:3606 - Time for Copy HAL[1] : 106mS.
2025-11-22 15:03:54,613 [INFO] ProjectBuilder:5216 - Project Generator version: 4.7.0-B52
2025-11-22 15:03:54,691 [INFO] ConfigFileManager:1595 - The Die is : DIE413
2025-11-22 15:03:55,229 [INFO] ProjectBuilder:5496 - Time for Generating toolchain IDE Files: 616mS.
2025-11-22 15:03:55,230 [INFO] ProjectBuilder:3463 - Time for Copy CMSIS : 0mS.
2025-11-22 15:03:55,231 [INFO] ProjectBuilder:3463 - Time for Copy CMSIS : 0mS.
2025-11-22 15:27:30,302 [INFO] ADCParametersView:116 -                Rank 1 : false
2025-11-22 15:27:30,305 [INFO] ADCParametersView:116 -                Rank 1 : false
2025-11-22 15:27:30,305 [INFO] ADCParametersView:116 -                Rank 1 : false
2025-11-22 15:27:30,306 [INFO] ADCParametersView:116 -                Rank 1 : false
2025-11-22 15:27:30,306 [INFO] ADCParametersView:116 -                Rank 1 : false
2025-11-22 15:27:30,306 [INFO] ADCParametersView:116 -                Rank 1 : false
2025-11-22 15:27:30,306 [INFO] ADCParametersView:116 -                Rank 1 : false
2025-11-22 15:27:30,306 [INFO] ADCParametersView:116 -                Rank 1 : false
2025-11-22 15:27:30,306 [INFO] ADCParametersView:116 -                Rank 1 : false
2025-11-22 15:27:30,307 [INFO] ADCParametersView:116 -                Rank 1 : false
2025-11-22 15:27:30,307 [INFO] ADCParametersView:116 -                Rank 1 : false
2025-11-22 15:27:30,307 [INFO] ADCParametersView:116 -                Rank 1 : false
2025-11-22 15:27:30,307 [INFO] ADCParametersView:116 -                Rank 1 : false
2025-11-22 15:27:30,307 [INFO] ADCParametersView:116 -                Rank 1 : false
2025-11-22 15:27:30,366 [INFO] ADCParametersView:116 -                Rank 1 : false
2025-11-22 15:27:30,423 [INFO] ADCParametersView:116 -                Rank 1 : false
2025-11-22 15:27:30,425 [INFO] ADCParametersView:116 -                Rank 1 : false
2025-11-22 15:27:30,426 [INFO] ADCParametersView:116 -                Rank 1 : false
2025-11-22 15:27:30,426 [INFO] ADCParametersView:116 -                Rank 1 : false
2025-11-22 15:27:30,426 [INFO] ADCParametersView:116 -                Rank 1 : false
2025-11-22 15:27:30,426 [INFO] ADCParametersView:116 -                Rank 1 : false
2025-11-22 15:27:30,426 [INFO] ADCParametersView:116 -                Rank 1 : false
2025-11-22 15:27:30,426 [INFO] ADCParametersView:116 -                Rank 1 : false
2025-11-22 15:27:30,427 [INFO] ADCParametersView:116 -                Rank 1 : false
2025-11-22 15:27:30,427 [INFO] ADCParametersView:116 -                Rank 1 : false
2025-11-22 15:27:30,427 [INFO] ADCParametersView:116 -                Rank 1 : false
2025-11-22 15:27:30,427 [INFO] ADCParametersView:116 -                Rank 1 : false
2025-11-22 15:27:30,427 [INFO] ADCParametersView:116 -                Rank 1 : false
2025-11-22 15:27:30,427 [INFO] ADCParametersView:116 -                Rank 1 : false
2025-11-22 15:27:30,460 [INFO] ADCParametersView:116 -                Rank 1 : false
2025-11-22 15:27:30,474 [INFO] NvicIntPanel:101 - NVIC parent = com.st.microxplorer.plugins.ip.nvic.MultiNvicIntPanel[,0,0,0x0,invalid,layout=javax.swing.BoxLayout,alignmentX=0.0,alignmentY=0.0,border=,flags=9,maximumSize=,minimumSize=,preferredSize=]
2025-11-22 15:27:38,041 [INFO] ADCParametersView:116 -                Rank 1 : false
2025-11-22 15:27:38,042 [INFO] ADCParametersView:116 -                Rank 1 : false
2025-11-22 15:27:38,043 [INFO] ADCParametersView:116 -                Rank 1 : false
2025-11-22 15:27:38,043 [INFO] ADCParametersView:116 -                Rank 1 : false
2025-11-22 15:27:38,043 [INFO] ADCParametersView:116 -                Rank 1 : false
2025-11-22 15:27:38,043 [INFO] ADCParametersView:116 -                Rank 1 : false
2025-11-22 15:27:38,043 [INFO] ADCParametersView:116 -                Rank 1 : false
2025-11-22 15:27:38,043 [INFO] ADCParametersView:116 -                Rank 1 : false
2025-11-22 15:27:38,043 [INFO] ADCParametersView:116 -                Rank 1 : false
2025-11-22 15:27:38,043 [INFO] ADCParametersView:116 -                Rank 1 : false
2025-11-22 15:27:38,043 [INFO] ADCParametersView:116 -                Rank 1 : false
2025-11-22 15:27:38,044 [INFO] ADCParametersView:116 -                Rank 1 : false
2025-11-22 15:27:38,044 [INFO] ADCParametersView:116 -                Rank 1 : false
2025-11-22 15:27:38,044 [INFO] ADCParametersView:116 -                Rank 1 : false
2025-11-22 15:27:38,067 [INFO] ADCParametersView:116 -                Rank 1 : false
2025-11-22 15:31:31,345 [INFO] SpinnerEditorADC:65 - is string kkkk
2025-11-22 15:31:32,668 [INFO] NvicIntPanel:101 - NVIC parent = com.st.microxplorer.plugins.ip.nvic.MultiNvicIntPanel[,0,0,0x0,invalid,layout=javax.swing.BoxLayout,alignmentX=0.0,alignmentY=0.0,border=,flags=9,maximumSize=,minimumSize=,preferredSize=]
2025-11-22 15:31:32,712 [INFO] ADCParametersView:116 -                Rank 1 : false
2025-11-22 15:31:32,714 [INFO] ADCParametersView:116 -                Rank 1 : false
2025-11-22 15:31:32,714 [INFO] ADCParametersView:116 -                Rank 1 : false
2025-11-22 15:31:32,714 [INFO] ADCParametersView:116 -                Rank 1 : false
2025-11-22 15:31:32,714 [INFO] ADCParametersView:116 -                Rank 1 : false
2025-11-22 15:31:32,714 [INFO] ADCParametersView:116 -                Rank 1 : false
2025-11-22 15:31:32,714 [INFO] ADCParametersView:116 -                Rank 1 : false
2025-11-22 15:31:32,714 [INFO] ADCParametersView:116 -                Rank 1 : false
2025-11-22 15:31:32,715 [INFO] ADCParametersView:116 -                Rank 1 : false
2025-11-22 15:31:32,715 [INFO] ADCParametersView:116 -                Rank 1 : false
2025-11-22 15:31:32,715 [INFO] ADCParametersView:116 -                Rank 1 : false
2025-11-22 15:31:32,715 [INFO] ADCParametersView:116 -                Rank 1 : false
2025-11-22 15:31:32,715 [INFO] ADCParametersView:116 -                Rank 1 : false
2025-11-22 15:31:32,715 [INFO] ADCParametersView:116 -                Rank 1 : false
2025-11-22 15:31:32,732 [INFO] ADCParametersView:116 -                Rank 1 : false
2025-11-22 15:31:32,734 [INFO] SpinnerEditorADC:65 - is string kkkk
2025-11-22 15:31:36,615 [INFO] ADCParametersView:116 -                Rank 1 : false
2025-11-22 15:31:36,617 [INFO] ADCParametersView:116 -                Rank 1 : false
2025-11-22 15:31:36,617 [INFO] ADCParametersView:116 -                Rank 1 : false
2025-11-22 15:31:36,617 [INFO] ADCParametersView:116 -                Rank 1 : false
2025-11-22 15:31:36,617 [INFO] ADCParametersView:116 -                Rank 1 : false
2025-11-22 15:31:36,617 [INFO] ADCParametersView:116 -                Rank 1 : false
2025-11-22 15:31:36,617 [INFO] ADCParametersView:116 -                Rank 1 : false
2025-11-22 15:31:36,617 [INFO] ADCParametersView:116 -                Rank 1 : false
2025-11-22 15:31:36,617 [INFO] ADCParametersView:116 -                Rank 1 : false
2025-11-22 15:31:36,617 [INFO] ADCParametersView:116 -                Rank 1 : false
2025-11-22 15:31:36,617 [INFO] ADCParametersView:116 -                Rank 1 : false
2025-11-22 15:31:36,618 [INFO] ADCParametersView:116 -                Rank 1 : false
2025-11-22 15:31:36,618 [INFO] ADCParametersView:116 -                Rank 1 : false
2025-11-22 15:31:36,618 [INFO] ADCParametersView:116 -                Rank 1 : false
2025-11-22 15:31:36,634 [INFO] ADCParametersView:116 -                Rank 1 : false
2025-11-22 15:31:36,635 [INFO] ADCParametersView:116 -                Rank 1 : false
2025-11-22 15:31:36,636 [INFO] ADCParametersView:116 -                Rank 1 : false
2025-11-22 15:31:36,636 [INFO] ADCParametersView:116 -                Rank 1 : false
2025-11-22 15:31:36,636 [INFO] ADCParametersView:116 -                Rank 1 : false
2025-11-22 15:31:36,636 [INFO] ADCParametersView:116 -                Rank 1 : false
2025-11-22 15:31:36,636 [INFO] ADCParametersView:116 -                Rank 1 : false
2025-11-22 15:31:36,636 [INFO] ADCParametersView:116 -                Rank 1 : false
2025-11-22 15:31:36,637 [INFO] ADCParametersView:116 -                Rank 1 : false
2025-11-22 15:31:36,637 [INFO] ADCParametersView:116 -                Rank 1 : false
2025-11-22 15:31:36,637 [INFO] ADCParametersView:116 -                Rank 1 : false
2025-11-22 15:31:36,637 [INFO] ADCParametersView:116 -                Rank 1 : false
2025-11-22 15:31:36,637 [INFO] ADCParametersView:116 -                Rank 1 : false
2025-11-22 15:31:36,637 [INFO] ADCParametersView:116 -                Rank 1 : false
2025-11-22 15:31:36,637 [INFO] ADCParametersView:116 -                Rank 1 : false
2025-11-22 15:31:36,652 [INFO] ADCParametersView:116 -                Rank 1 : false
2025-11-22 15:32:00,629 [INFO] UtilMem:75 - End SaveConfig() Used Memory: 824349952 Bytes (1073741824)
2025-11-22 15:32:01,404 [INFO] UtilMem:75 - End SaveConfig() Used Memory: 852135168 Bytes (1073741824)
2025-11-22 15:32:02,561 [INFO] UtilMem:75 - End SaveConfig() Used Memory: 892507392 Bytes (1073741824)
2025-11-22 15:32:02,850 [INFO] BlockDiagram:2775 - set Specific Code input for plugin: TIM6_7
2025-11-22 15:32:02,850 [INFO] BlockDiagram:2775 - set Specific Code input for plugin: TIM6_7
2025-11-22 15:32:02,850 [INFO] BlockDiagram:2775 - set Specific Code input for plugin: TIM1_8
2025-11-22 15:32:02,850 [INFO] BlockDiagram:2775 - set Specific Code input for plugin: SYS
2025-11-22 15:32:02,850 [INFO] BlockDiagram:2775 - set Specific Code input for plugin: ADC
2025-11-22 15:32:02,850 [INFO] BlockDiagram:2775 - set Specific Code input for plugin: RCC
2025-11-22 15:32:02,850 [INFO] BlockDiagram:2775 - set Specific Code input for plugin: I2C
2025-11-22 15:32:02,850 [INFO] BlockDiagram:2775 - set Specific Code input for plugin: NVIC
2025-11-22 15:32:02,850 [INFO] BlockDiagram:2775 - set Specific Code input for plugin: GPIO
2025-11-22 15:32:02,851 [INFO] CodeGenerator:892 - code generatio: config db path: C:\ST\STM32CubeIDE_1.19.0\STM32CubeIDE\plugins\com.st.stm32cube.common.mx_6.15.0.202507011659\\db\
2025-11-22 15:32:02,857 [WARN] IP:2250 - I2C_Coeff_DF not found: check if there is a RefParameter without a condition.
2025-11-22 15:32:02,857 [WARN] IP:2250 - Analog_Filter not found: check if there is a RefParameter without a condition.
2025-11-22 15:32:02,928 [INFO] CodeEngine:265 - oldGeneratedFile, D:\work\AgroSafe\Projet_scenario_1\MXTmpFiles\license.tmp_save
2025-11-22 15:32:03,112 [INFO] CodeEngine:289 - Generated code: D:\work\AgroSafe\Projet_scenario_1\MXTmpFiles\license.tmp
2025-11-22 15:32:03,142 [INFO] CodeEngine:265 - oldGeneratedFile, D:\work\AgroSafe\Projet_scenario_1\MXTmpFiles\gpio.tmp_save
2025-11-22 15:32:03,271 [INFO] CodeEngine:289 - Generated code: D:\work\AgroSafe\Projet_scenario_1\MXTmpFiles\gpio.tmp
2025-11-22 15:32:03,535 [INFO] CodeEngine:265 - oldGeneratedFile, D:\work\AgroSafe\Projet_scenario_1\Core\Src\stm32f4xx_it.c_save
2025-11-22 15:32:03,749 [INFO] CodeEngine:289 - Generated code: D:\work\AgroSafe\Projet_scenario_1\Core\Src\stm32f4xx_it.c
2025-11-22 15:32:03,753 [INFO] CodeEngine:265 - oldGeneratedFile, D:\work\AgroSafe\Projet_scenario_1\Core\Inc\stm32f4xx_it.h_save
2025-11-22 15:32:03,820 [INFO] CodeEngine:289 - Generated code: D:\work\AgroSafe\Projet_scenario_1\Core\Inc\stm32f4xx_it.h
2025-11-22 15:32:03,832 [INFO] CodeEngine:265 - oldGeneratedFile, D:\work\AgroSafe\Projet_scenario_1\Core\Src\stm32f4xx_hal_msp.c_save
2025-11-22 15:32:03,931 [INFO] CodeEngine:289 - Generated code: D:\work\AgroSafe\Projet_scenario_1\Core\Src\stm32f4xx_hal_msp.c
2025-11-22 15:32:03,935 [INFO] CodeEngine:265 - oldGeneratedFile, D:\work\AgroSafe\Projet_scenario_1\MXTmpFiles\system.tmp_save
2025-11-22 15:32:03,984 [INFO] CodeEngine:289 - Generated code: D:\work\AgroSafe\Projet_scenario_1\MXTmpFiles\system.tmp
2025-11-22 15:32:03,991 [INFO] CodeEngine:321 - oldGeneratedFile, D:\work\AgroSafe\Projet_scenario_1\Core\Inc\stm32f4xx_hal_conf.h_save
2025-11-22 15:32:04,048 [INFO] CodeEngine:345 - Generated code: D:\work\AgroSafe\Projet_scenario_1\Core\Inc\stm32f4xx_hal_conf.h
2025-11-22 15:32:04,066 [WARN] IPConfigManager:3811 - IP not found : TIM
2025-11-22 15:32:04,067 [WARN] CodeGenerator:4259 - IP not found : null
2025-11-22 15:32:04,072 [INFO] CodeEngine:265 - oldGeneratedFile, D:\work\AgroSafe\Projet_scenario_1\Core\Inc\main.h_save
2025-11-22 15:32:04,142 [INFO] CodeEngine:289 - Generated code: D:\work\AgroSafe\Projet_scenario_1\Core\Inc\main.h
2025-11-22 15:32:04,146 [INFO] CodeEngine:265 - oldGeneratedFile, D:\work\AgroSafe\Projet_scenario_1\Core\Src\main.c_save
2025-11-22 15:32:04,262 [INFO] CodeEngine:289 - Generated code: D:\work\AgroSafe\Projet_scenario_1\Core\Src\main.c
2025-11-22 15:32:04,576 [INFO] ProjectBuilder:3606 - Time for Copy HAL[1] : 126mS.
2025-11-22 15:32:04,580 [INFO] ProjectBuilder:5216 - Project Generator version: 4.7.0-B52
2025-11-22 15:32:04,684 [INFO] ConfigFileManager:1595 - The Die is : DIE413
2025-11-22 15:32:05,227 [INFO] ProjectBuilder:5496 - Time for Generating toolchain IDE Files: 648mS.
2025-11-22 15:32:05,227 [INFO] ProjectBuilder:3463 - Time for Copy CMSIS : 0mS.
2025-11-22 15:32:05,228 [INFO] ProjectBuilder:3463 - Time for Copy CMSIS : 0mS.
2025-11-22 16:05:54,732 [INFO] ADCParametersView:116 -                Rank 1 : false
2025-11-22 16:05:54,734 [INFO] ADCParametersView:116 -                Rank 1 : false
2025-11-22 16:05:54,735 [INFO] ADCParametersView:116 -                Rank 1 : false
2025-11-22 16:05:54,735 [INFO] ADCParametersView:116 -                Rank 1 : false
2025-11-22 16:05:54,735 [INFO] ADCParametersView:116 -                Rank 1 : false
2025-11-22 16:05:54,735 [INFO] ADCParametersView:116 -                Rank 1 : false
2025-11-22 16:05:54,735 [INFO] ADCParametersView:116 -                Rank 1 : false
2025-11-22 16:05:54,735 [INFO] ADCParametersView:116 -                Rank 1 : false
2025-11-22 16:05:54,736 [INFO] ADCParametersView:116 -                Rank 1 : false
2025-11-22 16:05:54,736 [INFO] ADCParametersView:116 -                Rank 1 : false
2025-11-22 16:05:54,736 [INFO] ADCParametersView:116 -                Rank 1 : false
2025-11-22 16:05:54,736 [INFO] ADCParametersView:116 -                Rank 1 : false
2025-11-22 16:05:54,736 [INFO] ADCParametersView:116 -                Rank 1 : false
2025-11-22 16:05:54,737 [INFO] ADCParametersView:116 -                Rank 1 : false
2025-11-22 16:05:54,787 [INFO] ADCParametersView:116 -                Rank 1 : false
2025-11-22 16:05:54,820 [INFO] ADCParametersView:116 -                Rank 1 : false
2025-11-22 16:05:54,821 [INFO] ADCParametersView:116 -                Rank 1 : false
2025-11-22 16:05:54,821 [INFO] ADCParametersView:116 -                Rank 1 : false
2025-11-22 16:05:54,821 [INFO] ADCParametersView:116 -                Rank 1 : false
2025-11-22 16:05:54,821 [INFO] ADCParametersView:116 -                Rank 1 : false
2025-11-22 16:05:54,822 [INFO] ADCParametersView:116 -                Rank 1 : false
2025-11-22 16:05:54,822 [INFO] ADCParametersView:116 -                Rank 1 : false
2025-11-22 16:05:54,822 [INFO] ADCParametersView:116 -                Rank 1 : false
2025-11-22 16:05:54,822 [INFO] ADCParametersView:116 -                Rank 1 : false
2025-11-22 16:05:54,822 [INFO] ADCParametersView:116 -                Rank 1 : false
2025-11-22 16:05:54,822 [INFO] ADCParametersView:116 -                Rank 1 : false
2025-11-22 16:05:54,822 [INFO] ADCParametersView:116 -                Rank 1 : false
2025-11-22 16:05:54,822 [INFO] ADCParametersView:116 -                Rank 1 : false
2025-11-22 16:05:54,822 [INFO] ADCParametersView:116 -                Rank 1 : false
2025-11-22 16:05:54,840 [INFO] ADCParametersView:116 -                Rank 1 : false
2025-11-22 16:05:54,847 [INFO] NvicIntPanel:101 - NVIC parent = com.st.microxplorer.plugins.ip.nvic.MultiNvicIntPanel[,0,0,0x0,invalid,layout=javax.swing.BoxLayout,alignmentX=0.0,alignmentY=0.0,border=,flags=9,maximumSize=,minimumSize=,preferredSize=]
2025-11-22 16:05:56,616 [INFO] ADCParametersView:116 -                Rank 1 : false
2025-11-22 16:05:56,618 [INFO] ADCParametersView:116 -                Rank 1 : false
2025-11-22 16:05:56,618 [INFO] ADCParametersView:116 -                Rank 1 : false
2025-11-22 16:05:56,619 [INFO] ADCParametersView:116 -                Rank 1 : false
2025-11-22 16:05:56,619 [INFO] ADCParametersView:116 -                Rank 1 : false
2025-11-22 16:05:56,619 [INFO] ADCParametersView:116 -                Rank 1 : false
2025-11-22 16:05:56,619 [INFO] ADCParametersView:116 -                Rank 1 : false
2025-11-22 16:05:56,619 [INFO] ADCParametersView:116 -                Rank 1 : false
2025-11-22 16:05:56,619 [INFO] ADCParametersView:116 -                Rank 1 : false
2025-11-22 16:05:56,619 [INFO] ADCParametersView:116 -                Rank 1 : false
2025-11-22 16:05:56,619 [INFO] ADCParametersView:116 -                Rank 1 : false
2025-11-22 16:05:56,619 [INFO] ADCParametersView:116 -                Rank 1 : false
2025-11-22 16:05:56,619 [INFO] ADCParametersView:116 -                Rank 1 : false
2025-11-22 16:05:56,619 [INFO] ADCParametersView:116 -                Rank 1 : false
2025-11-22 16:05:56,639 [INFO] ADCParametersView:116 -                Rank 1 : false
2025-11-22 16:06:39,071 [INFO] ADCParametersView:116 -                Rank 1 : true
2025-11-22 16:20:40,467 [ERROR] LogOutputStream:75 - [STDERR_REDIRECT] 
2025-11-22 16:21:19,174 [INFO] Activator:176 - 


2025-11-22 16:21:19,176 [INFO] Activator:177 - !SESSION log4j initialized
2025-11-22 16:21:23,666 [INFO] LogOutputStream:77 - [STDOUT_REDIRECT] 
2025-11-22 16:21:30,254 [INFO] ApplicationProperties:184 - Using Application install path: C:\ST\STM32CubeIDE_1.19.0\STM32CubeIDE\plugins\com.st.stm32cube.common.mx_6.15.0.202507011659
2025-11-22 16:21:30,266 [INFO] DbMcusXml:78 - Set database path to: C:\ST\STM32CubeIDE_1.19.0\STM32CubeIDE\plugins\com.st.stm32cube.common.mx_6.15.0.202507011659\\db\/mcu/
2025-11-22 16:21:30,266 [INFO] ApiDb:274 - Set plugin database path to: C:\ST\STM32CubeIDE_1.19.0\STM32CubeIDE\plugins\com.st.stm32cube.common.mx_6.15.0.202507011659\\db\/plugins/boardmanager/
2025-11-22 16:21:30,266 [WARN] ApiDb:259 - Overriding images path with different value:  => C:\ST\STM32CubeIDE_1.19.0\STM32CubeIDE\plugins\com.st.stm32cube.common.mx_6.15.0.202507011659\\db\/plugins/mcufinder/images/
2025-11-22 16:21:30,270 [INFO] ApiDb:250 - Set database path to: C:\Users\PC\.stmcufinder\plugins\mcufinder//mcu/
2025-11-22 16:21:30,270 [INFO] DbMcusAds:125 - Set database path to: C:\Users\PC\.stmcufinder\plugins\mcufinder//mcu/
2025-11-22 16:21:30,272 [INFO] CrossReferenceDbSqlite:203 - Set database path to: C:\Users\PC\.stmcufinder\plugins\mcufinder//mcu/cs/
2025-11-22 16:21:30,362 [INFO] RulesReader:64 - Compatibility file has been processed (317 Rules)
2025-11-22 16:21:30,422 [INFO] DbMcusXml:78 - Set database path to: C:\ST\STM32CubeIDE_1.19.0\STM32CubeIDE\plugins\com.st.stm32cube.common.mx_6.15.0.202507011659\\db\/mcu/
2025-11-22 16:21:30,422 [INFO] ApiDb:274 - Set plugin database path to: C:\ST\STM32CubeIDE_1.19.0\STM32CubeIDE\plugins\com.st.stm32cube.common.mx_6.15.0.202507011659\\db\/plugins/boardmanager/
2025-11-22 16:21:30,423 [INFO] ApiDb:261 - Set plugin images path to: C:\ST\STM32CubeIDE_1.19.0\STM32CubeIDE\plugins\com.st.stm32cube.common.mx_6.15.0.202507011659\\db\/plugins/mcufinder/images/
2025-11-22 16:21:30,423 [WARN] DbFile:41 - Overriding database path with different value: C:\Users\PC\.stmcufinder\plugins\mcufinder/ => C:\Users\PC\.stmcufinder\plugins\mcufinder
2025-11-22 16:21:30,423 [INFO] ApiDb:250 - Set database path to: C:\Users\PC\.stmcufinder\plugins\mcufinder//mcu/
2025-11-22 16:21:30,423 [WARN] DbFile:41 - Overriding database path with different value: C:\Users\PC\.stmcufinder\plugins\mcufinder/ => C:\Users\PC\.stmcufinder\plugins\mcufinder
2025-11-22 16:21:30,423 [INFO] DbMcusAds:125 - Set database path to: C:\Users\PC\.stmcufinder\plugins\mcufinder//mcu/
2025-11-22 16:21:30,423 [WARN] DbFile:41 - Overriding database path with different value: C:\Users\PC\.stmcufinder\plugins\mcufinder/ => C:\Users\PC\.stmcufinder\plugins\mcufinder
2025-11-22 16:21:30,423 [WARN] DbFile:41 - Overriding database path with different value: C:\Users\PC\.stmcufinder\plugins\mcufinder/ => C:\Users\PC\.stmcufinder\plugins\mcufinder
2025-11-22 16:21:30,423 [INFO] CrossReferenceDbSqlite:203 - Set database path to: C:\Users\PC\.stmcufinder\plugins\mcufinder//mcu/cs/
2025-11-22 16:21:30,470 [INFO] MainPanel:274 - HeapMemory: 268435456
2025-11-22 16:21:30,528 [INFO] DbMcusXml:78 - Set database path to: C:\ST\STM32CubeIDE_1.19.0\STM32CubeIDE\plugins\com.st.stm32cube.common.mx_6.15.0.202507011659\\db\/mcu/
2025-11-22 16:21:30,528 [INFO] ApiDb:274 - Set plugin database path to: C:\ST\STM32CubeIDE_1.19.0\STM32CubeIDE\plugins\com.st.stm32cube.common.mx_6.15.0.202507011659\\db\/plugins/boardmanager/
2025-11-22 16:21:30,528 [INFO] ApiDb:261 - Set plugin images path to: C:\ST\STM32CubeIDE_1.19.0\STM32CubeIDE\plugins\com.st.stm32cube.common.mx_6.15.0.202507011659\\db\/plugins/mcufinder/images/
2025-11-22 16:21:30,529 [WARN] DbFile:41 - Overriding database path with different value: C:\Users\PC\.stmcufinder\plugins\mcufinder/ => C:\Users\PC\.stmcufinder\plugins\mcufinder
2025-11-22 16:21:30,529 [INFO] ApiDb:250 - Set database path to: C:\Users\PC\.stmcufinder\plugins\mcufinder//mcu/
2025-11-22 16:21:30,529 [WARN] DbFile:41 - Overriding database path with different value: C:\Users\PC\.stmcufinder\plugins\mcufinder/ => C:\Users\PC\.stmcufinder\plugins\mcufinder
2025-11-22 16:21:30,529 [INFO] DbMcusAds:125 - Set database path to: C:\Users\PC\.stmcufinder\plugins\mcufinder//mcu/
2025-11-22 16:21:30,529 [WARN] DbFile:41 - Overriding database path with different value: C:\Users\PC\.stmcufinder\plugins\mcufinder/ => C:\Users\PC\.stmcufinder\plugins\mcufinder
2025-11-22 16:21:30,529 [WARN] DbFile:41 - Overriding database path with different value: C:\Users\PC\.stmcufinder\plugins\mcufinder/ => C:\Users\PC\.stmcufinder\plugins\mcufinder
2025-11-22 16:21:30,529 [INFO] CrossReferenceDbSqlite:203 - Set database path to: C:\Users\PC\.stmcufinder\plugins\mcufinder//mcu/cs/
2025-11-22 16:21:30,542 [INFO] ApplicationProperties:184 - Using Application install path: C:\ST\STM32CubeIDE_1.19.0\STM32CubeIDE\plugins\com.st.stm32cube.common.mx_6.15.0.202507011659
2025-11-22 16:21:30,543 [INFO] PluginManage:196 - Search for loadable plugins [exclusion list=, ]
2025-11-22 16:21:30,543 [INFO] PluginManage:310 - Check plugin analytics
2025-11-22 16:21:35,805 [INFO] AnalyticsPlugin:253 - Accepted Software Licenses: 
2025-11-22 16:21:35,805 [INFO] AnalyticsPlugin:255 - Accepted CMSIS Pack Licenses: 
2025-11-22 16:21:35,805 [INFO] AnalyticsPlugin:257 - Accepted Firmware Licenses: FW.F4.1.28.0
2025-11-22 16:21:35,807 [INFO] PluginManage:359 - Loaded plugin analytics (category:tool,tabindex:-1)
2025-11-22 16:21:35,807 [INFO] PluginManage:310 - Check plugin cadmodel
2025-11-22 16:21:35,810 [INFO] CADModel:105 - Init CAD model plugin
2025-11-22 16:21:35,810 [INFO] PluginManage:359 - Loaded plugin cadmodel (category:power,tabindex:5)
2025-11-22 16:21:35,811 [INFO] PluginManage:310 - Check plugin clock
2025-11-22 16:21:35,816 [INFO] PluginManage:359 - Loaded plugin clock (category:base,tabindex:2)
2025-11-22 16:21:35,816 [INFO] PluginManage:310 - Check plugin ddr
2025-11-22 16:21:35,818 [INFO] PluginManage:359 - Loaded plugin ddr (category:tool,tabindex:6)
2025-11-22 16:21:35,818 [INFO] PluginManage:310 - Check plugin filemanager
2025-11-22 16:21:35,941 [INFO] PluginManage:359 - Loaded plugin filemanager (category:base,tabindex:10)
2025-11-22 16:21:35,941 [INFO] PluginManage:310 - Check plugin ipmanager
2025-11-22 16:21:35,946 [INFO] PluginManage:359 - Loaded plugin ipmanager (category:base,tabindex:5)
2025-11-22 16:21:35,946 [INFO] PluginManage:310 - Check plugin lpbam
2025-11-22 16:21:35,953 [INFO] PluginManage:359 - Loaded plugin lpbam (category:base,tabindex:0)
2025-11-22 16:21:35,953 [INFO] PluginManage:310 - Check plugin memorymap
2025-11-22 16:21:35,963 [INFO] PluginManage:359 - Loaded plugin memorymap (category:base,tabindex:4)
2025-11-22 16:21:35,963 [INFO] PluginManage:310 - Check plugin pinoutandconfiguration
2025-11-22 16:21:35,969 [INFO] PluginManage:359 - Loaded plugin pinoutandconfiguration (category:base,tabindex:1)
2025-11-22 16:21:35,970 [INFO] PluginManage:310 - Check plugin pinoutconfig
2025-11-22 16:21:36,047 [WARN] SupportedApi:132 - Cannot load RTOS API schema: s4s-elt-must-match.1: The content of 'definitions' must match (annotation?, (simpleType | complexType)?, (unique | key | keyref)*)). A problem was found starting at: attribute.
2025-11-22 16:21:36,144 [INFO] PluginManage:359 - Loaded plugin pinoutconfig (category:base,tabindex:0)
2025-11-22 16:21:36,144 [INFO] PluginManage:310 - Check plugin power
2025-11-22 16:21:36,150 [INFO] PluginManage:359 - Loaded plugin power (category:power,tabindex:4)
2025-11-22 16:21:36,150 [INFO] PluginManage:310 - Check plugin projectmanager
2025-11-22 16:21:36,161 [INFO] PluginManage:359 - Loaded plugin projectmanager (category:projectmanager,tabindex:4)
2025-11-22 16:21:36,161 [INFO] PluginManage:310 - Check plugin rif
2025-11-22 16:21:36,167 [INFO] PluginManage:359 - Loaded plugin rif (category:base,tabindex:3)
2025-11-22 16:21:36,168 [INFO] PluginManage:310 - Check plugin thirdparty
2025-11-22 16:21:36,252 [INFO] PluginManage:359 - Loaded plugin thirdparty (category:base,tabindex:-1)
2025-11-22 16:21:36,253 [INFO] PluginManage:310 - Check plugin tools
2025-11-22 16:21:36,252 [WARN] IntegrityCheckThread:84 - waiting for thirdparty lock release [integrity check]
2025-11-22 16:21:36,253 [INFO] IntegrityCheckThread:86 - entering critical section [integrity check]
2025-11-22 16:21:36,253 [INFO] ThirdPartyUpdaterWithRetryManager:70 - Updater plugin not ready yet. [1/15]
2025-11-22 16:21:36,254 [INFO] PluginManage:359 - Loaded plugin tools (category:base,tabindex:7)
2025-11-22 16:21:36,254 [INFO] PluginManage:310 - Check plugin tutovideos
2025-11-22 16:21:36,392 [INFO] PluginManage:359 - Loaded plugin tutovideos (category:base,tabindex:-1)
2025-11-22 16:21:36,392 [INFO] PluginManage:310 - Check plugin updater
2025-11-22 16:21:36,407 [INFO] PluginManage:359 - Loaded plugin updater (category:base,tabindex:12)
2025-11-22 16:21:36,407 [INFO] PluginManage:310 - Check plugin userauth
2025-11-22 16:21:36,410 [INFO] UserAuth:118 - Init User Auth plugin
2025-11-22 16:21:36,410 [INFO] PluginManage:359 - Loaded plugin userauth (category:base,tabindex:14)
2025-11-22 16:21:36,410 [INFO] PluginManage:283 - PluginManage : Loaded plugins [18]
2025-11-22 16:21:36,560 [INFO] PinOutPanel:1589 - setPackage(No Configuration,No Configuration)
2025-11-22 16:21:36,634 [INFO] CADModel:165 - CPN selected for project level
2025-11-22 16:21:36,634 [INFO] CADModel:114 - Register for checkConnection events
2025-11-22 16:21:36,647 [INFO] IPUIPlugin:80 - create IPUIPlugin
2025-11-22 16:21:36,647 [INFO] PluginManager:220 - loadIPPluginJar : add adc
2025-11-22 16:21:36,649 [INFO] IPUIPlugin:80 - create IPUIPlugin
2025-11-22 16:21:36,649 [INFO] PluginManager:220 - loadIPPluginJar : add aes
2025-11-22 16:21:36,651 [INFO] IPUIPlugin:80 - create IPUIPlugin
2025-11-22 16:21:36,651 [INFO] PluginManager:220 - loadIPPluginJar : add can
2025-11-22 16:21:36,652 [INFO] IPUIPlugin:80 - create IPUIPlugin
2025-11-22 16:21:36,652 [INFO] PluginManager:220 - loadIPPluginJar : add comp
2025-11-22 16:21:36,654 [INFO] IPUIPlugin:80 - create IPUIPlugin
2025-11-22 16:21:36,654 [INFO] PluginManager:220 - loadIPPluginJar : add cryp
2025-11-22 16:21:36,656 [INFO] IPUIPlugin:80 - create IPUIPlugin
2025-11-22 16:21:36,656 [INFO] PluginManager:220 - loadIPPluginJar : add ddr_ctrl_phy
2025-11-22 16:21:36,657 [INFO] IPUIPlugin:80 - create IPUIPlugin
2025-11-22 16:21:36,657 [INFO] PluginManager:220 - loadIPPluginJar : add dfsdm
2025-11-22 16:21:36,661 [INFO] IPUIPlugin:80 - create IPUIPlugin
2025-11-22 16:21:36,661 [INFO] PluginManager:220 - loadIPPluginJar : add dma
2025-11-22 16:21:36,663 [INFO] IPUIPlugin:80 - create IPUIPlugin
2025-11-22 16:21:36,663 [INFO] PluginManager:220 - loadIPPluginJar : add dma3
2025-11-22 16:21:36,666 [INFO] IPUIPlugin:80 - create IPUIPlugin
2025-11-22 16:21:36,666 [INFO] PluginManager:220 - loadIPPluginJar : add extmemmanager
2025-11-22 16:21:36,667 [INFO] IPUIPlugin:80 - create IPUIPlugin
2025-11-22 16:21:36,667 [INFO] PluginManager:220 - loadIPPluginJar : add fatfs
2025-11-22 16:21:36,670 [INFO] IPUIPlugin:80 - create IPUIPlugin
2025-11-22 16:21:36,670 [INFO] PluginManager:220 - loadIPPluginJar : add fmc
2025-11-22 16:21:36,674 [INFO] IPUIPlugin:80 - create IPUIPlugin
2025-11-22 16:21:36,674 [INFO] PluginManager:220 - loadIPPluginJar : add freertos
2025-11-22 16:21:36,675 [INFO] IPUIPlugin:80 - create IPUIPlugin
2025-11-22 16:21:36,675 [INFO] PluginManager:220 - loadIPPluginJar : add genericplugin
2025-11-22 16:21:36,677 [INFO] IPUIPlugin:80 - create IPUIPlugin
2025-11-22 16:21:36,677 [INFO] PluginManager:220 - loadIPPluginJar : add gfxmmu
2025-11-22 16:21:36,680 [INFO] IPUIPlugin:80 - create IPUIPlugin
2025-11-22 16:21:36,680 [INFO] PluginManager:220 - loadIPPluginJar : add gic
2025-11-22 16:21:36,684 [INFO] IPUIPlugin:80 - create IPUIPlugin
2025-11-22 16:21:36,684 [INFO] PluginManager:220 - loadIPPluginJar : add gpio
2025-11-22 16:21:36,687 [INFO] IPUIPlugin:80 - create IPUIPlugin
2025-11-22 16:21:36,687 [INFO] PluginManager:220 - loadIPPluginJar : add gtzc
2025-11-22 16:21:36,688 [INFO] IPUIPlugin:80 - create IPUIPlugin
2025-11-22 16:21:36,689 [INFO] PluginManager:220 - loadIPPluginJar : add hash
2025-11-22 16:21:36,690 [INFO] IPUIPlugin:80 - create IPUIPlugin
2025-11-22 16:21:36,690 [INFO] PluginManager:220 - loadIPPluginJar : add i2c
2025-11-22 16:21:36,692 [INFO] IPUIPlugin:80 - create IPUIPlugin
2025-11-22 16:21:36,692 [INFO] PluginManager:220 - loadIPPluginJar : add i2s
2025-11-22 16:21:36,694 [INFO] IPUIPlugin:80 - create IPUIPlugin
2025-11-22 16:21:36,694 [INFO] PluginManager:220 - loadIPPluginJar : add i3c
2025-11-22 16:21:36,696 [INFO] IPUIPlugin:80 - create IPUIPlugin
2025-11-22 16:21:36,696 [INFO] PluginManager:220 - loadIPPluginJar : add ipddr
2025-11-22 16:21:36,701 [INFO] IPUIPlugin:80 - create IPUIPlugin
2025-11-22 16:21:36,701 [INFO] PluginManager:220 - loadIPPluginJar : add linkedlist
2025-11-22 16:21:36,703 [INFO] IPUIPlugin:80 - create IPUIPlugin
2025-11-22 16:21:36,703 [INFO] PluginManager:220 - loadIPPluginJar : add lorawan
2025-11-22 16:21:36,704 [INFO] IPUIPlugin:80 - create IPUIPlugin
2025-11-22 16:21:36,704 [INFO] PluginManager:220 - loadIPPluginJar : add ltdc
2025-11-22 16:21:36,708 [INFO] IPUIPlugin:80 - create IPUIPlugin
2025-11-22 16:21:36,708 [INFO] PluginManager:220 - loadIPPluginJar : add mdma
2025-11-22 16:21:36,719 [INFO] IPUIPlugin:80 - create IPUIPlugin
2025-11-22 16:21:36,719 [INFO] PluginManager:220 - loadIPPluginJar : add nvic
2025-11-22 16:21:36,722 [INFO] IPUIPlugin:80 - create IPUIPlugin
2025-11-22 16:21:36,722 [INFO] PluginManager:220 - loadIPPluginJar : add opamp
2025-11-22 16:21:36,724 [INFO] IPUIPlugin:80 - create IPUIPlugin
2025-11-22 16:21:36,724 [INFO] PluginManager:220 - loadIPPluginJar : add openamp
2025-11-22 16:21:36,726 [INFO] IPUIPlugin:80 - create IPUIPlugin
2025-11-22 16:21:36,726 [INFO] PluginManager:220 - loadIPPluginJar : add pdm2pcm
2025-11-22 16:21:36,730 [INFO] IPUIPlugin:80 - create IPUIPlugin
2025-11-22 16:21:36,731 [INFO] PluginManager:220 - loadIPPluginJar : add plateformsettings
2025-11-22 16:21:36,732 [INFO] IPUIPlugin:80 - create IPUIPlugin
2025-11-22 16:21:36,732 [INFO] PluginManager:220 - loadIPPluginJar : add quadspi
2025-11-22 16:21:36,733 [INFO] IPUIPlugin:80 - create IPUIPlugin
2025-11-22 16:21:36,734 [INFO] PluginManager:220 - loadIPPluginJar : add radio
2025-11-22 16:21:36,736 [INFO] IPUIPlugin:80 - create IPUIPlugin
2025-11-22 16:21:36,736 [INFO] PluginManager:220 - loadIPPluginJar : add resmgrutility
2025-11-22 16:21:36,738 [INFO] IPUIPlugin:80 - create IPUIPlugin
2025-11-22 16:21:36,738 [INFO] PluginManager:220 - loadIPPluginJar : add sai
2025-11-22 16:21:36,739 [INFO] IPUIPlugin:80 - create IPUIPlugin
2025-11-22 16:21:36,740 [INFO] PluginManager:220 - loadIPPluginJar : add spi
2025-11-22 16:21:36,744 [INFO] IPUIPlugin:80 - create IPUIPlugin
2025-11-22 16:21:36,744 [INFO] PluginManager:220 - loadIPPluginJar : add stm32_wpan
2025-11-22 16:21:36,745 [INFO] IPUIPlugin:80 - create IPUIPlugin
2025-11-22 16:21:36,745 [INFO] PluginManager:220 - loadIPPluginJar : add tim
2025-11-22 16:21:36,747 [INFO] IPUIPlugin:80 - create IPUIPlugin
2025-11-22 16:21:36,747 [INFO] PluginManager:220 - loadIPPluginJar : add touchsensing
2025-11-22 16:21:36,748 [INFO] IPUIPlugin:80 - create IPUIPlugin
2025-11-22 16:21:36,748 [INFO] PluginManager:220 - loadIPPluginJar : add tracer_emb
2025-11-22 16:21:36,749 [INFO] IPUIPlugin:80 - create IPUIPlugin
2025-11-22 16:21:36,749 [INFO] PluginManager:220 - loadIPPluginJar : add ts
2025-11-22 16:21:36,750 [INFO] IPUIPlugin:80 - create IPUIPlugin
2025-11-22 16:21:36,750 [INFO] PluginManager:220 - loadIPPluginJar : add tsc
2025-11-22 16:21:36,751 [INFO] IPUIPlugin:80 - create IPUIPlugin
2025-11-22 16:21:36,752 [INFO] PluginManager:220 - loadIPPluginJar : add ucpd
2025-11-22 16:21:36,753 [INFO] IPUIPlugin:80 - create IPUIPlugin
2025-11-22 16:21:36,753 [INFO] PluginManager:220 - loadIPPluginJar : add usart
2025-11-22 16:21:36,755 [INFO] IPUIPlugin:80 - create IPUIPlugin
2025-11-22 16:21:36,755 [INFO] PluginManager:220 - loadIPPluginJar : add usbx
2025-11-22 16:21:36,868 [FATAL] Updater:351 - Updater called before beeing initialized
2025-11-22 16:21:36,887 [INFO] RulesReader:64 - Compatibility file has been processed (317 Rules)
2025-11-22 16:21:36,897 [INFO] RulesReader:64 - Compatibility file has been processed (317 Rules)
2025-11-22 16:21:36,903 [INFO] CADModel:165 - CPN selected for project level
2025-11-22 16:21:36,903 [INFO] CADModel:114 - Register for checkConnection events
2025-11-22 16:21:36,903 [FATAL] Updater:351 - Updater called before beeing initialized
2025-11-22 16:21:36,903 [ERROR] CADModel:125 - Updater not yet initialized, retry later 
2025-11-22 16:21:37,012 [FATAL] Updater:351 - Updater called before beeing initialized
2025-11-22 16:21:37,013 [INFO] CADModel:165 - CPN selected for project level
2025-11-22 16:21:37,013 [INFO] CADModel:114 - Register for checkConnection events
2025-11-22 16:21:37,013 [FATAL] Updater:351 - Updater called before beeing initialized
2025-11-22 16:21:37,013 [ERROR] CADModel:125 - Updater not yet initialized, retry later 
2025-11-22 16:21:37,016 [FATAL] Updater:351 - Updater called before beeing initialized
2025-11-22 16:21:37,122 [FATAL] Updater:351 - Updater called before beeing initialized
2025-11-22 16:21:37,125 [INFO] DbMcusAds:53 - JSON generation date=Thu Oct 02 10:36:05 GMT+01:00 2025 (1759397765645)
2025-11-22 16:21:37,125 [FATAL] Updater:351 - Updater called before beeing initialized
2025-11-22 16:21:37,151 [WARN] DetailPanel:346 - Failed to get advertising image, set to default
2025-11-22 16:21:37,220 [FATAL] Updater:351 - Updater called before beeing initialized
2025-11-22 16:21:37,221 [FATAL] Updater:351 - Updater called before beeing initialized
2025-11-22 16:21:37,221 [FATAL] Updater:351 - Updater called before beeing initialized
2025-11-22 16:21:37,221 [WARN] DetailPanel:346 - Failed to get advertising image, set to default
2025-11-22 16:21:37,222 [FATAL] Updater:351 - Updater called before beeing initialized
2025-11-22 16:21:37,252 [ERROR] Updater:1198 - MainUpdater not yet initialized. External WinMGr cannot be set.
2025-11-22 16:21:37,253 [INFO] Updater:1134 - Updater Version found : 6.15.0
2025-11-22 16:21:37,265 [INFO] ApplicationProperties:184 - Using Application install path: C:\ST\STM32CubeIDE_1.19.0\STM32CubeIDE\plugins\com.st.stm32cube.common.mx_6.15.0.202507011659
2025-11-22 16:21:37,435 [INFO] MainUpdater:2872 - connection check result : 10
2025-11-22 16:21:37,435 [INFO] MainUpdater:289 - Updater Check For Update Now.
2025-11-22 16:21:37,435 [INFO] MicroXplorer:498 - Change Database Version : DB.6.0.150
2025-11-22 16:21:37,439 [INFO] McuFinderGlobals:63 - Set McuFinder mode to 2 (CubeIDE integrated)
2025-11-22 16:21:37,439 [INFO] UserAuth:487 - Internet connection configuration mode: 1
2025-11-22 16:21:37,452 [INFO] JxBrowserEngine:152 - Initiate JxBrowser Engine with user profile folder
2025-11-22 16:21:37,601 [INFO] CheckServerUpdateThread:120 - End of CheckServer Thread
2025-11-22 16:21:38,100 [INFO] WebApp:169 - Instantiating new browser for Auth
2025-11-22 16:21:38,558 [INFO] WebApp:463 - Apply proxy settings
2025-11-22 16:21:38,558 [INFO] WebApp:548 - Chromium requires no authentication
2025-11-22 16:21:38,564 [INFO] WebApp:491 - Direct internet connection detected
2025-11-22 16:21:38,576 [INFO] WebApp:900 - Register for checkConnection events
2025-11-22 16:21:38,577 [INFO] WebApp:463 - Apply proxy settings
2025-11-22 16:21:38,577 [INFO] WebApp:548 - Chromium requires no authentication
2025-11-22 16:21:38,577 [INFO] WebApp:491 - Direct internet connection detected
2025-11-22 16:21:38,689 [INFO] WebApp:225 - Starting web application
2025-11-22 16:21:38,689 [INFO] WebApp:593 - Web application path used C:\ST\STM32CubeIDE_1.19.0\STM32CubeIDE\plugins\com.st.stm32cube.common.mx_6.15.0.202507011659\db\plugins\mcufinder\reactClient1\index.html
2025-11-22 16:21:38,814 [INFO] UserAuth:487 - Internet connection configuration mode: 1
2025-11-22 16:21:38,937 [INFO] WebApp:191 - Connection restablished
2025-11-22 16:21:39,435 [WARN] PackLoader:240 - Cannot read IP mode file for STMicroelectronics.FP-SNS-MOTENVWB1.1.4.0
2025-11-22 16:21:39,448 [WARN] PackLoader:240 - Cannot read IP mode file for STMicroelectronics.FP-ATR-ASTRA1.2.0.2
2025-11-22 16:21:39,454 [WARN] PackLoader:240 - Cannot read IP mode file for STMicroelectronics.X-CUBE-SMBUS.2.1.0
2025-11-22 16:21:39,457 [WARN] PackLoader:240 - Cannot read IP mode file for STMicroelectronics.X-CUBE-ST60.1.0.0
2025-11-22 16:21:39,481 [WARN] PackLoader:240 - Cannot read IP mode file for STMicroelectronics.X-CUBE-AZRTOS-F7.1.1.0
2025-11-22 16:21:39,487 [WARN] PackLoader:240 - Cannot read IP mode file for Cesanta.I-CUBE-Mongoose.7.19.0
2025-11-22 16:21:39,491 [WARN] PackLoader:240 - Cannot read IP mode file for STMicroelectronics.FP-SNS-MOTENV1.5.1.0
2025-11-22 16:21:39,499 [WARN] PackLoader:240 - Cannot read IP mode file for WES.I-CUBE-Cesium.1.4.0
2025-11-22 16:21:39,521 [WARN] PackLoader:240 - Cannot read IP mode file for Infineon.AIROC-Wi-Fi-Bluetooth-STM32.1.7.1
2025-11-22 16:21:39,547 [WARN] PackLoader:240 - Cannot read IP mode file for STMicroelectronics.X-CUBE-AZRTOS-H7.3.4.0
2025-11-22 16:21:39,608 [WARN] PackLoader:240 - Cannot read IP mode file for STMicroelectronics.X-CUBE-DISPLAY.3.0.0
2025-11-22 16:21:39,627 [WARN] PackLoader:240 - Cannot read IP mode file for STMicroelectronics.X-CUBE-NFC10.1.0.0
2025-11-22 16:21:39,632 [WARN] PackLoader:240 - Cannot read IP mode file for STMicroelectronics.X-CUBE-ST60.1.1.0
2025-11-22 16:21:39,638 [WARN] PackLoader:240 - Cannot read IP mode file for emotas.I-CUBE-CANOPEN.1.3.0
2025-11-22 16:21:39,643 [WARN] PackLoader:240 - Cannot read IP mode file for STMicroelectronics.X-CUBE-GNSS1.7.1.0
2025-11-22 16:21:39,649 [WARN] PackLoader:240 - Cannot read IP mode file for STMicroelectronics.FP-SNS-STBOX1.2.1.0
2025-11-22 16:21:39,654 [WARN] PackLoader:240 - Cannot read IP mode file for STMicroelectronics.FP-SNS-SMARTAG2.1.2.0
2025-11-22 16:21:39,657 [WARN] PackLoader:240 - Cannot read IP mode file for STMicroelectronics.FP-SNS-FLIGHT1.5.1.0
2025-11-22 16:21:39,664 [INFO] LogOutputStream:77 - [STDOUT_REDIRECT] 1 : Invalid condition id : UX_CORESTACK_Condition cause : null
2025-11-22 16:21:39,664 [INFO] LogOutputStream:77 - [STDOUT_REDIRECT] 1 : Invalid condition id : UX_CORESTACK_Condition cause : null
2025-11-22 16:21:39,665 [INFO] LogOutputStream:77 - [STDOUT_REDIRECT] 1 : Invalid condition id : UX_CORESTACK_Condition cause : null
2025-11-22 16:21:39,665 [INFO] LogOutputStream:77 - [STDOUT_REDIRECT] 1 : Invalid condition id : UX_CORESTACK_Condition cause : null
2025-11-22 16:21:39,666 [INFO] LogOutputStream:77 - [STDOUT_REDIRECT] 1 : Invalid condition id : UX_CORESTACK_Condition cause : null
2025-11-22 16:21:39,668 [WARN] PackLoader:240 - Cannot read IP mode file for STMicroelectronics.X-CUBE-AZRTOS-WL.2.0.0
2025-11-22 16:21:39,672 [WARN] PackLoader:240 - Cannot read IP mode file for STMicroelectronics.FP-SNS-MOTENV1.5.0.0
2025-11-22 16:21:39,676 [WARN] PackLoader:240 - Cannot read IP mode file for STMicroelectronics.X-CUBE-BLE2.3.3.0
2025-11-22 16:21:39,693 [WARN] PackLoader:240 - Cannot read IP mode file for STMicroelectronics.X-CUBE-NFC9.1.0.0
2025-11-22 16:21:39,698 [WARN] PackLoader:240 - Cannot read IP mode file for wolfSSL.I-CUBE-wolfSSL.5.8.2
2025-11-22 16:21:39,701 [WARN] PackLoader:240 - Cannot read IP mode file for STMicroelectronics.X-CUBE-BLE1.7.1.0
2025-11-22 16:21:39,705 [WARN] PackLoader:240 - Cannot read IP mode file for wolfSSL.I-CUBE-wolfMQTT.1.19.2
2025-11-22 16:21:39,709 [WARN] PackLoader:240 - Cannot read IP mode file for STMicroelectronics.X-CUBE-EEPRMA1.5.2.0
2025-11-22 16:21:39,714 [WARN] PackLoader:240 - Cannot read IP mode file for STMicroelectronics.X-CUBE-ST67W61.1.1.0
2025-11-22 16:21:39,724 [WARN] PackLoader:240 - Cannot read IP mode file for STMicroelectronics.X-CUBE-AZRTOS-G0.1.1.0
2025-11-22 16:21:39,729 [WARN] PackLoader:240 - Cannot read IP mode file for STMicroelectronics.X-CUBE-SAFEA1.1.2.2
2025-11-22 16:21:39,733 [WARN] PackLoader:240 - Cannot read IP mode file for STMicroelectronics.X-CUBE-NFC4.3.0.0
2025-11-22 16:21:39,739 [WARN] PackLoader:240 - Cannot read IP mode file for EmbeddedOffice.I-CUBE-FS-RTOS.1.0.1
2025-11-22 16:21:39,742 [WARN] PackLoader:240 - Cannot read IP mode file for STMicroelectronics.X-CUBE-WB05N.2.0.0
2025-11-22 16:21:39,746 [WARN] PackLoader:240 - Cannot read IP mode file for wolfSSL.I-CUBE-wolfTPM.3.8.0
2025-11-22 16:21:39,749 [WARN] PackLoader:240 - Cannot read IP mode file for STMicroelectronics.X-CUBE-TCPP.4.2.0
2025-11-22 16:21:39,755 [WARN] PackLoader:240 - Cannot read IP mode file for RealThread.X-CUBE-RT-Thread_Nano.4.1.1
2025-11-22 16:21:39,758 [WARN] PackLoader:240 - Cannot read IP mode file for STMicroelectronics.FP-ATR-SIGFOX1.3.2.0
2025-11-22 16:21:39,763 [WARN] PackLoader:240 - Cannot read IP mode file for ITTIA_DB.I-CUBE-ITTIADB.8.9.0
2025-11-22 16:21:39,767 [WARN] PackLoader:240 - Cannot read IP mode file for STMicroelectronics.X-CUBE-ST67W61.1.0.0
2025-11-22 16:21:39,770 [WARN] PackLoader:240 - Cannot read IP mode file for STMicroelectronics.X-CUBE-AI.10.2.0
2025-11-22 16:21:39,786 [WARN] PackLoader:240 - Cannot read IP mode file for SEGGER.I-CUBE-embOS.1.3.1
2025-11-22 16:21:39,832 [WARN] PackLoader:240 - Cannot read IP mode file for STMicroelectronics.X-CUBE-ALGOBUILD.1.4.0
2025-11-22 16:21:39,905 [WARN] PackLoader:240 - Cannot read IP mode file for STMicroelectronics.X-CUBE-MEMS1.11.3.0
2025-11-22 16:21:40,012 [WARN] PackLoader:240 - Cannot read IP mode file for STMicroelectronics.X-CUBE-PM33A1.1.0.0
2025-11-22 16:21:40,022 [WARN] PackLoader:240 - Cannot read IP mode file for STMicroelectronics.X-CUBE-AZRTOS-F4.1.1.0
2025-11-22 16:21:40,026 [WARN] PackLoader:240 - Cannot read IP mode file for Avnet-IotConnect.X-CUBE-IoTC-DA16k-PMOD.1.0.0
2025-11-22 16:21:40,028 [WARN] PackLoader:240 - Cannot read IP mode file for STMicroelectronics.X-CUBE-ISPU.2.1.0
2025-11-22 16:21:40,037 [WARN] PackLoader:240 - Cannot read IP mode file for STMicroelectronics.X-CUBE-IPS.3.2.0
2025-11-22 16:21:40,045 [WARN] PackLoader:240 - Cannot read IP mode file for STMicroelectronics.X-CUBE-NFC12.1.0.0
2025-11-22 16:21:40,054 [WARN] PackLoader:240 - Cannot read IP mode file for STMicroelectronics.X-CUBE-AZRTOS-L5.2.0.0
2025-11-22 16:21:40,060 [WARN] PackLoader:240 - Cannot read IP mode file for STMicroelectronics.X-CUBE-NFC6.3.1.0
2025-11-22 16:21:40,065 [WARN] PackLoader:240 - Cannot read IP mode file for STMicroelectronics.X-CUBE-FREERTOS.1.3.1
2025-11-22 16:21:40,078 [WARN] PackLoader:240 - Cannot read IP mode file for STMicroelectronics.X-CUBE-TOUCHGFX.4.26.0
2025-11-22 16:21:40,082 [WARN] PackLoader:240 - Cannot read IP mode file for STMicroelectronics.FP-SNS-STAIOTCFT.1.0.0
2025-11-22 16:21:40,086 [WARN] PackLoader:240 - Cannot read IP mode file for STMicroelectronics.X-CUBE-DPower.1.3.0
2025-11-22 16:21:40,099 [WARN] ConditionMgr:438 - getConditionDescription Invalid condition id : LAN8742 Phy interface Condition cause : null
2025-11-22 16:21:40,099 [WARN] PackLoader:240 - Cannot read IP mode file for STMicroelectronics.X-CUBE-AZRTOS-L4.2.0.0
2025-11-22 16:21:40,100 [WARN] ConditionMgr:1044 - genDependencies : Invalid condition id : LAN8742 Phy interface Condition cause : null
2025-11-22 16:21:40,101 [WARN] ConditionMgr:1044 - genDependencies : Invalid condition id : LAN8742 Phy interface Condition cause : null
2025-11-22 16:21:40,101 [WARN] ConditionMgr:1044 - genDependencies : Invalid condition id : LAN8742 Phy interface Condition cause : null
2025-11-22 16:21:40,107 [WARN] PackLoader:240 - Cannot read IP mode file for STMicroelectronics.X-CUBE-SFXS2LP1.4.0.0
2025-11-22 16:21:40,114 [WARN] PackLoader:240 - Cannot read IP mode file for STMicroelectronics.X-CUBE-BLEMGR.4.1.0
2025-11-22 16:21:40,123 [WARN] ConditionMgr:438 - getConditionDescription Invalid condition id : UX DEVICE CLASS RTOS Condition cause : null
2025-11-22 16:21:40,123 [WARN] ConditionMgr:438 - getConditionDescription Invalid condition id : UX DEVICE CLASS RTOS Condition cause : null
2025-11-22 16:21:40,130 [WARN] PackLoader:240 - Cannot read IP mode file for STMicroelectronics.X-CUBE-AZRTOS-WB.2.0.0
2025-11-22 16:21:40,130 [WARN] ConditionMgr:1044 - genDependencies : Invalid condition id : UX DEVICE CLASS RTOS Condition cause : null
2025-11-22 16:21:40,130 [WARN] ConditionMgr:1044 - genDependencies : Invalid condition id : UX DEVICE CLASS RTOS Condition cause : null
2025-11-22 16:21:40,131 [WARN] ConditionMgr:1044 - genDependencies : Invalid condition id : UX DEVICE CLASS RTOS Condition cause : null
2025-11-22 16:21:40,131 [WARN] ConditionMgr:1044 - genDependencies : Invalid condition id : UX DEVICE CLASS RTOS Condition cause : null
2025-11-22 16:21:40,131 [WARN] ConditionMgr:1044 - genDependencies : Invalid condition id : UX DEVICE CLASS RTOS Condition cause : null
2025-11-22 16:21:40,135 [WARN] PackLoader:240 - Cannot read IP mode file for STMicroelectronics.X-CUBE-GNSS1.7.0.1
2025-11-22 16:21:40,137 [WARN] PackLoader:240 - Cannot read IP mode file for STMicroelectronics.X-CUBE-TOUCHGFX.4.25.0
2025-11-22 16:21:40,139 [WARN] ConditionMgr:438 - getConditionDescription Invalid condition id : Cortex-A Device cause : null
2025-11-22 16:21:40,155 [WARN] ConditionMgr:1044 - genDependencies : Invalid condition id : Cortex-A Device cause : null
2025-11-22 16:21:40,155 [WARN] ConditionMgr:1044 - genDependencies : Invalid condition id : Cortex-A Device cause : null
2025-11-22 16:21:40,155 [WARN] ConditionMgr:1044 - genDependencies : Invalid condition id : Cortex-A Device cause : null
2025-11-22 16:21:40,161 [WARN] PackLoader:240 - Cannot read IP mode file for STMicroelectronics.X-CUBE-SUBG2.5.0.0
2025-11-22 16:21:40,176 [WARN] PackLoader:240 - Cannot read IP mode file for STMicroelectronics.X-CUBE-AZRTOS-H7RS.1.1.0
2025-11-22 16:21:40,187 [WARN] PackLoader:240 - Cannot read IP mode file for STMicroelectronics.X-CUBE-AZRTOS-G4.2.0.0
2025-11-22 16:21:40,192 [WARN] PackLoader:240 - Cannot read IP mode file for wolfSSL.I-CUBE-wolfSSH.1.4.20
2025-11-22 16:21:40,195 [WARN] PackLoader:240 - Cannot read IP mode file for STMicroelectronics.X-CUBE-NFC7.2.0.0
2025-11-22 16:21:40,202 [WARN] PackLoader:240 - Cannot read IP mode file for STMicroelectronics.X-CUBE-IPS.3.1.0
2025-11-22 16:21:40,209 [WARN] PackLoader:240 - Cannot read IP mode file for STMicroelectronics.X-CUBE-ALS.1.0.2
2025-11-22 16:21:40,213 [WARN] PackLoader:240 - Cannot read IP mode file for STMicroelectronics.X-CUBE-STSE01.1.0.0
2025-11-22 16:21:40,222 [WARN] PackLoader:240 - Cannot read IP mode file for STMicroelectronics.X-CUBE-TOF1.3.4.3
2025-11-22 16:21:40,231 [INFO] ThirdParty:978 - Integrity check success = true
2025-11-22 16:21:40,231 [INFO] IntegrityCheckThread:100 - exiting critical section [integrity check]
2025-11-22 16:21:40,231 [INFO] IntegrityCheckThread:103 - End integrity checks thread
2025-11-22 16:23:57,610 [INFO] McuFinderGlobals:63 - Set McuFinder mode to 2 (CubeIDE integrated)
2025-11-22 16:23:57,614 [INFO] MainUpdater:2872 - connection check result : 10
2025-11-22 16:23:57,614 [INFO] MainUpdater:2872 - connection check result : 10
2025-11-22 16:23:57,636 [INFO] MicroXplorer:468 - Change Database Path : 
2025-11-22 16:23:57,636 [INFO] MicroXplorer:498 - Change Database Version : DB.6.0.150
2025-11-22 16:23:57,641 [WARN] ThirdParty:871 - waiting for thirdparty lock release [close project]
2025-11-22 16:23:57,641 [INFO] ThirdParty:873 - entering critical section [close project]
2025-11-22 16:23:57,642 [INFO] ThirdParty:883 - exiting critical section [close project]
2025-11-22 16:23:57,644 [INFO] PinOutPanel:1589 - setPackage(No Configuration,No Configuration)
2025-11-22 16:23:57,646 [INFO] UtilMem:75 - Begin LoadConfig() Used Memory: 841137088 Bytes (1073741824)
2025-11-22 16:23:57,647 [INFO] MicroXplorer:468 - Change Database Path : 
2025-11-22 16:23:57,647 [INFO] MicroXplorer:498 - Change Database Version : DB.6.0.150
2025-11-22 16:23:57,647 [INFO] OpenFileManager:355 - Change cursor
2025-11-22 16:23:57,682 [INFO] Mcu:2029 - Initializing MCU STM32F407V(E-G)Tx STM32F407VGTx STM32F407VGT6
2025-11-22 16:23:58,828 [INFO] Context:786 - Trying to add GPIOservice into a context  which must be forbidden
2025-11-22 16:23:59,470 [INFO] ImportTextPane:234 - (OptionalMessage_ERROR) Pin17 (VP_RIF_VS_RIF1) cannot be retrieved for this MCU
2025-11-22 16:23:59,540 [INFO] RtosManager:558 - Registered RTOS mode: class=CMSIS, group=RTOS, mode=CMSIS_V1, owner=FREERTOS
2025-11-22 16:23:59,540 [INFO] RtosManager:558 - Registered RTOS mode: class=CMSIS, group=RTOS2, mode=CMSIS_V2, owner=FREERTOS
2025-11-22 16:23:59,540 [INFO] RtosManager:558 - Registered RTOS mode: class=RTOS, group=Core, mode=CMSIS_V1, owner=FREERTOS
2025-11-22 16:23:59,541 [INFO] RtosManager:558 - Registered RTOS mode: class=RTOS, group=Core, mode=CMSIS_V2, owner=FREERTOS
2025-11-22 16:23:59,541 [WARN] ModelIntegratedComponent:184 - Missing modes for component STMicroelectronics:FreeRTOS:0.0.1:STMicroelectronics:RTOS:FreeRTOS:Core:::10.2.0:
2025-11-22 16:23:59,556 [WARN] ModelIntegratedComponent:63 - No mode defined for component null
2025-11-22 16:23:59,556 [WARN] ModelIntegratedComponent:63 - No mode defined for component null
2025-11-22 16:23:59,556 [WARN] ModelIntegratedComponent:63 - No mode defined for component null
2025-11-22 16:23:59,556 [WARN] ModelIntegratedComponent:63 - No mode defined for component null
2025-11-22 16:23:59,556 [WARN] ModelIntegratedComponent:63 - No mode defined for component null
2025-11-22 16:23:59,556 [WARN] ModelIntegratedComponent:63 - No mode defined for component null
2025-11-22 16:23:59,556 [WARN] ModelIntegratedComponent:63 - No mode defined for component null
2025-11-22 16:23:59,556 [WARN] ModelIntegratedComponent:63 - No mode defined for component null
2025-11-22 16:23:59,556 [WARN] ModelIntegratedComponent:63 - No mode defined for component null
2025-11-22 16:23:59,557 [WARN] ModelIntegratedComponent:63 - No mode defined for component null
2025-11-22 16:23:59,557 [WARN] ModelIntegratedComponent:63 - No mode defined for component null
2025-11-22 16:23:59,557 [WARN] ModelIntegratedComponent:63 - No mode defined for component null
2025-11-22 16:23:59,557 [WARN] ModelIntegratedComponent:63 - No mode defined for component null
2025-11-22 16:23:59,557 [WARN] ModelIntegratedComponent:63 - No mode defined for component null
2025-11-22 16:23:59,557 [WARN] ModelIntegratedComponent:63 - No mode defined for component null
2025-11-22 16:23:59,557 [WARN] ModelIntegratedComponent:63 - No mode defined for component null
2025-11-22 16:23:59,557 [WARN] ModelIntegratedComponent:63 - No mode defined for component null
2025-11-22 16:23:59,557 [WARN] ModelIntegratedComponent:63 - No mode defined for component null
2025-11-22 16:23:59,557 [WARN] ModelIntegratedComponent:63 - No mode defined for component null
2025-11-22 16:23:59,557 [WARN] ModelIntegratedComponent:63 - No mode defined for component null
2025-11-22 16:23:59,557 [WARN] ModelIntegratedComponent:63 - No mode defined for component null
2025-11-22 16:23:59,557 [WARN] ModelIntegratedComponent:63 - No mode defined for component null
2025-11-22 16:23:59,557 [WARN] ModelIntegratedComponent:63 - No mode defined for component null
2025-11-22 16:23:59,557 [WARN] ModelIntegratedComponent:63 - No mode defined for component null
2025-11-22 16:23:59,557 [WARN] ModelIntegratedComponent:63 - No mode defined for component null
2025-11-22 16:23:59,557 [WARN] ModelIntegratedComponent:63 - No mode defined for component null
2025-11-22 16:23:59,557 [WARN] ModelIntegratedComponent:63 - No mode defined for component null
2025-11-22 16:23:59,557 [WARN] ModelIntegratedComponent:63 - No mode defined for component null
2025-11-22 16:23:59,558 [WARN] ModelIntegratedComponent:63 - No mode defined for component null
2025-11-22 16:23:59,558 [WARN] ModelIntegratedComponent:63 - No mode defined for component null
2025-11-22 16:23:59,558 [WARN] ModelIntegratedComponent:63 - No mode defined for component null
2025-11-22 16:23:59,558 [WARN] ModelIntegratedComponent:63 - No mode defined for component null
2025-11-22 16:23:59,558 [WARN] ModelIntegratedComponent:63 - No mode defined for component null
2025-11-22 16:23:59,558 [WARN] ModelIntegratedComponent:63 - No mode defined for component null
2025-11-22 16:23:59,558 [WARN] ModelIntegratedComponent:63 - No mode defined for component null
2025-11-22 16:23:59,558 [WARN] ModelPack:524 - Component already loaded: STMicroelectronics:HAL Drivers:0.0.0:STMicroelectronics:Device:STMicro_Driver:XSPI:HAL::0.0.1:HAL_XSPI
2025-11-22 16:23:59,626 [INFO] ThirdPartyModel:298 - Start build external matchings
2025-11-22 16:23:59,964 [INFO] ThirdPartyModel:316 - End build external matchings
2025-11-22 16:23:59,999 [INFO] ImportTextPane:234 - (OptionalMessage_ERROR) IP (RCC) : Parameter (RTCHSEDivFreq_Value) has invalid value (4000000)
2025-11-22 16:24:00,286 [INFO] ApiDb:581 - Connected to CubeFinder SQLite database (C:\Users\PC\.stmcufinder\plugins\mcufinder\mcu\cube-finder-db.db)
2025-11-22 16:24:00,361 [INFO] ApiDb:668 - CubeFinder database Data Model version=2.1
2025-11-22 16:24:00,361 [INFO] ApiDb:669 - CubeFinder database Configuration version=3.0.39
2025-11-22 16:24:00,361 [INFO] ApiDb:670 - CubeFinder database generation date=2025-10-27 (1761571959)
2025-11-22 16:24:00,362 [INFO] ApiDb:671 - CubeFinder database FW Pack versions=[FP-ATR-ASTRA1_V2.0.0, FP-SNS-FLIGHT1_V5.1.0, FP-SNS-MOTENV1_V5.0.0, FP-SNS-MOTENVWB1_V1.4.0, FP-SNS-SMARTAG2_V1.2.0, FP-SNS-STBOX1_V2.1.0, STM32Cube_FW_C0_V1.4.0, STM32Cube_FW_F4_V1.28.3, STM32Cube_FW_F7_V1.17.4, STM32Cube_FW_G0_V1.6.2, STM32Cube_FW_G4_V1.6.1, STM32Cube_FW_H5_V1.5.0, STM32Cube_FW_H7RS_V1.2.0, STM32Cube_FW_H7_V1.12.1, STM32Cube_FW_L0_V1.12.2, STM32Cube_FW_L4_V1.18.1, STM32Cube_FW_L5_V1.5.1, STM32Cube_FW_N6_V1.2.0, STM32Cube_FW_U0_V1.3.0, STM32Cube_FW_U3_V1.2.1, STM32Cube_FW_U5_V1.8.0, STM32Cube_FW_WB0_V1.3.0, STM32Cube_FW_WBA_V1.7.0, STM32Cube_FW_WB_V1.23.0, STM32Cube_FW_WL3_V1.2.0, STM32Cube_FW_WL_V1.3.1, X-CUBE-ALGOBUILD_V1.4.0, X-CUBE-ALS_V1.0.2, X-CUBE-AZRTOS-F4_V1.1.0, X-CUBE-AZRTOS-F7_V1.1.0, X-CUBE-AZRTOS-G0_V1.1.0, X-CUBE-AZRTOS-G4_V2.0.0, X-CUBE-AZRTOS-H7RS_V1.1.0, X-CUBE-AZRTOS-H7_V3.4.0, X-CUBE-AZRTOS-L4_V2.0.0, X-CUBE-AZRTOS-L5_V2.0.0, X-CUBE-AZRTOS-WB_V2.0.0, X-CUBE-AZRTOS-WL_V2.0.0, X-CUBE-BLE1_V7.1.0, X-CUBE-BLE2_V3.3.0, X-CUBE-BLEMGR_V4.1.0, X-CUBE-EEPRMA1_V5.2.0, X-CUBE-FREERTOS_V1.3.1, X-CUBE-GNSS1_V6.0.0, X-CUBE-MEMS1_V11.3.0, X-CUBE-NFC4_V3.0.0, X-CUBE-NFC7_V2.0.0, X-CUBE-SFXS2LP1_V4.0.0, X-CUBE-ST67W61_V1.1.0, X-CUBE-SUBG2_V5.0.0, X-CUBE-TOF1_V3.4.3]
2025-11-22 16:24:00,416 [INFO] DbBoardsSqlite:226 - include board P-NUCLEO-WB55-NUCLEO as a kit item of type 'Nucleo-64'
2025-11-22 16:24:00,417 [INFO] DbBoardsSqlite:226 - include board P-NUCLEO-WB55-USBDONGLE as a kit item of type 'Nucleo USB Dongle'
2025-11-22 16:24:00,417 [INFO] DbBoardsSqlite:226 - include board STEVAL-IDP005V1 as a kit item of type 'Evaluation Board'
2025-11-22 16:24:00,417 [INFO] DbBoardsSqlite:226 - include board STEVAL-IDP005V2 as a kit item of type 'Evaluation Board'
2025-11-22 16:24:00,480 [INFO] ApiDb:240 - Found 880 in-development CPN: [B-G473E-ZEST1S, B-WB1M-WPAN1, B-WBA5M-WPAN, B-WL5M-SUBG1, NUCLEO-C031C6, NUCLEO-C051C8, NUCLEO-C071RB, NUCLEO-C092RC, NUCLEO-H503RB, NUCLEO-H533RE, NUCLEO-H563ZI, NUCLEO-H7S3L8, NUCLEO-N657X0-Q, NUCLEO-U031R8, NUCLEO-U083RC, NUCLEO-U385RG-Q, NUCLEO-U545RE-Q, NUCLEO-U5A5ZJ-Q, NUCLEO-WB05KZ, NUCLEO-WB07CC, NUCLEO-WB09KE, NUCLEO-WBA52CG, NUCLEO-WBA55CG, NUCLEO-WL33CC1, NUCLEO-WL33CC2, STEVAL-PROTEUS1, STEVAL-SMARTAG2, STEVAL-STWINBX1, STM320518-EVAL, STM32C0116-DK, STM32C011D6Y3TR, STM32C011D6Y6TR, STM32C011F4P3, STM32C011F4P6, STM32C011F4U3, STM32C011F4U6TR, STM32C011F6P3, STM32C011F6P6, STM32C011F6U3, STM32C011F6U6TR, STM32C011J4M3, STM32C011J4M6, STM32C011J6M3, STM32C011J6M6, STM32C0316-DK, STM32C031C4T3, STM32C031C4T6, STM32C031C4U3, STM32C031C4U6, STM32C031C6T3, STM32C031C6T6, STM32C031C6U3, STM32C031C6U6, STM32C031F4P3, STM32C031F4P6, STM32C031F6P3, STM32C031F6P6, STM32C031G4U3, STM32C031G4U6, STM32C031G6U3, STM32C031G6U6, STM32C031K4T3, STM32C031K4T6, STM32C031K4U3, STM32C031K4U6, STM32C031K6T3, STM32C031K6T6, STM32C031K6U3, STM32C031K6U6, STM32C051C6T6, STM32C051C6U6, STM32C051C8T6, STM32C051C8U6, STM32C051D8Y6TR, STM32C051F6P6, STM32C051F8P6, STM32C051G6U6, STM32C051G8U6, STM32C051K6T6, STM32C051K6U6, STM32C051K8T6, STM32C071C8T6, STM32C071C8T6N, STM32C071C8U6, STM32C071C8U6N, STM32C071CBT6, STM32C071CBT6N, STM32C071CBU6, STM32C071CBU6N, STM32C071F8P6, STM32C071F8P6N, STM32C071FBP6, STM32C071FBP6N, STM32C071FBY6TR, STM32C071G8U6, STM32C071G8U6N, STM32C071GBU6, STM32C071GBU6N, STM32C071K8T6, STM32C071K8T6N, STM32C071K8U6, STM32C071K8U6N, STM32C071KBT6, STM32C071KBT6N, STM32C071KBU6, STM32C071KBU6N, STM32C071R8T6, STM32C071R8T6N, STM32C071RBI6N, STM32C071RBT6, STM32C071RBT6N, STM32C091CBT6, STM32C091CBU6, STM32C091CCT6, STM32C091CCU6, STM32C091ECY6TR, STM32C091FBP6, STM32C091FCP6, STM32C091GBU6, STM32C091GCU6, STM32C091KBT6, STM32C091KBU6, STM32C091KCT6, STM32C091KCU6, STM32C091RBT6, STM32C091RCI6, STM32C091RCT6, STM32C092CBT6, STM32C092CBU6, STM32C092CCT6, STM32C092CCU6, STM32C092ECY6TR, STM32C092FBP6, STM32C092FCP6, STM32C092GBU6, STM32C092GCU6, STM32C092KBT6, STM32C092KBU6, STM32C092KCT6, STM32C092KCU6, STM32C092RBT6, STM32C092RCI6, STM32C092RCT6, STM32G071K8TXN, STM32G071K8UXN, STM32G081GBU6N, STM32G081KBT6N, STM32G081KBUXN, STM32G0B1CCT6N, STM32G0B1KCT6, STM32G0B1NEY6TR, STM32G0B1RCT6N, STM32G0C1CCT6, STM32G0C1CCT6N, STM32G0C1CCU6N, STM32G0C1CET6N, STM32G0C1CEU6N, STM32G0C1KCT6, STM32G0C1NEY6TR, STM32G0C1RCI6N, STM32G0C1RCT6N, STM32G0C1REI6N, STM32G0C1RET6N, STM32G0C1VCI6, STM32G0C1VEI6, STM32G411C6T3, STM32G411C6T6, STM32G411C6U3, STM32G411C6U6, STM32G411C8T3, STM32G411C8T6, STM32G411C8U3, STM32G411C8U6, STM32G411CBT3, STM32G411CBT6, STM32G411CBU3, STM32G411CBU6, STM32G411K6T3, STM32G411K6T6, STM32G411K6U3, STM32G411K6U6, STM32G411K8T3, STM32G411K8T6, STM32G411K8U3, STM32G411K8U6, STM32G411KBT3, STM32G411KBT6, STM32G411KBU3, STM32G411KBU6, STM32G411M6T3, STM32G411M6T6, STM32G411M8T3, STM32G411M8T6, STM32G411MBT3, STM32G411MBT6, STM32G411R6T3, STM32G411R6T6, STM32G411R8T3, STM32G411R8T6, STM32G411RBT3, STM32G411RBT6, STM32G414CBT3, STM32G414CBT6, STM32G414CBU3, STM32G414CBU6, STM32G414CCT3, STM32G414CCT6, STM32G414CCU3, STM32G414CCU6, STM32G414MBT3, STM32G414MBT6, STM32G414MCT3, STM32G414MCT6, STM32G414RBT3, STM32G414RBT6, STM32G414RCT3, STM32G414RCT6, STM32G414VBT3, STM32G414VBT6, STM32G414VCT3, STM32G414VCT6, STM32G431CBT3Z, STM32G431RBT3Z, STM32G471CCT6, STM32G471CCU6, STM32G471CET3, STM32G471CET6, STM32G471CEU3, STM32G471CEU6, STM32G471MCT6, STM32G471MET3, STM32G471MET6, STM32G471MEY6TR, STM32G471QCT6, STM32G471QET3, STM32G471RCT6, STM32G471RET3, STM32G471RET6, STM32G471VCH6, STM32G471VCI6, STM32G471VCT6, STM32G471VEH3, STM32G471VEH6, STM32G471VEI3, STM32G471VEI6, STM32G471VET3, STM32G471VET6, STM32G473QET3Z, STM32G473RET3Z, STM32G474CCT6, STM32G491RET3Z, STM32H503CBT6, STM32H503CBU6, STM32H503EBY6TR, STM32H503KBU6, STM32H503RBT6, STM32H523CCT6, STM32H523CCU6, STM32H523CET6, STM32H523CEU6, STM32H523HEY6TR, STM32H523RCT6, STM32H523RET6, STM32H523VCI6, STM32H523VCT6, STM32H523VEI6, STM32H523VET6, STM32H523ZCJ6, STM32H523ZCT6, STM32H523ZEJ6, STM32H523ZET6, STM32H533CET6, STM32H533CEU6, STM32H533HEY6TR, STM32H533RET6, STM32H533VEI6, STM32H533VET6, STM32H533ZEJ6, STM32H533ZET6, STM32H562AGI6, STM32H562AII6, STM32H562IGK6, STM32H562IGT6, STM32H562IIK6, STM32H562IIT6, STM32H562RGT6, STM32H562RGV6, STM32H562RIT6, STM32H562RIV6, STM32H562VGT6, STM32H562VIT6, STM32H562ZGT6, STM32H562ZIT6, STM32H563AGI6, STM32H563AII3Q, STM32H563AII6, STM32H563IGK6, STM32H563IGT6, STM32H563IIK3Q, STM32H563IIK6, STM32H563IIT3Q, STM32H563IIT6, STM32H563MIY3QTR, STM32H563RGT6, STM32H563RGV6, STM32H563RIT6, STM32H563RIV6, STM32H563VGT6, STM32H563VIT3Q, STM32H563VIT6, STM32H563ZGT6, STM32H563ZIT3Q, STM32H563ZIT6, STM32H573AII3Q, STM32H573AII6, STM32H573I-DK, STM32H573IIK3Q, STM32H573IIK6, STM32H573IIT3Q, STM32H573IIT6, STM32H573MIY3QTR, STM32H573RIT6, STM32H573RIV6, STM32H573VIT3Q, STM32H573VIT6, STM32H573ZIT3Q, STM32H573ZIT6, STM32H7R3A8I6, STM32H7R3I8K6, STM32H7R3I8T6, STM32H7R3L8H6, STM32H7R3L8H6H, STM32H7R3R8V6, STM32H7R3V8H6, STM32H7R3V8T6, STM32H7R3V8Y6TR, STM32H7R3Z8J6, STM32H7R3Z8T6, STM32H7R7A8I6, STM32H7R7I8K6, STM32H7R7I8T6, STM32H7R7L8H6, STM32H7R7L8H6H, STM32H7R7Z8J6, STM32H7S3A8I6, STM32H7S3I8K6, STM32H7S3I8T6, STM32H7S3L8H6, STM32H7S3L8H6H, STM32H7S3R8V6, STM32H7S3V8H6, STM32H7S3V8T6, STM32H7S3V8Y6TR, STM32H7S3Z8J6, STM32H7S3Z8T6, STM32H7S78-DK, STM32H7S7A8I6, STM32H7S7I8K6, STM32H7S7I8T6, STM32H7S7L8H6, STM32H7S7L8H6H, STM32H7S7Z8J6, STM32L4R5QGI6STR, STM32MP131AAE3, STM32MP131AAF3, STM32MP131AAG3, STM32MP131CAE3, STM32MP131CAF3, STM32MP131CAG3, STM32MP131DAE7, STM32MP131DAF7, STM32MP131DAG7, STM32MP131FAE7, STM32MP131FAF7, STM32MP131FAG7, STM32MP133AAE3, STM32MP133AAF3, STM32MP133AAG3, STM32MP133CAE3, STM32MP133CAF3, STM32MP133CAG3, STM32MP133DAE7, STM32MP133DAF7, STM32MP133DAG7, STM32MP133FAE7, STM32MP133FAF7, STM32MP133FAG7, STM32MP135AAE3, STM32MP135AAF3, STM32MP135AAG3, STM32MP135CAE3, STM32MP135CAF3, STM32MP135CAG3, STM32MP135DAE7, STM32MP135DAF7, STM32MP135DAG7, STM32MP135F-DK, STM32MP135FAE7, STM32MP135FAF7, STM32MP135FAF7T, STM32MP135FAF7U, STM32MP135FAG7, STM32MP211AAL3, STM32MP211AAM3, STM32MP211AAN3, STM32MP211AAO3, STM32MP211CAL3, STM32MP211CAM3, STM32MP211CAN3, STM32MP211CAO3, STM32MP211DAL3, STM32MP211DAM3, STM32MP211DAN3, STM32MP211DAO3, STM32MP211FAL3, STM32MP211FAM3, STM32MP211FAN3, STM32MP211FAO3, STM32MP213AAL3, STM32MP213AAM3, STM32MP213AAN3, STM32MP213AAO3, STM32MP213CAL3, STM32MP213CAM3, STM32MP213CAN3, STM32MP213CAO3, STM32MP213DAL3, STM32MP213DAM3, STM32MP213DAN3, STM32MP213DAO3, STM32MP213FAL3, STM32MP213FAM3, STM32MP213FAN3, STM32MP213FAO3, STM32MP215AAL3, STM32MP215AAM3, STM32MP215AAN3, STM32MP215AAO3, STM32MP215CAL3, STM32MP215CAM3, STM32MP215CAN3, STM32MP215CAO3, STM32MP215DAL3, STM32MP215DAM3, STM32MP215DAN3, STM32MP215DAO3, STM32MP215F-DK, STM32MP215FAL3, STM32MP215FAM3, STM32MP215FAN3, STM32MP215FAO3, STM32MP231AAJ3, STM32MP231AAK3, STM32MP231AAL3, STM32MP231CAJ3, STM32MP231CAK3, STM32MP231CAL3, STM32MP231DAJ3, STM32MP231DAK3, STM32MP231DAL3, STM32MP231FAJ3, STM32MP231FAK3, STM32MP231FAL3, STM32MP233AAJ3, STM32MP233AAK3, STM32MP233AAL3, STM32MP233CAJ3, STM32MP233CAK3, STM32MP233CAL3, STM32MP233DAJ3, STM32MP233DAK3, STM32MP233DAL3, STM32MP233FAJ3, STM32MP233FAK3, STM32MP233FAL3, STM32MP235AAJ3, STM32MP235AAK3, STM32MP235AAL3, STM32MP235CAJ3, STM32MP235CAK3, STM32MP235CAL3, STM32MP235DAJ3, STM32MP235DAK3, STM32MP235DAL3, STM32MP235FAJ3, STM32MP235FAK3, STM32MP235FAL3, STM32MP251AAI3, STM32MP251AAK3, STM32MP251AAL3, STM32MP251CAI3, STM32MP251CAK3, STM32MP251CAL3, STM32MP251DAI3, STM32MP251DAK3, STM32MP251DAL3, STM32MP251FAI3, STM32MP251FAK3, STM32MP251FAL3, STM32MP253AAI3, STM32MP253AAK3, STM32MP253AAL3, STM32MP253CAI3, STM32MP253CAK3, STM32MP253CAL3, STM32MP253DAI3, STM32MP253DAK3, STM32MP253DAL3, STM32MP253FAI3, STM32MP253FAK3, STM32MP253FAL3, STM32MP255AAI3, STM32MP255AAK3, STM32MP255AAL3, STM32MP255CAI3, STM32MP255CAK3, STM32MP255CAL3, STM32MP255DAI3, STM32MP255DAK3, STM32MP255DAL3, STM32MP255FAI3, STM32MP255FAK3, STM32MP255FAL3, STM32MP257AAI3, STM32MP257AAK3, STM32MP257AAL3, STM32MP257CAI3, STM32MP257CAK3, STM32MP257CAL3, STM32MP257DAI3, STM32MP257DAK3, STM32MP257DAL3, STM32MP257F-DK, STM32MP257F-EV1, STM32MP257FAI3, STM32MP257FAK3, STM32MP257FAL3, STM32N645A0H3Q, STM32N645B0H3Q, STM32N645I0H3Q, STM32N645L0H3Q, STM32N645X0H3Q, STM32N645Z0H3Q, STM32N647A0H3Q, STM32N647B0H3Q, STM32N647I0H3Q, STM32N647L0H3Q, STM32N647X0H3Q, STM32N647Z0H3Q, STM32N655A0H3Q, STM32N655B0H3Q, STM32N655I0H3Q, STM32N655L0H3Q, STM32N655X0H3Q, STM32N655Z0H3Q, STM32N6570-DK, STM32N657A0H3Q, STM32N657B0H3Q, STM32N657I0H3Q, STM32N657L0H3Q, STM32N657X0H3Q, STM32N657Z0H3Q, STM32U031C6T6, STM32U031C6U6, STM32U031C8T6, STM32U031C8U6, STM32U031F4P6, STM32U031F6P6, STM32U031F8P6, STM32U031G6Y6TR, STM32U031G8Y6TR, STM32U031K4U6, STM32U031K6U6, STM32U031K8U6, STM32U031R6I6, STM32U031R6T6, STM32U031R8I6, STM32U031R8T6, STM32U073C8T6, STM32U073C8U6, STM32U073CBT6, STM32U073CBU6, STM32U073CCT6, STM32U073CCU6, STM32U073H8Y6TR, STM32U073HBY6TR, STM32U073HCY6TR, STM32U073K8U6, STM32U073KBU6, STM32U073KCU6, STM32U073M8I6, STM32U073M8T6, STM32U073MBI6, STM32U073MBT6, STM32U073MCI6, STM32U073MCT6, STM32U073R8I6, STM32U073R8T6, STM32U073RBI6, STM32U073RBT6, STM32U073RCI6, STM32U073RCT6, STM32U083C-DK, STM32U083CCT6, STM32U083CCU6, STM32U083HCY6TR, STM32U083KCU6, STM32U083MCI6, STM32U083MCT6, STM32U083RCI6, STM32U083RCT6, STM32U375CET6, STM32U375CET6Q, STM32U375CEU6, STM32U375CEU6Q, STM32U375CEY6QTR, STM32U375CGT6, STM32U375CGT6Q, STM32U375CGU6, STM32U375CGU6Q, STM32U375CGY6QTR, STM32U375KEU6, STM32U375KGU6, STM32U375REI6, STM32U375REI6Q, STM32U375RET6, STM32U375RET6Q, STM32U375REY6GTR, STM32U375REY6QTR, STM32U375RGI6, STM32U375RGI6Q, STM32U375RGT6, STM32U375RGT6Q, STM32U375RGY6GTR, STM32U375RGY6QTR, STM32U375VEI6, STM32U375VEI6Q, STM32U375VET6, STM32U375VET6Q, STM32U375VGI6, STM32U375VGI6Q, STM32U375VGT6, STM32U375VGT6Q, STM32U385CGT6, STM32U385CGT6Q, STM32U385CGU6, STM32U385CGU6Q, STM32U385CGY6QTR, STM32U385KGU6, STM32U385RGI6, STM32U385RGI6Q, STM32U385RGT6, STM32U385RGT6Q, STM32U385RGY6GTR, STM32U385RGY6QTR, STM32U385VGI6, STM32U385VGI6Q, STM32U385VGT6, STM32U385VGT6Q, STM32U535CBT6, STM32U535CBT6Q, STM32U535CBU6, STM32U535CBU6Q, STM32U535CCT6, STM32U535CCT6Q, STM32U535CCU6, STM32U535CCU6Q, STM32U535CET6, STM32U535CET6Q, STM32U535CEU6, STM32U535CEU6Q, STM32U535JEY6QTR, STM32U535NCY6QTR, STM32U535NEY6QTR, STM32U535RBI6, STM32U535RBI6Q, STM32U535RBT6, STM32U535RBT6Q, STM32U535RCI6, STM32U535RCI6Q, STM32U535RCT6, STM32U535RCT6Q, STM32U535REI6, STM32U535REI6Q, STM32U535RET6, STM32U535RET6Q, STM32U535VCI6, STM32U535VCI6Q, STM32U535VCT6, STM32U535VCT6Q, STM32U535VEI6, STM32U535VEI6Q, STM32U535VET6, STM32U535VET6Q, STM32U545CET6, STM32U545CET6Q, STM32U545CEU6, STM32U545CEU6Q, STM32U545JEY6QTR, STM32U545NEY6QTR, STM32U545REI6, STM32U545REI6Q, STM32U545RET6, STM32U545RET6Q, STM32U545VEI6, STM32U545VEI6Q, STM32U545VET6, STM32U545VET6Q, STM32U595AIH6, STM32U595AIH6Q, STM32U595AJH6, STM32U595AJH6Q, STM32U595QII6, STM32U595QII6Q, STM32U595QJI6, STM32U595QJI6Q, STM32U595RIT6, STM32U595RIT6Q, STM32U595RJT6, STM32U595RJT6Q, STM32U595VIT6, STM32U595VIT6Q, STM32U595VJT6, STM32U595VJT6Q, STM32U595ZIT6, STM32U595ZIT6Q, STM32U595ZIY6QTR, STM32U595ZJT6, STM32U595ZJT6Q, STM32U595ZJY6QTR, STM32U599BJY6QTR, STM32U599NIH6Q, STM32U599NJH6Q, STM32U599VIT6Q, STM32U599VJT6, STM32U599VJT6Q, STM32U599ZIT6Q, STM32U599ZIY6QTR, STM32U599ZJT6Q, STM32U599ZJY6QTR, STM32U5A5AJH6, STM32U5A5AJH6Q, STM32U5A5QII3Q , STM32U5A5QJI6, STM32U5A5QJI6Q, STM32U5A5RJT6, STM32U5A5RJT6Q, STM32U5A5VJT6, STM32U5A5VJT6Q, STM32U5A5ZJT6, STM32U5A5ZJT6Q, STM32U5A5ZJY6QTR, STM32U5A9BJY6QTR, STM32U5A9J-DK, STM32U5A9NJH6Q, STM32U5A9VJT6Q, STM32U5A9ZJT6Q, STM32U5A9ZJY6QTR, STM32U5F7VIT6, STM32U5F7VIT6Q, STM32U5F7VJT6, STM32U5F7VJT6Q, STM32U5F9BJY6QTR, STM32U5F9NJH6Q, STM32U5F9VIT6Q, STM32U5F9VJT6Q, STM32U5F9ZIJ6QTR, STM32U5F9ZIT6Q, STM32U5F9ZJJ6QTR, STM32U5F9ZJT6Q, STM32U5G7VJT6, STM32U5G7VJT6Q, STM32U5G9BJY6QTR, STM32U5G9J-DK1, STM32U5G9J-DK2, STM32U5G9NJH6Q, STM32U5G9VJT6Q, STM32U5G9ZJJ6QTR, STM32U5G9ZJT6Q, STM32WB05KZV6TR, STM32WB05KZV7TR, STM32WB05TZF6TR, STM32WB05TZF7TR, STM32WB06CCF6TR, STM32WB06CCF7TR, STM32WB06CCV6TR, STM32WB06CCV7TR, STM32WB06KCV6TR, STM32WB06KCV7TR, STM32WB07CCF6TR, STM32WB07CCF7TR, STM32WB07CCV6TR, STM32WB07CCV7TR, STM32WB07KCV6TR, STM32WB07KCV7TR, STM32WB09KEV6TR, STM32WB09KEV7TR, STM32WB09TEF6TR, STM32WB09TEF7TR, STM32WB1MMCH6, STM32WBA50KGU6, STM32WBA50KGU6TR, STM32WBA52CEU6, STM32WBA52CEU6TR, STM32WBA52CEU7, STM32WBA52CEU7TR, STM32WBA52CGU6, STM32WBA52CGU6TR, STM32WBA52CGU6U, STM32WBA52CGU7, STM32WBA52CGU7TR, STM32WBA52KEU6, STM32WBA52KEU6TR, STM32WBA52KGU6, STM32WBA52KGU6TR, STM32WBA54CEU6, STM32WBA54CEU6TR, STM32WBA54CEU7, STM32WBA54CEU7TR, STM32WBA54CGU6, STM32WBA54CGU6TR, STM32WBA54CGU7, STM32WBA54CGU7TR, STM32WBA54KEU6, STM32WBA54KEU6TR, STM32WBA54KEU7, STM32WBA54KEU7TR, STM32WBA54KGU6, STM32WBA54KGU6TR, STM32WBA54KGU7, STM32WBA54KGU7TR, STM32WBA55CEU6, STM32WBA55CEU6TR, STM32WBA55CEU7, STM32WBA55CEU7TR, STM32WBA55CGU6, STM32WBA55CGU6TR, STM32WBA55CGU6U, STM32WBA55CGU7, STM32WBA55CGU7TR, STM32WBA55G-DK1, STM32WBA55HEF6, STM32WBA55HEF7, STM32WBA55HGF6, STM32WBA55HGF7, STM32WBA55UEI6, STM32WBA55UEI6TR, STM32WBA55UEI7, STM32WBA55UEI7TR, STM32WBA55UGI6, STM32WBA55UGI6TR, STM32WBA55UGI7, STM32WBA55UGI7TR, STM32WBA5MMGH6TR, STM32WBA62MGF6, STM32WBA62MIF6, STM32WBA65MGF7, STM32WBA65MIF6, STM32WBA65MIF7, STM32WL30K8V6, STM32WL30KBV6, STM32WL31C8V6, STM32WL31CBV6, STM32WL31K8V6, STM32WL31KBV6, STM32WL33C8V6, STM32WL33C8V6X, STM32WL33CBV6, STM32WL33CBV6X, STM32WL33CCV6, STM32WL33CCV6A, STM32WL33CCV6X, STM32WL33K8V7, STM32WL33K8V7X, STM32WL33KBV7 , STM32WL33KBV7X, STM32WL33KCV7, STM32WL33KCV7X, STM32WL5MOCH6, STM32WL5MOCH6TR]
2025-11-22 16:24:00,726 [INFO] BoardInfo:889 - No configuration file found for board P-NUCLEO-WB55
2025-11-22 16:24:00,728 [INFO] DbBoards:161 - Kit is not supported: P-NUCLEO-WB55
2025-11-22 16:24:00,736 [INFO] BoardInfo:889 - No configuration file found for board STEVAL-BFA001V1B
2025-11-22 16:24:00,737 [INFO] DbBoards:161 - Kit is not supported: STEVAL-BFA001V1B
2025-11-22 16:24:00,738 [INFO] BoardInfo:889 - No configuration file found for board STEVAL-BFA001V2B
2025-11-22 16:24:00,739 [INFO] DbBoards:161 - Kit is not supported: STEVAL-BFA001V2B
2025-11-22 16:24:00,981 [INFO] DbBoards:168 - Found 212 boards, 209 are supported
2025-11-22 16:24:00,981 [INFO] DbBoards:169 - Found 212 boards, 43 of them is supported for  Bsp
2025-11-22 16:24:00,986 [INFO] ApiDb:668 - CubeFinder database Data Model version=2.1
2025-11-22 16:24:00,986 [INFO] ApiDb:669 - CubeFinder database Configuration version=3.0.39
2025-11-22 16:24:00,986 [INFO] ApiDb:670 - CubeFinder database generation date=2025-10-27 (1761571959)
2025-11-22 16:24:00,986 [INFO] ApiDb:671 - CubeFinder database FW Pack versions=[FP-ATR-ASTRA1_V2.0.0, FP-SNS-FLIGHT1_V5.1.0, FP-SNS-MOTENV1_V5.0.0, FP-SNS-MOTENVWB1_V1.4.0, FP-SNS-SMARTAG2_V1.2.0, FP-SNS-STBOX1_V2.1.0, STM32Cube_FW_C0_V1.4.0, STM32Cube_FW_F4_V1.28.3, STM32Cube_FW_F7_V1.17.4, STM32Cube_FW_G0_V1.6.2, STM32Cube_FW_G4_V1.6.1, STM32Cube_FW_H5_V1.5.0, STM32Cube_FW_H7RS_V1.2.0, STM32Cube_FW_H7_V1.12.1, STM32Cube_FW_L0_V1.12.2, STM32Cube_FW_L4_V1.18.1, STM32Cube_FW_L5_V1.5.1, STM32Cube_FW_N6_V1.2.0, STM32Cube_FW_U0_V1.3.0, STM32Cube_FW_U3_V1.2.1, STM32Cube_FW_U5_V1.8.0, STM32Cube_FW_WB0_V1.3.0, STM32Cube_FW_WBA_V1.7.0, STM32Cube_FW_WB_V1.23.0, STM32Cube_FW_WL3_V1.2.0, STM32Cube_FW_WL_V1.3.1, X-CUBE-ALGOBUILD_V1.4.0, X-CUBE-ALS_V1.0.2, X-CUBE-AZRTOS-F4_V1.1.0, X-CUBE-AZRTOS-F7_V1.1.0, X-CUBE-AZRTOS-G0_V1.1.0, X-CUBE-AZRTOS-G4_V2.0.0, X-CUBE-AZRTOS-H7RS_V1.1.0, X-CUBE-AZRTOS-H7_V3.4.0, X-CUBE-AZRTOS-L4_V2.0.0, X-CUBE-AZRTOS-L5_V2.0.0, X-CUBE-AZRTOS-WB_V2.0.0, X-CUBE-AZRTOS-WL_V2.0.0, X-CUBE-BLE1_V7.1.0, X-CUBE-BLE2_V3.3.0, X-CUBE-BLEMGR_V4.1.0, X-CUBE-EEPRMA1_V5.2.0, X-CUBE-FREERTOS_V1.3.1, X-CUBE-GNSS1_V6.0.0, X-CUBE-MEMS1_V11.3.0, X-CUBE-NFC4_V3.0.0, X-CUBE-NFC7_V2.0.0, X-CUBE-SFXS2LP1_V4.0.0, X-CUBE-ST67W61_V1.1.0, X-CUBE-SUBG2_V5.0.0, X-CUBE-TOF1_V3.4.3]
2025-11-22 16:24:03,938 [INFO] ApiDb:240 - Found 880 in-development CPN: [B-G473E-ZEST1S, B-WB1M-WPAN1, B-WBA5M-WPAN, B-WL5M-SUBG1, NUCLEO-C031C6, NUCLEO-C051C8, NUCLEO-C071RB, NUCLEO-C092RC, NUCLEO-H503RB, NUCLEO-H533RE, NUCLEO-H563ZI, NUCLEO-H7S3L8, NUCLEO-N657X0-Q, NUCLEO-U031R8, NUCLEO-U083RC, NUCLEO-U385RG-Q, NUCLEO-U545RE-Q, NUCLEO-U5A5ZJ-Q, NUCLEO-WB05KZ, NUCLEO-WB07CC, NUCLEO-WB09KE, NUCLEO-WBA52CG, NUCLEO-WBA55CG, NUCLEO-WL33CC1, NUCLEO-WL33CC2, STEVAL-PROTEUS1, STEVAL-SMARTAG2, STEVAL-STWINBX1, STM320518-EVAL, STM32C0116-DK, STM32C011D6Y3TR, STM32C011D6Y6TR, STM32C011F4P3, STM32C011F4P6, STM32C011F4U3, STM32C011F4U6TR, STM32C011F6P3, STM32C011F6P6, STM32C011F6U3, STM32C011F6U6TR, STM32C011J4M3, STM32C011J4M6, STM32C011J6M3, STM32C011J6M6, STM32C0316-DK, STM32C031C4T3, STM32C031C4T6, STM32C031C4U3, STM32C031C4U6, STM32C031C6T3, STM32C031C6T6, STM32C031C6U3, STM32C031C6U6, STM32C031F4P3, STM32C031F4P6, STM32C031F6P3, STM32C031F6P6, STM32C031G4U3, STM32C031G4U6, STM32C031G6U3, STM32C031G6U6, STM32C031K4T3, STM32C031K4T6, STM32C031K4U3, STM32C031K4U6, STM32C031K6T3, STM32C031K6T6, STM32C031K6U3, STM32C031K6U6, STM32C051C6T6, STM32C051C6U6, STM32C051C8T6, STM32C051C8U6, STM32C051D8Y6TR, STM32C051F6P6, STM32C051F8P6, STM32C051G6U6, STM32C051G8U6, STM32C051K6T6, STM32C051K6U6, STM32C051K8T6, STM32C071C8T6, STM32C071C8T6N, STM32C071C8U6, STM32C071C8U6N, STM32C071CBT6, STM32C071CBT6N, STM32C071CBU6, STM32C071CBU6N, STM32C071F8P6, STM32C071F8P6N, STM32C071FBP6, STM32C071FBP6N, STM32C071FBY6TR, STM32C071G8U6, STM32C071G8U6N, STM32C071GBU6, STM32C071GBU6N, STM32C071K8T6, STM32C071K8T6N, STM32C071K8U6, STM32C071K8U6N, STM32C071KBT6, STM32C071KBT6N, STM32C071KBU6, STM32C071KBU6N, STM32C071R8T6, STM32C071R8T6N, STM32C071RBI6N, STM32C071RBT6, STM32C071RBT6N, STM32C091CBT6, STM32C091CBU6, STM32C091CCT6, STM32C091CCU6, STM32C091ECY6TR, STM32C091FBP6, STM32C091FCP6, STM32C091GBU6, STM32C091GCU6, STM32C091KBT6, STM32C091KBU6, STM32C091KCT6, STM32C091KCU6, STM32C091RBT6, STM32C091RCI6, STM32C091RCT6, STM32C092CBT6, STM32C092CBU6, STM32C092CCT6, STM32C092CCU6, STM32C092ECY6TR, STM32C092FBP6, STM32C092FCP6, STM32C092GBU6, STM32C092GCU6, STM32C092KBT6, STM32C092KBU6, STM32C092KCT6, STM32C092KCU6, STM32C092RBT6, STM32C092RCI6, STM32C092RCT6, STM32G071K8TXN, STM32G071K8UXN, STM32G081GBU6N, STM32G081KBT6N, STM32G081KBUXN, STM32G0B1CCT6N, STM32G0B1KCT6, STM32G0B1NEY6TR, STM32G0B1RCT6N, STM32G0C1CCT6, STM32G0C1CCT6N, STM32G0C1CCU6N, STM32G0C1CET6N, STM32G0C1CEU6N, STM32G0C1KCT6, STM32G0C1NEY6TR, STM32G0C1RCI6N, STM32G0C1RCT6N, STM32G0C1REI6N, STM32G0C1RET6N, STM32G0C1VCI6, STM32G0C1VEI6, STM32G411C6T3, STM32G411C6T6, STM32G411C6U3, STM32G411C6U6, STM32G411C8T3, STM32G411C8T6, STM32G411C8U3, STM32G411C8U6, STM32G411CBT3, STM32G411CBT6, STM32G411CBU3, STM32G411CBU6, STM32G411K6T3, STM32G411K6T6, STM32G411K6U3, STM32G411K6U6, STM32G411K8T3, STM32G411K8T6, STM32G411K8U3, STM32G411K8U6, STM32G411KBT3, STM32G411KBT6, STM32G411KBU3, STM32G411KBU6, STM32G411M6T3, STM32G411M6T6, STM32G411M8T3, STM32G411M8T6, STM32G411MBT3, STM32G411MBT6, STM32G411R6T3, STM32G411R6T6, STM32G411R8T3, STM32G411R8T6, STM32G411RBT3, STM32G411RBT6, STM32G414CBT3, STM32G414CBT6, STM32G414CBU3, STM32G414CBU6, STM32G414CCT3, STM32G414CCT6, STM32G414CCU3, STM32G414CCU6, STM32G414MBT3, STM32G414MBT6, STM32G414MCT3, STM32G414MCT6, STM32G414RBT3, STM32G414RBT6, STM32G414RCT3, STM32G414RCT6, STM32G414VBT3, STM32G414VBT6, STM32G414VCT3, STM32G414VCT6, STM32G431CBT3Z, STM32G431RBT3Z, STM32G471CCT6, STM32G471CCU6, STM32G471CET3, STM32G471CET6, STM32G471CEU3, STM32G471CEU6, STM32G471MCT6, STM32G471MET3, STM32G471MET6, STM32G471MEY6TR, STM32G471QCT6, STM32G471QET3, STM32G471RCT6, STM32G471RET3, STM32G471RET6, STM32G471VCH6, STM32G471VCI6, STM32G471VCT6, STM32G471VEH3, STM32G471VEH6, STM32G471VEI3, STM32G471VEI6, STM32G471VET3, STM32G471VET6, STM32G473QET3Z, STM32G473RET3Z, STM32G474CCT6, STM32G491RET3Z, STM32H503CBT6, STM32H503CBU6, STM32H503EBY6TR, STM32H503KBU6, STM32H503RBT6, STM32H523CCT6, STM32H523CCU6, STM32H523CET6, STM32H523CEU6, STM32H523HEY6TR, STM32H523RCT6, STM32H523RET6, STM32H523VCI6, STM32H523VCT6, STM32H523VEI6, STM32H523VET6, STM32H523ZCJ6, STM32H523ZCT6, STM32H523ZEJ6, STM32H523ZET6, STM32H533CET6, STM32H533CEU6, STM32H533HEY6TR, STM32H533RET6, STM32H533VEI6, STM32H533VET6, STM32H533ZEJ6, STM32H533ZET6, STM32H562AGI6, STM32H562AII6, STM32H562IGK6, STM32H562IGT6, STM32H562IIK6, STM32H562IIT6, STM32H562RGT6, STM32H562RGV6, STM32H562RIT6, STM32H562RIV6, STM32H562VGT6, STM32H562VIT6, STM32H562ZGT6, STM32H562ZIT6, STM32H563AGI6, STM32H563AII3Q, STM32H563AII6, STM32H563IGK6, STM32H563IGT6, STM32H563IIK3Q, STM32H563IIK6, STM32H563IIT3Q, STM32H563IIT6, STM32H563MIY3QTR, STM32H563RGT6, STM32H563RGV6, STM32H563RIT6, STM32H563RIV6, STM32H563VGT6, STM32H563VIT3Q, STM32H563VIT6, STM32H563ZGT6, STM32H563ZIT3Q, STM32H563ZIT6, STM32H573AII3Q, STM32H573AII6, STM32H573I-DK, STM32H573IIK3Q, STM32H573IIK6, STM32H573IIT3Q, STM32H573IIT6, STM32H573MIY3QTR, STM32H573RIT6, STM32H573RIV6, STM32H573VIT3Q, STM32H573VIT6, STM32H573ZIT3Q, STM32H573ZIT6, STM32H7R3A8I6, STM32H7R3I8K6, STM32H7R3I8T6, STM32H7R3L8H6, STM32H7R3L8H6H, STM32H7R3R8V6, STM32H7R3V8H6, STM32H7R3V8T6, STM32H7R3V8Y6TR, STM32H7R3Z8J6, STM32H7R3Z8T6, STM32H7R7A8I6, STM32H7R7I8K6, STM32H7R7I8T6, STM32H7R7L8H6, STM32H7R7L8H6H, STM32H7R7Z8J6, STM32H7S3A8I6, STM32H7S3I8K6, STM32H7S3I8T6, STM32H7S3L8H6, STM32H7S3L8H6H, STM32H7S3R8V6, STM32H7S3V8H6, STM32H7S3V8T6, STM32H7S3V8Y6TR, STM32H7S3Z8J6, STM32H7S3Z8T6, STM32H7S78-DK, STM32H7S7A8I6, STM32H7S7I8K6, STM32H7S7I8T6, STM32H7S7L8H6, STM32H7S7L8H6H, STM32H7S7Z8J6, STM32L4R5QGI6STR, STM32MP131AAE3, STM32MP131AAF3, STM32MP131AAG3, STM32MP131CAE3, STM32MP131CAF3, STM32MP131CAG3, STM32MP131DAE7, STM32MP131DAF7, STM32MP131DAG7, STM32MP131FAE7, STM32MP131FAF7, STM32MP131FAG7, STM32MP133AAE3, STM32MP133AAF3, STM32MP133AAG3, STM32MP133CAE3, STM32MP133CAF3, STM32MP133CAG3, STM32MP133DAE7, STM32MP133DAF7, STM32MP133DAG7, STM32MP133FAE7, STM32MP133FAF7, STM32MP133FAG7, STM32MP135AAE3, STM32MP135AAF3, STM32MP135AAG3, STM32MP135CAE3, STM32MP135CAF3, STM32MP135CAG3, STM32MP135DAE7, STM32MP135DAF7, STM32MP135DAG7, STM32MP135F-DK, STM32MP135FAE7, STM32MP135FAF7, STM32MP135FAF7T, STM32MP135FAF7U, STM32MP135FAG7, STM32MP211AAL3, STM32MP211AAM3, STM32MP211AAN3, STM32MP211AAO3, STM32MP211CAL3, STM32MP211CAM3, STM32MP211CAN3, STM32MP211CAO3, STM32MP211DAL3, STM32MP211DAM3, STM32MP211DAN3, STM32MP211DAO3, STM32MP211FAL3, STM32MP211FAM3, STM32MP211FAN3, STM32MP211FAO3, STM32MP213AAL3, STM32MP213AAM3, STM32MP213AAN3, STM32MP213AAO3, STM32MP213CAL3, STM32MP213CAM3, STM32MP213CAN3, STM32MP213CAO3, STM32MP213DAL3, STM32MP213DAM3, STM32MP213DAN3, STM32MP213DAO3, STM32MP213FAL3, STM32MP213FAM3, STM32MP213FAN3, STM32MP213FAO3, STM32MP215AAL3, STM32MP215AAM3, STM32MP215AAN3, STM32MP215AAO3, STM32MP215CAL3, STM32MP215CAM3, STM32MP215CAN3, STM32MP215CAO3, STM32MP215DAL3, STM32MP215DAM3, STM32MP215DAN3, STM32MP215DAO3, STM32MP215F-DK, STM32MP215FAL3, STM32MP215FAM3, STM32MP215FAN3, STM32MP215FAO3, STM32MP231AAJ3, STM32MP231AAK3, STM32MP231AAL3, STM32MP231CAJ3, STM32MP231CAK3, STM32MP231CAL3, STM32MP231DAJ3, STM32MP231DAK3, STM32MP231DAL3, STM32MP231FAJ3, STM32MP231FAK3, STM32MP231FAL3, STM32MP233AAJ3, STM32MP233AAK3, STM32MP233AAL3, STM32MP233CAJ3, STM32MP233CAK3, STM32MP233CAL3, STM32MP233DAJ3, STM32MP233DAK3, STM32MP233DAL3, STM32MP233FAJ3, STM32MP233FAK3, STM32MP233FAL3, STM32MP235AAJ3, STM32MP235AAK3, STM32MP235AAL3, STM32MP235CAJ3, STM32MP235CAK3, STM32MP235CAL3, STM32MP235DAJ3, STM32MP235DAK3, STM32MP235DAL3, STM32MP235FAJ3, STM32MP235FAK3, STM32MP235FAL3, STM32MP251AAI3, STM32MP251AAK3, STM32MP251AAL3, STM32MP251CAI3, STM32MP251CAK3, STM32MP251CAL3, STM32MP251DAI3, STM32MP251DAK3, STM32MP251DAL3, STM32MP251FAI3, STM32MP251FAK3, STM32MP251FAL3, STM32MP253AAI3, STM32MP253AAK3, STM32MP253AAL3, STM32MP253CAI3, STM32MP253CAK3, STM32MP253CAL3, STM32MP253DAI3, STM32MP253DAK3, STM32MP253DAL3, STM32MP253FAI3, STM32MP253FAK3, STM32MP253FAL3, STM32MP255AAI3, STM32MP255AAK3, STM32MP255AAL3, STM32MP255CAI3, STM32MP255CAK3, STM32MP255CAL3, STM32MP255DAI3, STM32MP255DAK3, STM32MP255DAL3, STM32MP255FAI3, STM32MP255FAK3, STM32MP255FAL3, STM32MP257AAI3, STM32MP257AAK3, STM32MP257AAL3, STM32MP257CAI3, STM32MP257CAK3, STM32MP257CAL3, STM32MP257DAI3, STM32MP257DAK3, STM32MP257DAL3, STM32MP257F-DK, STM32MP257F-EV1, STM32MP257FAI3, STM32MP257FAK3, STM32MP257FAL3, STM32N645A0H3Q, STM32N645B0H3Q, STM32N645I0H3Q, STM32N645L0H3Q, STM32N645X0H3Q, STM32N645Z0H3Q, STM32N647A0H3Q, STM32N647B0H3Q, STM32N647I0H3Q, STM32N647L0H3Q, STM32N647X0H3Q, STM32N647Z0H3Q, STM32N655A0H3Q, STM32N655B0H3Q, STM32N655I0H3Q, STM32N655L0H3Q, STM32N655X0H3Q, STM32N655Z0H3Q, STM32N6570-DK, STM32N657A0H3Q, STM32N657B0H3Q, STM32N657I0H3Q, STM32N657L0H3Q, STM32N657X0H3Q, STM32N657Z0H3Q, STM32U031C6T6, STM32U031C6U6, STM32U031C8T6, STM32U031C8U6, STM32U031F4P6, STM32U031F6P6, STM32U031F8P6, STM32U031G6Y6TR, STM32U031G8Y6TR, STM32U031K4U6, STM32U031K6U6, STM32U031K8U6, STM32U031R6I6, STM32U031R6T6, STM32U031R8I6, STM32U031R8T6, STM32U073C8T6, STM32U073C8U6, STM32U073CBT6, STM32U073CBU6, STM32U073CCT6, STM32U073CCU6, STM32U073H8Y6TR, STM32U073HBY6TR, STM32U073HCY6TR, STM32U073K8U6, STM32U073KBU6, STM32U073KCU6, STM32U073M8I6, STM32U073M8T6, STM32U073MBI6, STM32U073MBT6, STM32U073MCI6, STM32U073MCT6, STM32U073R8I6, STM32U073R8T6, STM32U073RBI6, STM32U073RBT6, STM32U073RCI6, STM32U073RCT6, STM32U083C-DK, STM32U083CCT6, STM32U083CCU6, STM32U083HCY6TR, STM32U083KCU6, STM32U083MCI6, STM32U083MCT6, STM32U083RCI6, STM32U083RCT6, STM32U375CET6, STM32U375CET6Q, STM32U375CEU6, STM32U375CEU6Q, STM32U375CEY6QTR, STM32U375CGT6, STM32U375CGT6Q, STM32U375CGU6, STM32U375CGU6Q, STM32U375CGY6QTR, STM32U375KEU6, STM32U375KGU6, STM32U375REI6, STM32U375REI6Q, STM32U375RET6, STM32U375RET6Q, STM32U375REY6GTR, STM32U375REY6QTR, STM32U375RGI6, STM32U375RGI6Q, STM32U375RGT6, STM32U375RGT6Q, STM32U375RGY6GTR, STM32U375RGY6QTR, STM32U375VEI6, STM32U375VEI6Q, STM32U375VET6, STM32U375VET6Q, STM32U375VGI6, STM32U375VGI6Q, STM32U375VGT6, STM32U375VGT6Q, STM32U385CGT6, STM32U385CGT6Q, STM32U385CGU6, STM32U385CGU6Q, STM32U385CGY6QTR, STM32U385KGU6, STM32U385RGI6, STM32U385RGI6Q, STM32U385RGT6, STM32U385RGT6Q, STM32U385RGY6GTR, STM32U385RGY6QTR, STM32U385VGI6, STM32U385VGI6Q, STM32U385VGT6, STM32U385VGT6Q, STM32U535CBT6, STM32U535CBT6Q, STM32U535CBU6, STM32U535CBU6Q, STM32U535CCT6, STM32U535CCT6Q, STM32U535CCU6, STM32U535CCU6Q, STM32U535CET6, STM32U535CET6Q, STM32U535CEU6, STM32U535CEU6Q, STM32U535JEY6QTR, STM32U535NCY6QTR, STM32U535NEY6QTR, STM32U535RBI6, STM32U535RBI6Q, STM32U535RBT6, STM32U535RBT6Q, STM32U535RCI6, STM32U535RCI6Q, STM32U535RCT6, STM32U535RCT6Q, STM32U535REI6, STM32U535REI6Q, STM32U535RET6, STM32U535RET6Q, STM32U535VCI6, STM32U535VCI6Q, STM32U535VCT6, STM32U535VCT6Q, STM32U535VEI6, STM32U535VEI6Q, STM32U535VET6, STM32U535VET6Q, STM32U545CET6, STM32U545CET6Q, STM32U545CEU6, STM32U545CEU6Q, STM32U545JEY6QTR, STM32U545NEY6QTR, STM32U545REI6, STM32U545REI6Q, STM32U545RET6, STM32U545RET6Q, STM32U545VEI6, STM32U545VEI6Q, STM32U545VET6, STM32U545VET6Q, STM32U595AIH6, STM32U595AIH6Q, STM32U595AJH6, STM32U595AJH6Q, STM32U595QII6, STM32U595QII6Q, STM32U595QJI6, STM32U595QJI6Q, STM32U595RIT6, STM32U595RIT6Q, STM32U595RJT6, STM32U595RJT6Q, STM32U595VIT6, STM32U595VIT6Q, STM32U595VJT6, STM32U595VJT6Q, STM32U595ZIT6, STM32U595ZIT6Q, STM32U595ZIY6QTR, STM32U595ZJT6, STM32U595ZJT6Q, STM32U595ZJY6QTR, STM32U599BJY6QTR, STM32U599NIH6Q, STM32U599NJH6Q, STM32U599VIT6Q, STM32U599VJT6, STM32U599VJT6Q, STM32U599ZIT6Q, STM32U599ZIY6QTR, STM32U599ZJT6Q, STM32U599ZJY6QTR, STM32U5A5AJH6, STM32U5A5AJH6Q, STM32U5A5QII3Q , STM32U5A5QJI6, STM32U5A5QJI6Q, STM32U5A5RJT6, STM32U5A5RJT6Q, STM32U5A5VJT6, STM32U5A5VJT6Q, STM32U5A5ZJT6, STM32U5A5ZJT6Q, STM32U5A5ZJY6QTR, STM32U5A9BJY6QTR, STM32U5A9J-DK, STM32U5A9NJH6Q, STM32U5A9VJT6Q, STM32U5A9ZJT6Q, STM32U5A9ZJY6QTR, STM32U5F7VIT6, STM32U5F7VIT6Q, STM32U5F7VJT6, STM32U5F7VJT6Q, STM32U5F9BJY6QTR, STM32U5F9NJH6Q, STM32U5F9VIT6Q, STM32U5F9VJT6Q, STM32U5F9ZIJ6QTR, STM32U5F9ZIT6Q, STM32U5F9ZJJ6QTR, STM32U5F9ZJT6Q, STM32U5G7VJT6, STM32U5G7VJT6Q, STM32U5G9BJY6QTR, STM32U5G9J-DK1, STM32U5G9J-DK2, STM32U5G9NJH6Q, STM32U5G9VJT6Q, STM32U5G9ZJJ6QTR, STM32U5G9ZJT6Q, STM32WB05KZV6TR, STM32WB05KZV7TR, STM32WB05TZF6TR, STM32WB05TZF7TR, STM32WB06CCF6TR, STM32WB06CCF7TR, STM32WB06CCV6TR, STM32WB06CCV7TR, STM32WB06KCV6TR, STM32WB06KCV7TR, STM32WB07CCF6TR, STM32WB07CCF7TR, STM32WB07CCV6TR, STM32WB07CCV7TR, STM32WB07KCV6TR, STM32WB07KCV7TR, STM32WB09KEV6TR, STM32WB09KEV7TR, STM32WB09TEF6TR, STM32WB09TEF7TR, STM32WB1MMCH6, STM32WBA50KGU6, STM32WBA50KGU6TR, STM32WBA52CEU6, STM32WBA52CEU6TR, STM32WBA52CEU7, STM32WBA52CEU7TR, STM32WBA52CGU6, STM32WBA52CGU6TR, STM32WBA52CGU6U, STM32WBA52CGU7, STM32WBA52CGU7TR, STM32WBA52KEU6, STM32WBA52KEU6TR, STM32WBA52KGU6, STM32WBA52KGU6TR, STM32WBA54CEU6, STM32WBA54CEU6TR, STM32WBA54CEU7, STM32WBA54CEU7TR, STM32WBA54CGU6, STM32WBA54CGU6TR, STM32WBA54CGU7, STM32WBA54CGU7TR, STM32WBA54KEU6, STM32WBA54KEU6TR, STM32WBA54KEU7, STM32WBA54KEU7TR, STM32WBA54KGU6, STM32WBA54KGU6TR, STM32WBA54KGU7, STM32WBA54KGU7TR, STM32WBA55CEU6, STM32WBA55CEU6TR, STM32WBA55CEU7, STM32WBA55CEU7TR, STM32WBA55CGU6, STM32WBA55CGU6TR, STM32WBA55CGU6U, STM32WBA55CGU7, STM32WBA55CGU7TR, STM32WBA55G-DK1, STM32WBA55HEF6, STM32WBA55HEF7, STM32WBA55HGF6, STM32WBA55HGF7, STM32WBA55UEI6, STM32WBA55UEI6TR, STM32WBA55UEI7, STM32WBA55UEI7TR, STM32WBA55UGI6, STM32WBA55UGI6TR, STM32WBA55UGI7, STM32WBA55UGI7TR, STM32WBA5MMGH6TR, STM32WBA62MGF6, STM32WBA62MIF6, STM32WBA65MGF7, STM32WBA65MIF6, STM32WBA65MIF7, STM32WL30K8V6, STM32WL30KBV6, STM32WL31C8V6, STM32WL31CBV6, STM32WL31K8V6, STM32WL31KBV6, STM32WL33C8V6, STM32WL33C8V6X, STM32WL33CBV6, STM32WL33CBV6X, STM32WL33CCV6, STM32WL33CCV6A, STM32WL33CCV6X, STM32WL33K8V7, STM32WL33K8V7X, STM32WL33KBV7 , STM32WL33KBV7X, STM32WL33KCV7, STM32WL33KCV7X, STM32WL5MOCH6, STM32WL5MOCH6TR]
2025-11-22 16:24:03,941 [INFO] DbMcus:218 - Found 4801 MCUs, 4801 are supported
2025-11-22 16:24:03,942 [INFO] ApiDb:423 - Load user favorites file C:\Users\PC/.stm32cubeide/favorites.mcus.txt: 0 item(s)
2025-11-22 16:24:03,942 [INFO] ApiDb:427 - User favorites MCUs=[]
2025-11-22 16:24:03,942 [INFO] DbMcus:224 - Set 0 / 0 favorites MCUs
2025-11-22 16:24:04,454 [INFO] ApiDb:423 - Load user favorites file C:\Users\PC/.stm32cubeide/favorites.boards.txt: 0 item(s)
2025-11-22 16:24:04,454 [INFO] ApiDb:427 - User favorites Boards=[]
2025-11-22 16:24:04,455 [INFO] DbBoards:198 - Set 0 / 0 favorites Boards
2025-11-22 16:24:04,497 [INFO] UtilMem:75 - End LoadConfig() Used Memory: 924551904 Bytes (1073741824)
2025-11-22 16:24:04,619 [WARN] ThirdParty:833 - waiting for thirdparty lock release [change project]
2025-11-22 16:24:04,620 [INFO] ThirdParty:835 - entering critical section [change project]
2025-11-22 16:24:04,620 [INFO] ThirdParty:1030 - CMSIS Pack Vendor :STMicroelectronics X-CUBE-PM33A1 1.0.0
2025-11-22 16:24:04,620 [INFO] ThirdParty:1030 - CMSIS Pack Vendor :STMicroelectronics USBPD 4.1
2025-11-22 16:24:04,620 [INFO] ThirdParty:1030 - CMSIS Pack Vendor :STMicroelectronics X-CUBE-NFC9 1.0.0
2025-11-22 16:24:04,620 [INFO] ThirdParty:1030 - CMSIS Pack Vendor :STMicroelectronics USB_HOST 2.0.0
2025-11-22 16:24:04,620 [INFO] ThirdParty:1030 - CMSIS Pack Vendor :STMicroelectronics FP-SNS-MOTENVWB1 1.4.0
2025-11-22 16:24:04,620 [INFO] ThirdParty:1030 - CMSIS Pack Vendor :STMicroelectronics X-CUBE-AZRTOS-F4 1.1.0
2025-11-22 16:24:04,620 [INFO] ThirdParty:1030 - CMSIS Pack Vendor :STMicroelectronics LIBJPEG 8.0.0
2025-11-22 16:24:04,620 [INFO] ThirdParty:1030 - CMSIS Pack Vendor :STMicroelectronics FP-ATR-ASTRA1 2.0.2
2025-11-22 16:24:04,620 [INFO] ThirdParty:1030 - CMSIS Pack Vendor :wolfSSL I-CUBE-wolfSSL 5.8.2
2025-11-22 16:24:04,620 [INFO] ThirdParty:1030 - CMSIS Pack Vendor :STMicroelectronics X-CUBE-BLE1 7.1.0
2025-11-22 16:24:04,620 [INFO] ThirdParty:1030 - CMSIS Pack Vendor :Avnet-IotConnect X-CUBE-IoTC-DA16k-PMOD 1.0.0
2025-11-22 16:24:04,620 [INFO] ThirdParty:1030 - CMSIS Pack Vendor :STMicroelectronics X-CUBE-SMBUS 2.1.0
2025-11-22 16:24:04,620 [INFO] ThirdParty:1030 - CMSIS Pack Vendor :wolfSSL I-CUBE-wolfMQTT 1.19.2
2025-11-22 16:24:04,620 [INFO] ThirdParty:1030 - CMSIS Pack Vendor :STMicroelectronics USB_DEVICE 3.0.0
2025-11-22 16:24:04,621 [INFO] ThirdParty:1030 - CMSIS Pack Vendor :STMicroelectronics X-CUBE-ISPU 2.1.0
2025-11-22 16:24:04,621 [INFO] ThirdParty:1030 - CMSIS Pack Vendor :STMicroelectronics X-CUBE-EEPRMA1 5.2.0
2025-11-22 16:24:04,621 [INFO] ThirdParty:1030 - CMSIS Pack Vendor :STMicroelectronics X-CUBE-IPS 3.2.0
2025-11-22 16:24:04,621 [INFO] ThirdParty:1030 - CMSIS Pack Vendor :STMicroelectronics X-CUBE-BLEMGR 4.1.0
2025-11-22 16:24:04,621 [INFO] ThirdParty:1030 - CMSIS Pack Vendor :STMicroelectronics X-CUBE-AZRTOS-WB 2.0.0
2025-11-22 16:24:04,621 [INFO] ThirdParty:1030 - CMSIS Pack Vendor :STMicroelectronics X-CUBE-ST60 1.0.0
2025-11-22 16:24:04,621 [INFO] ThirdParty:1030 - CMSIS Pack Vendor :STMicroelectronics X-CUBE-GNSS1 7.0.1
2025-11-22 16:24:04,621 [INFO] ThirdParty:1030 - CMSIS Pack Vendor :STMicroelectronics X-CUBE-NFC12 1.0.0
2025-11-22 16:24:04,621 [INFO] ThirdParty:1030 - CMSIS Pack Vendor :STMicroelectronics X-CUBE-AZRTOS-F7 1.1.0
2025-11-22 16:24:04,621 [INFO] ThirdParty:1030 - CMSIS Pack Vendor :STMicroelectronics X-CUBE-AZRTOS-L5 2.0.0
2025-11-22 16:24:04,621 [INFO] ThirdParty:1030 - CMSIS Pack Vendor :STMicroelectronics X-CUBE-TOUCHGFX 4.25.0
2025-11-22 16:24:04,621 [INFO] ThirdParty:1030 - CMSIS Pack Vendor :STMicroelectronics USB_DEVICE 2.0.0
2025-11-22 16:24:04,621 [INFO] ThirdParty:1030 - CMSIS Pack Vendor :STMicroelectronics X-CUBE-NFC6 3.1.0
2025-11-22 16:24:04,621 [INFO] ThirdParty:1030 - CMSIS Pack Vendor :STMicroelectronics X-CUBE-ST67W61 1.1.0
2025-11-22 16:24:04,621 [INFO] ThirdParty:1030 - CMSIS Pack Vendor :Cesanta I-CUBE-Mongoose 7.19.0
2025-11-22 16:24:04,621 [INFO] ThirdParty:1030 - CMSIS Pack Vendor :quantropi X-CUBE-qispace-sdk-base 2.1.0
2025-11-22 16:24:04,621 [INFO] ThirdParty:1030 - CMSIS Pack Vendor :STMicroelectronics FP-SNS-MOTENV1 5.1.0
2025-11-22 16:24:04,621 [INFO] ThirdParty:1030 - CMSIS Pack Vendor :STMicroelectronics FreeRTOS 0.0.1
2025-11-22 16:24:04,621 [INFO] ThirdParty:1030 - CMSIS Pack Vendor :STMicroelectronics X-CUBE-AZRTOS-G0 1.1.0
2025-11-22 16:24:04,621 [INFO] ThirdParty:1030 - CMSIS Pack Vendor :STMicroelectronics X-CUBE-SAFEA1 1.2.2
2025-11-22 16:24:04,621 [INFO] ThirdParty:1030 - CMSIS Pack Vendor :STMicroelectronics X-CUBE-NFC4 3.0.0
2025-11-22 16:24:04,621 [INFO] ThirdParty:1030 - CMSIS Pack Vendor :STMicroelectronics X-CUBE-SUBG2 5.0.0
2025-11-22 16:24:04,621 [INFO] ThirdParty:1030 - CMSIS Pack Vendor :STMicroelectronics X-CUBE-AZRTOS-H7RS 1.1.0
2025-11-22 16:24:04,621 [INFO] ThirdParty:1030 - CMSIS Pack Vendor :STMicroelectronics STM32_WPAN 1.0.0
2025-11-22 16:24:04,622 [INFO] ThirdParty:1030 - CMSIS Pack Vendor :EmbeddedOffice I-CUBE-FS-RTOS 1.0.1
2025-11-22 16:24:04,622 [INFO] ThirdParty:1030 - CMSIS Pack Vendor :STMicroelectronics lwIP 2.0.3
2025-11-22 16:24:04,622 [INFO] ThirdParty:1030 - CMSIS Pack Vendor :WES I-CUBE-Cesium 1.4.0
2025-11-22 16:24:04,622 [INFO] ThirdParty:1030 - CMSIS Pack Vendor :STMicroelectronics USB_HOST 1.0.0
2025-11-22 16:24:04,622 [INFO] ThirdParty:1030 - CMSIS Pack Vendor :Infineon AIROC-Wi-Fi-Bluetooth-STM32 1.7.1
2025-11-22 16:24:04,622 [INFO] ThirdParty:1030 - CMSIS Pack Vendor :STMicroelectronics X-CUBE-AZRTOS-G4 2.0.0
2025-11-22 16:24:04,622 [INFO] ThirdParty:1030 - CMSIS Pack Vendor :STMicroelectronics X-CUBE-WB05N 2.0.0
2025-11-22 16:24:04,622 [INFO] ThirdParty:1030 - CMSIS Pack Vendor :STMicroelectronics PDM2PCM 3.1.0
2025-11-22 16:24:04,622 [INFO] ThirdParty:1030 - CMSIS Pack Vendor :STMicroelectronics PDM2PCM 3.3.0
2025-11-22 16:24:04,622 [INFO] ThirdParty:1030 - CMSIS Pack Vendor :wolfSSL I-CUBE-wolfTPM 3.8.0
2025-11-22 16:24:04,622 [INFO] ThirdParty:1030 - CMSIS Pack Vendor :STMicroelectronics X-CUBE-AZRTOS-H7 3.4.0
2025-11-22 16:24:04,622 [INFO] ThirdParty:1030 - CMSIS Pack Vendor :STMicroelectronics X-CUBE-DISPLAY 3.0.0
2025-11-22 16:24:04,622 [INFO] ThirdParty:1030 - CMSIS Pack Vendor :wolfSSL I-CUBE-wolfSSH 1.4.20
2025-11-22 16:24:04,622 [INFO] ThirdParty:1030 - CMSIS Pack Vendor :STMicroelectronics X-CUBE-NFC7 2.0.0
2025-11-22 16:24:04,622 [INFO] ThirdParty:1030 - CMSIS Pack Vendor :STMicroelectronics X-CUBE-TCPP 4.2.0
2025-11-22 16:24:04,622 [INFO] ThirdParty:1030 - CMSIS Pack Vendor :RealThread X-CUBE-RT-Thread_Nano 4.1.1
2025-11-22 16:24:04,622 [INFO] ThirdParty:1030 - CMSIS Pack Vendor :STMicroelectronics FP-ATR-SIGFOX1 3.2.0
2025-11-22 16:24:04,622 [INFO] ThirdParty:1030 - CMSIS Pack Vendor :STMicroelectronics X-CUBE-NFC10 1.0.0
2025-11-22 16:24:04,622 [INFO] ThirdParty:1030 - CMSIS Pack Vendor :STMicroelectronics X-CUBE-FREERTOS 1.3.1
2025-11-22 16:24:04,622 [INFO] ThirdParty:1030 - CMSIS Pack Vendor :STMicroelectronics HAL Drivers 0.0.0
2025-11-22 16:24:04,622 [INFO] ThirdParty:1030 - CMSIS Pack Vendor :STMicroelectronics MBEDTLS 2.16.2
2025-11-22 16:24:04,622 [INFO] ThirdParty:1030 - CMSIS Pack Vendor :STMicroelectronics X-CUBE-ST60 1.1.0
2025-11-22 16:24:04,622 [INFO] ThirdParty:1030 - CMSIS Pack Vendor :STMicroelectronics X-CUBE-IPS 3.1.0
2025-11-22 16:24:04,622 [INFO] ThirdParty:1030 - CMSIS Pack Vendor :STMicroelectronics X-CUBE-ALS 1.0.2
2025-11-22 16:24:04,623 [INFO] ThirdParty:1030 - CMSIS Pack Vendor :emotas I-CUBE-CANOPEN 1.3.0
2025-11-22 16:24:04,623 [INFO] ThirdParty:1030 - CMSIS Pack Vendor :STMicroelectronics MBEDTLS 2.14.1
2025-11-22 16:24:04,623 [INFO] ThirdParty:1030 - CMSIS Pack Vendor :STMicroelectronics X-CUBE-GNSS1 7.1.0
2025-11-22 16:24:04,623 [INFO] ThirdParty:1030 - CMSIS Pack Vendor :ITTIA_DB I-CUBE-ITTIADB 8.9.0
2025-11-22 16:24:04,623 [INFO] ThirdParty:1030 - CMSIS Pack Vendor :STMicroelectronics X-CUBE-TOUCHGFX 4.26.0
2025-11-22 16:24:04,623 [INFO] ThirdParty:1030 - CMSIS Pack Vendor :STMicroelectronics X-CUBE-STSE01 1.0.0
2025-11-22 16:24:04,623 [INFO] ThirdParty:1030 - CMSIS Pack Vendor :STMicroelectronics X-CUBE-ST67W61 1.0.0
2025-11-22 16:24:04,623 [INFO] ThirdParty:1030 - CMSIS Pack Vendor :STMicroelectronics FP-SNS-STBOX1 2.1.0
2025-11-22 16:24:04,623 [INFO] ThirdParty:1030 - CMSIS Pack Vendor :STMicroelectronics X-CUBE-AI 10.2.0
2025-11-22 16:24:04,623 [INFO] ThirdParty:1030 - CMSIS Pack Vendor :STMicroelectronics FP-SNS-STAIOTCFT 1.0.0
2025-11-22 16:24:04,623 [INFO] ThirdParty:1030 - CMSIS Pack Vendor :STMicroelectronics ThreadX 1.0.0
2025-11-22 16:24:04,623 [INFO] ThirdParty:1030 - CMSIS Pack Vendor :STMicroelectronics FP-SNS-SMARTAG2 1.2.0
2025-11-22 16:24:04,623 [INFO] ThirdParty:1030 - CMSIS Pack Vendor :STMicroelectronics FP-SNS-FLIGHT1 5.1.0
2025-11-22 16:24:04,623 [INFO] ThirdParty:1030 - CMSIS Pack Vendor :STMicroelectronics X-CUBE-AZRTOS-WL 2.0.0
2025-11-22 16:24:04,623 [INFO] ThirdParty:1030 - CMSIS Pack Vendor :SEGGER I-CUBE-embOS 1.3.1
2025-11-22 16:24:04,623 [INFO] ThirdParty:1030 - CMSIS Pack Vendor :STMicroelectronics X-CUBE-ALGOBUILD 1.4.0
2025-11-22 16:24:04,623 [INFO] ThirdParty:1030 - CMSIS Pack Vendor :STMicroelectronics X-CUBE-DPower 1.3.0
2025-11-22 16:24:04,623 [INFO] ThirdParty:1030 - CMSIS Pack Vendor :STMicroelectronics X-CUBE-MEMS1 11.3.0
2025-11-22 16:24:04,623 [INFO] ThirdParty:1030 - CMSIS Pack Vendor :STMicroelectronics FP-SNS-MOTENV1 5.0.0
2025-11-22 16:24:04,623 [INFO] ThirdParty:1030 - CMSIS Pack Vendor :STMicroelectronics USB_DEVICE 1.0.0
2025-11-22 16:24:04,623 [INFO] ThirdParty:1030 - CMSIS Pack Vendor :STMicroelectronics X-CUBE-AZRTOS-L4 2.0.0
2025-11-22 16:24:04,623 [INFO] ThirdParty:1030 - CMSIS Pack Vendor :STMicroelectronics ThreadX 0.0.2
2025-11-22 16:24:04,623 [INFO] ThirdParty:1030 - CMSIS Pack Vendor :STMicroelectronics lwIP 2.1.2
2025-11-22 16:24:04,623 [INFO] ThirdParty:1030 - CMSIS Pack Vendor :STMicroelectronics X-CUBE-SFXS2LP1 4.0.0
2025-11-22 16:24:04,623 [INFO] ThirdParty:1030 - CMSIS Pack Vendor :STMicroelectronics X-CUBE-BLE2 3.3.0
2025-11-22 16:24:04,623 [INFO] ThirdParty:1030 - CMSIS Pack Vendor :Avnet-IOTCONNECT X-CUBE-iotc-st67-sdk 1.0.0
2025-11-22 16:24:04,623 [INFO] ThirdParty:1030 - CMSIS Pack Vendor :STMicroelectronics X-CUBE-TOF1 3.4.3
2025-11-22 16:24:04,624 [INFO] ThirdParty:1030 - CMSIS Pack Vendor :STMicroelectronics PDM2PCM 3.2.0
2025-11-22 16:24:04,624 [INFO] ThirdParty:841 - exiting critical section [change project]
2025-11-22 16:24:05,180 [INFO] PinOutPanel:1589 - setPackage(No Configuration,No Configuration)
2025-11-22 16:24:05,182 [INFO] PinOutPanel:1589 - setPackage(STM32F407VGTx,LQFP100)
2025-11-22 16:24:06,047 [INFO] UtilMem:75 - Before build in PCC Used Memory: 869559552 Bytes (1073741824)
2025-11-22 16:24:06,790 [INFO] UtilMem:75 - After build in PCC Used Memory: 952399104 Bytes (1073741824)
2025-11-22 16:24:06,828 [INFO] IPUIPlugin:80 - create IPUIPlugin
2025-11-22 16:24:06,828 [INFO] IPUIPlugin:80 - create IPUIPlugin
2025-11-22 16:24:06,829 [INFO] IPUIPlugin:80 - create IPUIPlugin
2025-11-22 16:24:06,829 [INFO] IPUIPlugin:80 - create IPUIPlugin
2025-11-22 16:24:06,829 [INFO] IPUIPlugin:80 - create IPUIPlugin
2025-11-22 16:24:06,829 [INFO] IPUIPlugin:80 - create IPUIPlugin
2025-11-22 16:24:06,829 [INFO] IPUIPlugin:80 - create IPUIPlugin
2025-11-22 16:24:06,829 [INFO] IPUIPlugin:80 - create IPUIPlugin
2025-11-22 16:24:06,830 [INFO] IPUIPlugin:80 - create IPUIPlugin
2025-11-22 16:24:06,830 [INFO] IPUIPlugin:80 - create IPUIPlugin
2025-11-22 16:24:06,830 [INFO] IPUIPlugin:80 - create IPUIPlugin
2025-11-22 16:24:06,830 [INFO] IPUIPlugin:80 - create IPUIPlugin
2025-11-22 16:24:06,830 [INFO] IPUIPlugin:80 - create IPUIPlugin
2025-11-22 16:24:06,830 [INFO] IPUIPlugin:80 - create IPUIPlugin
2025-11-22 16:24:06,830 [INFO] IPUIPlugin:80 - create IPUIPlugin
2025-11-22 16:24:06,830 [INFO] IPUIPlugin:80 - create IPUIPlugin
2025-11-22 16:24:06,830 [INFO] IPUIPlugin:80 - create IPUIPlugin
2025-11-22 16:24:06,830 [INFO] IPUIPlugin:80 - create IPUIPlugin
2025-11-22 16:24:06,831 [INFO] IPUIPlugin:80 - create IPUIPlugin
2025-11-22 16:24:06,831 [INFO] IPUIPlugin:80 - create IPUIPlugin
2025-11-22 16:24:06,832 [INFO] IPUIPlugin:80 - create IPUIPlugin
2025-11-22 16:24:06,832 [INFO] IPUIPlugin:80 - create IPUIPlugin
2025-11-22 16:24:06,833 [INFO] IPUIPlugin:80 - create IPUIPlugin
2025-11-22 16:24:06,833 [INFO] IPUIPlugin:80 - create IPUIPlugin
2025-11-22 16:24:06,833 [INFO] IPUIPlugin:80 - create IPUIPlugin
2025-11-22 16:24:06,833 [INFO] IPUIPlugin:80 - create IPUIPlugin
2025-11-22 16:24:06,834 [INFO] IPUIPlugin:80 - create IPUIPlugin
2025-11-22 16:24:06,834 [INFO] IPUIPlugin:80 - create IPUIPlugin
2025-11-22 16:24:06,851 [INFO] IPUIPlugin:80 - create IPUIPlugin
2025-11-22 16:24:06,852 [INFO] IPUIPlugin:80 - create IPUIPlugin
2025-11-22 16:24:06,852 [INFO] IPUIPlugin:80 - create IPUIPlugin
2025-11-22 16:24:06,852 [INFO] IPUIPlugin:80 - create IPUIPlugin
2025-11-22 16:24:06,852 [INFO] IPUIPlugin:80 - create IPUIPlugin
2025-11-22 16:24:06,853 [INFO] IPUIPlugin:80 - create IPUIPlugin
2025-11-22 16:24:06,853 [INFO] IPUIPlugin:80 - create IPUIPlugin
2025-11-22 16:24:06,853 [INFO] IPUIPlugin:80 - create IPUIPlugin
2025-11-22 16:24:06,853 [INFO] IPUIPlugin:80 - create IPUIPlugin
2025-11-22 16:24:06,854 [INFO] IPUIPlugin:80 - create IPUIPlugin
2025-11-22 16:24:06,854 [INFO] IPUIPlugin:80 - create IPUIPlugin
2025-11-22 16:24:06,854 [INFO] IPUIPlugin:80 - create IPUIPlugin
2025-11-22 16:24:06,855 [INFO] IPUIPlugin:80 - create IPUIPlugin
2025-11-22 16:24:06,855 [INFO] IPUIPlugin:80 - create IPUIPlugin
2025-11-22 16:24:06,855 [INFO] IPUIPlugin:80 - create IPUIPlugin
2025-11-22 16:24:06,856 [INFO] IPUIPlugin:80 - create IPUIPlugin
2025-11-22 16:24:06,856 [INFO] IPUIPlugin:80 - create IPUIPlugin
2025-11-22 16:24:06,856 [INFO] IPUIPlugin:80 - create IPUIPlugin
2025-11-22 16:24:06,856 [INFO] IPUIPlugin:80 - create IPUIPlugin
2025-11-22 16:24:06,857 [INFO] IPUIPlugin:80 - create IPUIPlugin
2025-11-22 16:24:06,857 [INFO] IPUIPlugin:80 - create IPUIPlugin
2025-11-22 16:24:06,857 [INFO] IPUIPlugin:80 - create IPUIPlugin
2025-11-22 16:24:06,857 [INFO] IPUIPlugin:80 - create IPUIPlugin
2025-11-22 16:24:06,858 [INFO] IPUIPlugin:80 - create IPUIPlugin
2025-11-22 16:24:06,858 [INFO] IPUIPlugin:80 - create IPUIPlugin
2025-11-22 16:24:06,858 [INFO] IPUIPlugin:80 - create IPUIPlugin
2025-11-22 16:24:06,858 [INFO] IPUIPlugin:80 - create IPUIPlugin
2025-11-22 16:24:06,859 [INFO] IPUIPlugin:80 - create IPUIPlugin
2025-11-22 16:24:06,859 [INFO] IPUIPlugin:80 - create IPUIPlugin
2025-11-22 16:24:06,859 [INFO] IPUIPlugin:80 - create IPUIPlugin
2025-11-22 16:24:06,911 [INFO] ApiDbMcu:532 - Load IP Config File for PDM2PCM
2025-11-22 16:24:06,920 [WARN] IP:2250 - I2C_Coeff_DF not found: check if there is a RefParameter without a condition.
2025-11-22 16:24:06,920 [WARN] IP:2250 - Analog_Filter not found: check if there is a RefParameter without a condition.
2025-11-22 16:24:07,120 [INFO] CADModel:165 - CPN selected for project levelSTM32F407VGT6
2025-11-22 16:24:07,120 [INFO] CADModel:114 - Register for checkConnection events
2025-11-22 16:24:07,158 [INFO] OpenFileManager:386 - Restore cursor
2025-11-22 16:24:07,382 [WARN] IP:2250 - I2C_Coeff_DF not found: check if there is a RefParameter without a condition.
2025-11-22 16:24:07,383 [WARN] IP:2250 - Analog_Filter not found: check if there is a RefParameter without a condition.
2025-11-22 16:24:07,383 [WARN] IP:2250 - I2C_Coeff_DF not found: check if there is a RefParameter without a condition.
2025-11-22 16:24:07,383 [WARN] IP:2250 - Analog_Filter not found: check if there is a RefParameter without a condition.
2025-11-22 16:25:32,165 [WARN] IP:2250 - I2C_Coeff_DF not found: check if there is a RefParameter without a condition.
2025-11-22 16:25:32,166 [WARN] IP:2250 - Analog_Filter not found: check if there is a RefParameter without a condition.
2025-11-22 16:25:32,166 [WARN] IP:2250 - I2C_Coeff_DF not found: check if there is a RefParameter without a condition.
2025-11-22 16:25:32,166 [WARN] IP:2250 - Analog_Filter not found: check if there is a RefParameter without a condition.
2025-11-22 16:25:32,219 [WARN] IP:2250 - I2C_Coeff_DF not found: check if there is a RefParameter without a condition.
2025-11-22 16:25:32,220 [WARN] IP:2250 - Analog_Filter not found: check if there is a RefParameter without a condition.
2025-11-22 16:25:32,275 [WARN] IP:2250 - I2C_Coeff_DF not found: check if there is a RefParameter without a condition.
2025-11-22 16:25:32,275 [WARN] IP:2250 - Analog_Filter not found: check if there is a RefParameter without a condition.
2025-11-22 16:25:34,587 [INFO] Gpio:278 - dependency for GPIO [ADC1, I2C1, RCC, TIM1]
2025-11-22 16:25:44,640 [INFO] UtilMem:75 - End SaveConfig() Used Memory: 864976712 Bytes (1073741824)
2025-11-22 16:25:45,722 [INFO] UtilMem:75 - End SaveConfig() Used Memory: 917380584 Bytes (1073741824)
2025-11-22 16:25:47,636 [INFO] UtilMem:75 - End SaveConfig() Used Memory: 961420768 Bytes (1073741824)
2025-11-22 16:25:48,087 [INFO] BlockDiagram:2775 - set Specific Code input for plugin: TIM6_7
2025-11-22 16:25:48,087 [INFO] BlockDiagram:2775 - set Specific Code input for plugin: TIM6_7
2025-11-22 16:25:48,087 [INFO] BlockDiagram:2775 - set Specific Code input for plugin: TIM1_8
2025-11-22 16:25:48,087 [INFO] BlockDiagram:2775 - set Specific Code input for plugin: SYS
2025-11-22 16:25:48,087 [INFO] BlockDiagram:2775 - set Specific Code input for plugin: ADC
2025-11-22 16:25:48,087 [INFO] BlockDiagram:2775 - set Specific Code input for plugin: RCC
2025-11-22 16:25:48,087 [INFO] BlockDiagram:2775 - set Specific Code input for plugin: I2C
2025-11-22 16:25:48,087 [INFO] BlockDiagram:2775 - set Specific Code input for plugin: NVIC
2025-11-22 16:25:48,087 [INFO] BlockDiagram:2775 - set Specific Code input for plugin: GPIO
2025-11-22 16:25:48,088 [INFO] CodeGenerator:892 - code generatio: config db path: C:\ST\STM32CubeIDE_1.19.0\STM32CubeIDE\plugins\com.st.stm32cube.common.mx_6.15.0.202507011659\\db\
2025-11-22 16:25:48,097 [WARN] IP:2250 - I2C_Coeff_DF not found: check if there is a RefParameter without a condition.
2025-11-22 16:25:48,097 [WARN] IP:2250 - Analog_Filter not found: check if there is a RefParameter without a condition.
2025-11-22 16:25:48,243 [INFO] CodeEngine:265 - oldGeneratedFile, D:\work\AgroSafe\Projet_scenario_1\MXTmpFiles\license.tmp_save
2025-11-22 16:25:48,515 [INFO] CodeEngine:289 - Generated code: D:\work\AgroSafe\Projet_scenario_1\MXTmpFiles\license.tmp
2025-11-22 16:25:48,558 [INFO] CodeEngine:265 - oldGeneratedFile, D:\work\AgroSafe\Projet_scenario_1\MXTmpFiles\gpio.tmp_save
2025-11-22 16:25:48,665 [INFO] CodeEngine:289 - Generated code: D:\work\AgroSafe\Projet_scenario_1\MXTmpFiles\gpio.tmp
2025-11-22 16:25:48,831 [INFO] CodeEngine:265 - oldGeneratedFile, D:\work\AgroSafe\Projet_scenario_1\Core\Src\stm32f4xx_it.c_save
2025-11-22 16:25:48,976 [INFO] CodeEngine:289 - Generated code: D:\work\AgroSafe\Projet_scenario_1\Core\Src\stm32f4xx_it.c
2025-11-22 16:25:48,980 [INFO] CodeEngine:265 - oldGeneratedFile, D:\work\AgroSafe\Projet_scenario_1\Core\Inc\stm32f4xx_it.h_save
2025-11-22 16:25:49,040 [INFO] CodeEngine:289 - Generated code: D:\work\AgroSafe\Projet_scenario_1\Core\Inc\stm32f4xx_it.h
2025-11-22 16:25:49,052 [INFO] CodeEngine:265 - oldGeneratedFile, D:\work\AgroSafe\Projet_scenario_1\Core\Src\stm32f4xx_hal_msp.c_save
2025-11-22 16:25:49,156 [INFO] CodeEngine:289 - Generated code: D:\work\AgroSafe\Projet_scenario_1\Core\Src\stm32f4xx_hal_msp.c
2025-11-22 16:25:49,159 [INFO] CodeEngine:265 - oldGeneratedFile, D:\work\AgroSafe\Projet_scenario_1\MXTmpFiles\system.tmp_save
2025-11-22 16:25:49,213 [INFO] CodeEngine:289 - Generated code: D:\work\AgroSafe\Projet_scenario_1\MXTmpFiles\system.tmp
2025-11-22 16:25:49,222 [INFO] CodeEngine:321 - oldGeneratedFile, D:\work\AgroSafe\Projet_scenario_1\Core\Inc\stm32f4xx_hal_conf.h_save
2025-11-22 16:25:49,284 [INFO] CodeEngine:345 - Generated code: D:\work\AgroSafe\Projet_scenario_1\Core\Inc\stm32f4xx_hal_conf.h
2025-11-22 16:25:49,306 [INFO] ApiDbMcu:532 - Load IP Config File for ADC1
2025-11-22 16:25:49,308 [INFO] ApiDbMcu:532 - Load IP Config File for I2C1
2025-11-22 16:25:49,320 [INFO] ApiDbMcu:532 - Load IP Config File for TIM1
2025-11-22 16:25:49,361 [INFO] ApiDbMcu:532 - Load IP Config File for TIM6
2025-11-22 16:25:49,371 [INFO] ApiDbMcu:532 - Load IP Config File for TIM7
2025-11-22 16:25:49,374 [INFO] ApiDbMcu:532 - Load IP Config File for RCC
2025-11-22 16:25:49,377 [WARN] IPConfigManager:3811 - IP not found : TIM
2025-11-22 16:25:49,378 [WARN] CodeGenerator:4259 - IP not found : null
2025-11-22 16:25:49,383 [INFO] CodeEngine:265 - oldGeneratedFile, D:\work\AgroSafe\Projet_scenario_1\Core\Inc\main.h_save
2025-11-22 16:25:49,460 [INFO] CodeEngine:289 - Generated code: D:\work\AgroSafe\Projet_scenario_1\Core\Inc\main.h
2025-11-22 16:25:49,464 [INFO] CodeEngine:265 - oldGeneratedFile, D:\work\AgroSafe\Projet_scenario_1\Core\Src\main.c_save
2025-11-22 16:25:49,603 [INFO] CodeEngine:289 - Generated code: D:\work\AgroSafe\Projet_scenario_1\Core\Src\main.c
2025-11-22 16:25:49,994 [INFO] ProjectBuilder:3606 - Time for Copy HAL[1] : 130mS.
2025-11-22 16:25:49,999 [INFO] ProjectBuilder:5216 - Project Generator version: 4.7.0-B52
2025-11-22 16:25:50,085 [INFO] ConfigFileManager:1595 - The Die is : DIE413
2025-11-22 16:25:50,091 [INFO] ApiDbMcu:532 - Load IP Config File for FATFS
2025-11-22 16:25:50,095 [INFO] ApiDbMcu:532 - Load IP Config File for FREERTOS
2025-11-22 16:25:50,096 [INFO] ApiDbMcu:532 - Load IP Config File for LIBJPEG
2025-11-22 16:25:50,100 [INFO] ApiDbMcu:532 - Load IP Config File for LWIP
2025-11-22 16:25:50,106 [INFO] ApiDbMcu:532 - Load IP Config File for MBEDTLS
2025-11-22 16:25:50,112 [INFO] ApiDbMcu:532 - Load IP Config File for USB_DEVICE
2025-11-22 16:25:50,116 [INFO] ApiDbMcu:532 - Load IP Config File for USB_HOST
2025-11-22 16:25:50,413 [INFO] LogOutputStream:77 - [STDOUT_REDIRECT] 
2025-11-22 16:25:51,114 [INFO] ProjectBuilder:5496 - Time for Generating toolchain IDE Files: 1115mS.
2025-11-22 16:25:51,115 [INFO] ProjectBuilder:3463 - Time for Copy CMSIS : 1mS.
2025-11-22 16:25:51,116 [INFO] ProjectBuilder:3463 - Time for Copy CMSIS : 0mS.
2025-11-26 23:36:26,065 [INFO] Activator:176 - 


2025-11-26 23:36:26,067 [INFO] Activator:177 - !SESSION log4j initialized
2025-11-26 23:36:31,806 [INFO] LogOutputStream:77 - [STDOUT_REDIRECT] 
2025-11-26 23:36:38,805 [INFO] ApplicationProperties:184 - Using Application install path: C:\ST\STM32CubeIDE_1.19.0\STM32CubeIDE\plugins\com.st.stm32cube.common.mx_6.15.0.202507011659
2025-11-26 23:36:38,821 [INFO] DbMcusXml:78 - Set database path to: C:\ST\STM32CubeIDE_1.19.0\STM32CubeIDE\plugins\com.st.stm32cube.common.mx_6.15.0.202507011659\\db\/mcu/
2025-11-26 23:36:38,821 [INFO] ApiDb:274 - Set plugin database path to: C:\ST\STM32CubeIDE_1.19.0\STM32CubeIDE\plugins\com.st.stm32cube.common.mx_6.15.0.202507011659\\db\/plugins/boardmanager/
2025-11-26 23:36:38,821 [WARN] ApiDb:259 - Overriding images path with different value:  => C:\ST\STM32CubeIDE_1.19.0\STM32CubeIDE\plugins\com.st.stm32cube.common.mx_6.15.0.202507011659\\db\/plugins/mcufinder/images/
2025-11-26 23:36:38,828 [INFO] ApiDb:250 - Set database path to: C:\Users\PC\.stmcufinder\plugins\mcufinder//mcu/
2025-11-26 23:36:38,829 [INFO] DbMcusAds:125 - Set database path to: C:\Users\PC\.stmcufinder\plugins\mcufinder//mcu/
2025-11-26 23:36:38,831 [INFO] CrossReferenceDbSqlite:203 - Set database path to: C:\Users\PC\.stmcufinder\plugins\mcufinder//mcu/cs/
2025-11-26 23:36:38,926 [INFO] RulesReader:64 - Compatibility file has been processed (317 Rules)
2025-11-26 23:36:38,993 [INFO] DbMcusXml:78 - Set database path to: C:\ST\STM32CubeIDE_1.19.0\STM32CubeIDE\plugins\com.st.stm32cube.common.mx_6.15.0.202507011659\\db\/mcu/
2025-11-26 23:36:38,994 [INFO] ApiDb:274 - Set plugin database path to: C:\ST\STM32CubeIDE_1.19.0\STM32CubeIDE\plugins\com.st.stm32cube.common.mx_6.15.0.202507011659\\db\/plugins/boardmanager/
2025-11-26 23:36:38,994 [INFO] ApiDb:261 - Set plugin images path to: C:\ST\STM32CubeIDE_1.19.0\STM32CubeIDE\plugins\com.st.stm32cube.common.mx_6.15.0.202507011659\\db\/plugins/mcufinder/images/
2025-11-26 23:36:38,994 [WARN] DbFile:41 - Overriding database path with different value: C:\Users\PC\.stmcufinder\plugins\mcufinder/ => C:\Users\PC\.stmcufinder\plugins\mcufinder
2025-11-26 23:36:38,994 [INFO] ApiDb:250 - Set database path to: C:\Users\PC\.stmcufinder\plugins\mcufinder//mcu/
2025-11-26 23:36:38,994 [WARN] DbFile:41 - Overriding database path with different value: C:\Users\PC\.stmcufinder\plugins\mcufinder/ => C:\Users\PC\.stmcufinder\plugins\mcufinder
2025-11-26 23:36:38,994 [INFO] DbMcusAds:125 - Set database path to: C:\Users\PC\.stmcufinder\plugins\mcufinder//mcu/
2025-11-26 23:36:38,994 [WARN] DbFile:41 - Overriding database path with different value: C:\Users\PC\.stmcufinder\plugins\mcufinder/ => C:\Users\PC\.stmcufinder\plugins\mcufinder
2025-11-26 23:36:38,994 [WARN] DbFile:41 - Overriding database path with different value: C:\Users\PC\.stmcufinder\plugins\mcufinder/ => C:\Users\PC\.stmcufinder\plugins\mcufinder
2025-11-26 23:36:38,994 [INFO] CrossReferenceDbSqlite:203 - Set database path to: C:\Users\PC\.stmcufinder\plugins\mcufinder//mcu/cs/
2025-11-26 23:36:39,052 [INFO] MainPanel:274 - HeapMemory: 274726912
2025-11-26 23:36:39,155 [INFO] DbMcusXml:78 - Set database path to: C:\ST\STM32CubeIDE_1.19.0\STM32CubeIDE\plugins\com.st.stm32cube.common.mx_6.15.0.202507011659\\db\/mcu/
2025-11-26 23:36:39,155 [INFO] ApiDb:274 - Set plugin database path to: C:\ST\STM32CubeIDE_1.19.0\STM32CubeIDE\plugins\com.st.stm32cube.common.mx_6.15.0.202507011659\\db\/plugins/boardmanager/
2025-11-26 23:36:39,155 [INFO] ApiDb:261 - Set plugin images path to: C:\ST\STM32CubeIDE_1.19.0\STM32CubeIDE\plugins\com.st.stm32cube.common.mx_6.15.0.202507011659\\db\/plugins/mcufinder/images/
2025-11-26 23:36:39,155 [WARN] DbFile:41 - Overriding database path with different value: C:\Users\PC\.stmcufinder\plugins\mcufinder/ => C:\Users\PC\.stmcufinder\plugins\mcufinder
2025-11-26 23:36:39,155 [INFO] ApiDb:250 - Set database path to: C:\Users\PC\.stmcufinder\plugins\mcufinder//mcu/
2025-11-26 23:36:39,155 [WARN] DbFile:41 - Overriding database path with different value: C:\Users\PC\.stmcufinder\plugins\mcufinder/ => C:\Users\PC\.stmcufinder\plugins\mcufinder
2025-11-26 23:36:39,155 [INFO] DbMcusAds:125 - Set database path to: C:\Users\PC\.stmcufinder\plugins\mcufinder//mcu/
2025-11-26 23:36:39,155 [WARN] DbFile:41 - Overriding database path with different value: C:\Users\PC\.stmcufinder\plugins\mcufinder/ => C:\Users\PC\.stmcufinder\plugins\mcufinder
2025-11-26 23:36:39,155 [WARN] DbFile:41 - Overriding database path with different value: C:\Users\PC\.stmcufinder\plugins\mcufinder/ => C:\Users\PC\.stmcufinder\plugins\mcufinder
2025-11-26 23:36:39,156 [INFO] CrossReferenceDbSqlite:203 - Set database path to: C:\Users\PC\.stmcufinder\plugins\mcufinder//mcu/cs/
2025-11-26 23:36:39,171 [INFO] ApplicationProperties:184 - Using Application install path: C:\ST\STM32CubeIDE_1.19.0\STM32CubeIDE\plugins\com.st.stm32cube.common.mx_6.15.0.202507011659
2025-11-26 23:36:39,172 [INFO] PluginManage:196 - Search for loadable plugins [exclusion list=, ]
2025-11-26 23:36:39,173 [INFO] PluginManage:310 - Check plugin analytics
2025-11-26 23:36:44,505 [INFO] AnalyticsPlugin:253 - Accepted Software Licenses: 
2025-11-26 23:36:44,506 [INFO] AnalyticsPlugin:255 - Accepted CMSIS Pack Licenses: 
2025-11-26 23:36:44,506 [INFO] AnalyticsPlugin:257 - Accepted Firmware Licenses: FW.F4.1.28.0
2025-11-26 23:36:44,507 [INFO] PluginManage:359 - Loaded plugin analytics (category:tool,tabindex:-1)
2025-11-26 23:36:44,507 [INFO] PluginManage:310 - Check plugin cadmodel
2025-11-26 23:36:44,513 [INFO] CADModel:105 - Init CAD model plugin
2025-11-26 23:36:44,513 [INFO] PluginManage:359 - Loaded plugin cadmodel (category:power,tabindex:5)
2025-11-26 23:36:44,513 [INFO] PluginManage:310 - Check plugin clock
2025-11-26 23:36:44,522 [INFO] PluginManage:359 - Loaded plugin clock (category:base,tabindex:2)
2025-11-26 23:36:44,522 [INFO] PluginManage:310 - Check plugin ddr
2025-11-26 23:36:44,524 [INFO] PluginManage:359 - Loaded plugin ddr (category:tool,tabindex:6)
2025-11-26 23:36:44,524 [INFO] PluginManage:310 - Check plugin filemanager
2025-11-26 23:36:44,749 [INFO] PluginManage:359 - Loaded plugin filemanager (category:base,tabindex:10)
2025-11-26 23:36:44,750 [INFO] PluginManage:310 - Check plugin ipmanager
2025-11-26 23:36:44,756 [INFO] PluginManage:359 - Loaded plugin ipmanager (category:base,tabindex:5)
2025-11-26 23:36:44,756 [INFO] PluginManage:310 - Check plugin lpbam
2025-11-26 23:36:44,764 [INFO] PluginManage:359 - Loaded plugin lpbam (category:base,tabindex:0)
2025-11-26 23:36:44,764 [INFO] PluginManage:310 - Check plugin memorymap
2025-11-26 23:36:44,777 [INFO] PluginManage:359 - Loaded plugin memorymap (category:base,tabindex:4)
2025-11-26 23:36:44,777 [INFO] PluginManage:310 - Check plugin pinoutandconfiguration
2025-11-26 23:36:44,785 [INFO] PluginManage:359 - Loaded plugin pinoutandconfiguration (category:base,tabindex:1)
2025-11-26 23:36:44,785 [INFO] PluginManage:310 - Check plugin pinoutconfig
2025-11-26 23:36:44,855 [WARN] SupportedApi:132 - Cannot load RTOS API schema: s4s-elt-must-match.1: The content of 'definitions' must match (annotation?, (simpleType | complexType)?, (unique | key | keyref)*)). A problem was found starting at: attribute.
2025-11-26 23:36:44,966 [INFO] PluginManage:359 - Loaded plugin pinoutconfig (category:base,tabindex:0)
2025-11-26 23:36:44,966 [INFO] PluginManage:310 - Check plugin power
2025-11-26 23:36:44,977 [INFO] PluginManage:359 - Loaded plugin power (category:power,tabindex:4)
2025-11-26 23:36:44,977 [INFO] PluginManage:310 - Check plugin projectmanager
2025-11-26 23:36:44,990 [INFO] PluginManage:359 - Loaded plugin projectmanager (category:projectmanager,tabindex:4)
2025-11-26 23:36:44,990 [INFO] PluginManage:310 - Check plugin rif
2025-11-26 23:36:45,000 [INFO] PluginManage:359 - Loaded plugin rif (category:base,tabindex:3)
2025-11-26 23:36:45,000 [INFO] PluginManage:310 - Check plugin thirdparty
2025-11-26 23:36:45,112 [INFO] PluginManage:359 - Loaded plugin thirdparty (category:base,tabindex:-1)
2025-11-26 23:36:45,112 [INFO] PluginManage:310 - Check plugin tools
2025-11-26 23:36:45,112 [WARN] IntegrityCheckThread:84 - waiting for thirdparty lock release [integrity check]
2025-11-26 23:36:45,112 [INFO] IntegrityCheckThread:86 - entering critical section [integrity check]
2025-11-26 23:36:45,113 [INFO] ThirdPartyUpdaterWithRetryManager:70 - Updater plugin not ready yet. [1/15]
2025-11-26 23:36:45,115 [INFO] PluginManage:359 - Loaded plugin tools (category:base,tabindex:7)
2025-11-26 23:36:45,115 [INFO] PluginManage:310 - Check plugin tutovideos
2025-11-26 23:36:45,284 [INFO] PluginManage:359 - Loaded plugin tutovideos (category:base,tabindex:-1)
2025-11-26 23:36:45,284 [INFO] PluginManage:310 - Check plugin updater
2025-11-26 23:36:45,302 [INFO] PluginManage:359 - Loaded plugin updater (category:base,tabindex:12)
2025-11-26 23:36:45,302 [INFO] PluginManage:310 - Check plugin userauth
2025-11-26 23:36:45,305 [INFO] UserAuth:118 - Init User Auth plugin
2025-11-26 23:36:45,306 [INFO] PluginManage:359 - Loaded plugin userauth (category:base,tabindex:14)
2025-11-26 23:36:45,306 [INFO] PluginManage:283 - PluginManage : Loaded plugins [18]
2025-11-26 23:36:45,479 [INFO] PinOutPanel:1589 - setPackage(No Configuration,No Configuration)
2025-11-26 23:36:45,548 [INFO] CADModel:165 - CPN selected for project level
2025-11-26 23:36:45,548 [INFO] CADModel:114 - Register for checkConnection events
2025-11-26 23:36:45,563 [INFO] IPUIPlugin:80 - create IPUIPlugin
2025-11-26 23:36:45,563 [INFO] PluginManager:220 - loadIPPluginJar : add adc
2025-11-26 23:36:45,566 [INFO] IPUIPlugin:80 - create IPUIPlugin
2025-11-26 23:36:45,566 [INFO] PluginManager:220 - loadIPPluginJar : add aes
2025-11-26 23:36:45,568 [INFO] IPUIPlugin:80 - create IPUIPlugin
2025-11-26 23:36:45,568 [INFO] PluginManager:220 - loadIPPluginJar : add can
2025-11-26 23:36:45,569 [INFO] IPUIPlugin:80 - create IPUIPlugin
2025-11-26 23:36:45,569 [INFO] PluginManager:220 - loadIPPluginJar : add comp
2025-11-26 23:36:45,571 [INFO] IPUIPlugin:80 - create IPUIPlugin
2025-11-26 23:36:45,571 [INFO] PluginManager:220 - loadIPPluginJar : add cryp
2025-11-26 23:36:45,574 [INFO] IPUIPlugin:80 - create IPUIPlugin
2025-11-26 23:36:45,574 [INFO] PluginManager:220 - loadIPPluginJar : add ddr_ctrl_phy
2025-11-26 23:36:45,577 [INFO] IPUIPlugin:80 - create IPUIPlugin
2025-11-26 23:36:45,577 [INFO] PluginManager:220 - loadIPPluginJar : add dfsdm
2025-11-26 23:36:45,581 [INFO] IPUIPlugin:80 - create IPUIPlugin
2025-11-26 23:36:45,581 [INFO] PluginManager:220 - loadIPPluginJar : add dma
2025-11-26 23:36:45,583 [INFO] IPUIPlugin:80 - create IPUIPlugin
2025-11-26 23:36:45,584 [INFO] PluginManager:220 - loadIPPluginJar : add dma3
2025-11-26 23:36:45,586 [INFO] IPUIPlugin:80 - create IPUIPlugin
2025-11-26 23:36:45,586 [INFO] PluginManager:220 - loadIPPluginJar : add extmemmanager
2025-11-26 23:36:45,587 [INFO] IPUIPlugin:80 - create IPUIPlugin
2025-11-26 23:36:45,587 [INFO] PluginManager:220 - loadIPPluginJar : add fatfs
2025-11-26 23:36:45,590 [INFO] IPUIPlugin:80 - create IPUIPlugin
2025-11-26 23:36:45,590 [INFO] PluginManager:220 - loadIPPluginJar : add fmc
2025-11-26 23:36:45,596 [INFO] IPUIPlugin:80 - create IPUIPlugin
2025-11-26 23:36:45,596 [INFO] PluginManager:220 - loadIPPluginJar : add freertos
2025-11-26 23:36:45,598 [INFO] IPUIPlugin:80 - create IPUIPlugin
2025-11-26 23:36:45,598 [INFO] PluginManager:220 - loadIPPluginJar : add genericplugin
2025-11-26 23:36:45,599 [INFO] IPUIPlugin:80 - create IPUIPlugin
2025-11-26 23:36:45,599 [INFO] PluginManager:220 - loadIPPluginJar : add gfxmmu
2025-11-26 23:36:45,603 [INFO] IPUIPlugin:80 - create IPUIPlugin
2025-11-26 23:36:45,603 [INFO] PluginManager:220 - loadIPPluginJar : add gic
2025-11-26 23:36:45,607 [INFO] IPUIPlugin:80 - create IPUIPlugin
2025-11-26 23:36:45,607 [INFO] PluginManager:220 - loadIPPluginJar : add gpio
2025-11-26 23:36:45,609 [INFO] IPUIPlugin:80 - create IPUIPlugin
2025-11-26 23:36:45,609 [INFO] PluginManager:220 - loadIPPluginJar : add gtzc
2025-11-26 23:36:45,611 [INFO] IPUIPlugin:80 - create IPUIPlugin
2025-11-26 23:36:45,611 [INFO] PluginManager:220 - loadIPPluginJar : add hash
2025-11-26 23:36:45,613 [INFO] IPUIPlugin:80 - create IPUIPlugin
2025-11-26 23:36:45,613 [INFO] PluginManager:220 - loadIPPluginJar : add i2c
2025-11-26 23:36:45,615 [INFO] IPUIPlugin:80 - create IPUIPlugin
2025-11-26 23:36:45,615 [INFO] PluginManager:220 - loadIPPluginJar : add i2s
2025-11-26 23:36:45,617 [INFO] IPUIPlugin:80 - create IPUIPlugin
2025-11-26 23:36:45,617 [INFO] PluginManager:220 - loadIPPluginJar : add i3c
2025-11-26 23:36:45,620 [INFO] IPUIPlugin:80 - create IPUIPlugin
2025-11-26 23:36:45,621 [INFO] PluginManager:220 - loadIPPluginJar : add ipddr
2025-11-26 23:36:45,627 [INFO] IPUIPlugin:80 - create IPUIPlugin
2025-11-26 23:36:45,627 [INFO] PluginManager:220 - loadIPPluginJar : add linkedlist
2025-11-26 23:36:45,629 [INFO] IPUIPlugin:80 - create IPUIPlugin
2025-11-26 23:36:45,629 [INFO] PluginManager:220 - loadIPPluginJar : add lorawan
2025-11-26 23:36:45,630 [INFO] IPUIPlugin:80 - create IPUIPlugin
2025-11-26 23:36:45,631 [INFO] PluginManager:220 - loadIPPluginJar : add ltdc
2025-11-26 23:36:45,635 [INFO] IPUIPlugin:80 - create IPUIPlugin
2025-11-26 23:36:45,635 [INFO] PluginManager:220 - loadIPPluginJar : add mdma
2025-11-26 23:36:45,638 [INFO] IPUIPlugin:80 - create IPUIPlugin
2025-11-26 23:36:45,638 [INFO] PluginManager:220 - loadIPPluginJar : add nvic
2025-11-26 23:36:45,641 [INFO] IPUIPlugin:80 - create IPUIPlugin
2025-11-26 23:36:45,641 [INFO] PluginManager:220 - loadIPPluginJar : add opamp
2025-11-26 23:36:45,643 [INFO] IPUIPlugin:80 - create IPUIPlugin
2025-11-26 23:36:45,643 [INFO] PluginManager:220 - loadIPPluginJar : add openamp
2025-11-26 23:36:45,646 [INFO] IPUIPlugin:80 - create IPUIPlugin
2025-11-26 23:36:45,646 [INFO] PluginManager:220 - loadIPPluginJar : add pdm2pcm
2025-11-26 23:36:45,650 [INFO] IPUIPlugin:80 - create IPUIPlugin
2025-11-26 23:36:45,652 [INFO] PluginManager:220 - loadIPPluginJar : add plateformsettings
2025-11-26 23:36:45,654 [INFO] IPUIPlugin:80 - create IPUIPlugin
2025-11-26 23:36:45,654 [INFO] PluginManager:220 - loadIPPluginJar : add quadspi
2025-11-26 23:36:45,655 [INFO] IPUIPlugin:80 - create IPUIPlugin
2025-11-26 23:36:45,656 [INFO] PluginManager:220 - loadIPPluginJar : add radio
2025-11-26 23:36:45,659 [INFO] IPUIPlugin:80 - create IPUIPlugin
2025-11-26 23:36:45,659 [INFO] PluginManager:220 - loadIPPluginJar : add resmgrutility
2025-11-26 23:36:45,661 [INFO] IPUIPlugin:80 - create IPUIPlugin
2025-11-26 23:36:45,661 [INFO] PluginManager:220 - loadIPPluginJar : add sai
2025-11-26 23:36:45,663 [INFO] IPUIPlugin:80 - create IPUIPlugin
2025-11-26 23:36:45,663 [INFO] PluginManager:220 - loadIPPluginJar : add spi
2025-11-26 23:36:45,668 [INFO] IPUIPlugin:80 - create IPUIPlugin
2025-11-26 23:36:45,668 [INFO] PluginManager:220 - loadIPPluginJar : add stm32_wpan
2025-11-26 23:36:45,670 [INFO] IPUIPlugin:80 - create IPUIPlugin
2025-11-26 23:36:45,670 [INFO] PluginManager:220 - loadIPPluginJar : add tim
2025-11-26 23:36:45,672 [INFO] IPUIPlugin:80 - create IPUIPlugin
2025-11-26 23:36:45,672 [INFO] PluginManager:220 - loadIPPluginJar : add touchsensing
2025-11-26 23:36:45,674 [INFO] IPUIPlugin:80 - create IPUIPlugin
2025-11-26 23:36:45,674 [INFO] PluginManager:220 - loadIPPluginJar : add tracer_emb
2025-11-26 23:36:45,676 [INFO] IPUIPlugin:80 - create IPUIPlugin
2025-11-26 23:36:45,676 [INFO] PluginManager:220 - loadIPPluginJar : add ts
2025-11-26 23:36:45,678 [INFO] IPUIPlugin:80 - create IPUIPlugin
2025-11-26 23:36:45,678 [INFO] PluginManager:220 - loadIPPluginJar : add tsc
2025-11-26 23:36:45,680 [INFO] IPUIPlugin:80 - create IPUIPlugin
2025-11-26 23:36:45,680 [INFO] PluginManager:220 - loadIPPluginJar : add ucpd
2025-11-26 23:36:45,682 [INFO] IPUIPlugin:80 - create IPUIPlugin
2025-11-26 23:36:45,682 [INFO] PluginManager:220 - loadIPPluginJar : add usart
2025-11-26 23:36:45,685 [INFO] IPUIPlugin:80 - create IPUIPlugin
2025-11-26 23:36:45,685 [INFO] PluginManager:220 - loadIPPluginJar : add usbx
2025-11-26 23:36:45,806 [FATAL] Updater:351 - Updater called before beeing initialized
2025-11-26 23:36:45,837 [INFO] RulesReader:64 - Compatibility file has been processed (317 Rules)
2025-11-26 23:36:45,846 [INFO] RulesReader:64 - Compatibility file has been processed (317 Rules)
2025-11-26 23:36:45,853 [INFO] CADModel:165 - CPN selected for project level
2025-11-26 23:36:45,853 [INFO] CADModel:114 - Register for checkConnection events
2025-11-26 23:36:45,853 [FATAL] Updater:351 - Updater called before beeing initialized
2025-11-26 23:36:45,853 [ERROR] CADModel:125 - Updater not yet initialized, retry later 
2025-11-26 23:36:45,976 [FATAL] Updater:351 - Updater called before beeing initialized
2025-11-26 23:36:45,978 [INFO] CADModel:165 - CPN selected for project level
2025-11-26 23:36:45,978 [INFO] CADModel:114 - Register for checkConnection events
2025-11-26 23:36:45,978 [FATAL] Updater:351 - Updater called before beeing initialized
2025-11-26 23:36:45,978 [ERROR] CADModel:125 - Updater not yet initialized, retry later 
2025-11-26 23:36:45,981 [FATAL] Updater:351 - Updater called before beeing initialized
2025-11-26 23:36:46,096 [FATAL] Updater:351 - Updater called before beeing initialized
2025-11-26 23:36:46,100 [INFO] DbMcusAds:53 - JSON generation date=Thu Oct 02 10:36:05 GMT+01:00 2025 (1759397765645)
2025-11-26 23:36:46,100 [FATAL] Updater:351 - Updater called before beeing initialized
2025-11-26 23:36:46,132 [WARN] DetailPanel:346 - Failed to get advertising image, set to default
2025-11-26 23:36:46,199 [FATAL] Updater:351 - Updater called before beeing initialized
2025-11-26 23:36:46,200 [FATAL] Updater:351 - Updater called before beeing initialized
2025-11-26 23:36:46,200 [FATAL] Updater:351 - Updater called before beeing initialized
2025-11-26 23:36:46,200 [WARN] DetailPanel:346 - Failed to get advertising image, set to default
2025-11-26 23:36:46,201 [FATAL] Updater:351 - Updater called before beeing initialized
2025-11-26 23:36:46,237 [ERROR] Updater:1198 - MainUpdater not yet initialized. External WinMGr cannot be set.
2025-11-26 23:36:46,239 [INFO] Updater:1134 - Updater Version found : 6.15.0
2025-11-26 23:36:46,253 [INFO] ApplicationProperties:184 - Using Application install path: C:\ST\STM32CubeIDE_1.19.0\STM32CubeIDE\plugins\com.st.stm32cube.common.mx_6.15.0.202507011659
2025-11-26 23:36:46,473 [INFO] MainUpdater:2872 - connection check result : 10
2025-11-26 23:36:46,473 [INFO] MainUpdater:289 - Updater Check For Update Now.
2025-11-26 23:36:46,473 [INFO] MicroXplorer:498 - Change Database Version : DB.6.0.150
2025-11-26 23:36:46,478 [INFO] McuFinderGlobals:63 - Set McuFinder mode to 2 (CubeIDE integrated)
2025-11-26 23:36:46,478 [INFO] UserAuth:487 - Internet connection configuration mode: 1
2025-11-26 23:36:46,498 [INFO] JxBrowserEngine:152 - Initiate JxBrowser Engine with user profile folder
2025-11-26 23:36:46,642 [INFO] CheckServerUpdateThread:120 - End of CheckServer Thread
2025-11-26 23:36:47,598 [INFO] WebApp:169 - Instantiating new browser for Auth
2025-11-26 23:36:48,147 [INFO] WebApp:463 - Apply proxy settings
2025-11-26 23:36:48,147 [INFO] WebApp:548 - Chromium requires no authentication
2025-11-26 23:36:48,155 [INFO] WebApp:491 - Direct internet connection detected
2025-11-26 23:36:48,178 [INFO] WebApp:900 - Register for checkConnection events
2025-11-26 23:36:48,179 [INFO] WebApp:463 - Apply proxy settings
2025-11-26 23:36:48,179 [INFO] WebApp:548 - Chromium requires no authentication
2025-11-26 23:36:48,179 [INFO] WebApp:491 - Direct internet connection detected
2025-11-26 23:36:48,336 [WARN] PackLoader:240 - Cannot read IP mode file for STMicroelectronics.FP-SNS-MOTENVWB1.1.4.0
2025-11-26 23:36:48,342 [WARN] PackLoader:240 - Cannot read IP mode file for STMicroelectronics.FP-ATR-ASTRA1.2.0.2
2025-11-26 23:36:48,352 [WARN] PackLoader:240 - Cannot read IP mode file for STMicroelectronics.X-CUBE-SMBUS.2.1.0
2025-11-26 23:36:48,357 [WARN] PackLoader:240 - Cannot read IP mode file for STMicroelectronics.X-CUBE-ST60.1.0.0
2025-11-26 23:36:48,358 [INFO] WebApp:225 - Starting web application
2025-11-26 23:36:48,358 [INFO] WebApp:593 - Web application path used C:\ST\STM32CubeIDE_1.19.0\STM32CubeIDE\plugins\com.st.stm32cube.common.mx_6.15.0.202507011659\db\plugins\mcufinder\reactClient1\index.html
2025-11-26 23:36:48,384 [WARN] PackLoader:240 - Cannot read IP mode file for STMicroelectronics.X-CUBE-AZRTOS-F7.1.1.0
2025-11-26 23:36:48,391 [WARN] PackLoader:240 - Cannot read IP mode file for Cesanta.I-CUBE-Mongoose.7.19.0
2025-11-26 23:36:48,396 [WARN] PackLoader:240 - Cannot read IP mode file for STMicroelectronics.FP-SNS-MOTENV1.5.1.0
2025-11-26 23:36:48,408 [WARN] PackLoader:240 - Cannot read IP mode file for WES.I-CUBE-Cesium.1.4.0
2025-11-26 23:36:48,431 [WARN] PackLoader:240 - Cannot read IP mode file for Infineon.AIROC-Wi-Fi-Bluetooth-STM32.1.7.1
2025-11-26 23:36:48,463 [WARN] PackLoader:240 - Cannot read IP mode file for STMicroelectronics.X-CUBE-AZRTOS-H7.3.4.0
2025-11-26 23:36:48,471 [WARN] PackLoader:240 - Cannot read IP mode file for STMicroelectronics.X-CUBE-DISPLAY.3.0.0
2025-11-26 23:36:48,481 [WARN] PackLoader:240 - Cannot read IP mode file for STMicroelectronics.X-CUBE-NFC10.1.0.0
2025-11-26 23:36:48,486 [WARN] PackLoader:240 - Cannot read IP mode file for STMicroelectronics.X-CUBE-ST60.1.1.0
2025-11-26 23:36:48,492 [WARN] PackLoader:240 - Cannot read IP mode file for emotas.I-CUBE-CANOPEN.1.3.0
2025-11-26 23:36:48,497 [WARN] PackLoader:240 - Cannot read IP mode file for STMicroelectronics.X-CUBE-GNSS1.7.1.0
2025-11-26 23:36:48,503 [WARN] PackLoader:240 - Cannot read IP mode file for STMicroelectronics.FP-SNS-STBOX1.2.1.0
2025-11-26 23:36:48,508 [WARN] PackLoader:240 - Cannot read IP mode file for STMicroelectronics.FP-SNS-SMARTAG2.1.2.0
2025-11-26 23:36:48,511 [WARN] PackLoader:240 - Cannot read IP mode file for STMicroelectronics.FP-SNS-FLIGHT1.5.1.0
2025-11-26 23:36:48,515 [INFO] UserAuth:487 - Internet connection configuration mode: 1
2025-11-26 23:36:48,520 [INFO] LogOutputStream:77 - [STDOUT_REDIRECT] 1 : Invalid condition id : UX_CORESTACK_Condition cause : null
2025-11-26 23:36:48,521 [INFO] LogOutputStream:77 - [STDOUT_REDIRECT] 1 : Invalid condition id : UX_CORESTACK_Condition cause : null
2025-11-26 23:36:48,522 [INFO] LogOutputStream:77 - [STDOUT_REDIRECT] 1 : Invalid condition id : UX_CORESTACK_Condition cause : null
2025-11-26 23:36:48,523 [INFO] LogOutputStream:77 - [STDOUT_REDIRECT] 1 : Invalid condition id : UX_CORESTACK_Condition cause : null
2025-11-26 23:36:48,524 [INFO] LogOutputStream:77 - [STDOUT_REDIRECT] 1 : Invalid condition id : UX_CORESTACK_Condition cause : null
2025-11-26 23:36:48,526 [WARN] PackLoader:240 - Cannot read IP mode file for STMicroelectronics.X-CUBE-AZRTOS-WL.2.0.0
2025-11-26 23:36:48,530 [WARN] PackLoader:240 - Cannot read IP mode file for STMicroelectronics.FP-SNS-MOTENV1.5.0.0
2025-11-26 23:36:48,546 [WARN] PackLoader:240 - Cannot read IP mode file for STMicroelectronics.X-CUBE-AZRTOS-H7RS.1.2.0
2025-11-26 23:36:48,552 [WARN] PackLoader:240 - Cannot read IP mode file for STMicroelectronics.X-CUBE-BLE2.3.3.0
2025-11-26 23:36:48,568 [WARN] PackLoader:240 - Cannot read IP mode file for STMicroelectronics.X-CUBE-NFC9.1.0.0
2025-11-26 23:36:48,573 [WARN] PackLoader:240 - Cannot read IP mode file for wolfSSL.I-CUBE-wolfSSL.5.8.2
2025-11-26 23:36:48,576 [WARN] PackLoader:240 - Cannot read IP mode file for STMicroelectronics.X-CUBE-BLE1.7.1.0
2025-11-26 23:36:48,579 [WARN] PackLoader:240 - Cannot read IP mode file for wolfSSL.I-CUBE-wolfMQTT.1.19.2
2025-11-26 23:36:48,583 [WARN] PackLoader:240 - Cannot read IP mode file for STMicroelectronics.X-CUBE-FREERTOS.1.4.0
2025-11-26 23:36:48,587 [WARN] PackLoader:240 - Cannot read IP mode file for STMicroelectronics.X-CUBE-EEPRMA1.5.2.0
2025-11-26 23:36:48,592 [WARN] PackLoader:240 - Cannot read IP mode file for STMicroelectronics.X-CUBE-ST67W61.1.1.0
2025-11-26 23:36:48,733 [WARN] PackLoader:240 - Cannot read IP mode file for STMicroelectronics.X-CUBE-MEMS1.12.0.0
2025-11-26 23:36:48,861 [WARN] PackLoader:240 - Cannot read IP mode file for STMicroelectronics.X-CUBE-AZRTOS-G0.1.1.0
2025-11-26 23:36:48,868 [WARN] PackLoader:240 - Cannot read IP mode file for STMicroelectronics.X-CUBE-SAFEA1.1.2.2
2025-11-26 23:36:48,873 [WARN] PackLoader:240 - Cannot read IP mode file for STMicroelectronics.X-CUBE-NFC4.3.0.0
2025-11-26 23:36:48,881 [WARN] PackLoader:240 - Cannot read IP mode file for EmbeddedOffice.I-CUBE-FS-RTOS.1.0.1
2025-11-26 23:36:48,888 [WARN] PackLoader:240 - Cannot read IP mode file for STMicroelectronics.X-CUBE-WB05N.2.0.0
2025-11-26 23:36:48,893 [WARN] PackLoader:240 - Cannot read IP mode file for wolfSSL.I-CUBE-wolfTPM.3.8.0
2025-11-26 23:36:48,899 [WARN] PackLoader:240 - Cannot read IP mode file for STMicroelectronics.X-CUBE-TCPP.4.2.0
2025-11-26 23:36:48,905 [WARN] PackLoader:240 - Cannot read IP mode file for RealThread.X-CUBE-RT-Thread_Nano.4.1.1
2025-11-26 23:36:48,909 [WARN] PackLoader:240 - Cannot read IP mode file for STMicroelectronics.FP-ATR-SIGFOX1.3.2.0
2025-11-26 23:36:48,914 [WARN] PackLoader:240 - Cannot read IP mode file for ITTIA_DB.I-CUBE-ITTIADB.8.9.0
2025-11-26 23:36:48,919 [WARN] PackLoader:240 - Cannot read IP mode file for STMicroelectronics.X-CUBE-ST67W61.1.0.0
2025-11-26 23:36:48,929 [WARN] PackLoader:240 - Cannot read IP mode file for STMicroelectronics.X-CUBE-AI.10.2.0
2025-11-26 23:36:48,949 [WARN] PackLoader:240 - Cannot read IP mode file for SEGGER.I-CUBE-embOS.1.3.1
2025-11-26 23:36:48,979 [WARN] PackLoader:240 - Cannot read IP mode file for STMicroelectronics.X-CUBE-ALGOBUILD.1.4.0
2025-11-26 23:36:49,009 [WARN] PackLoader:240 - Cannot read IP mode file for STMicroelectronics.X-CUBE-MEMS1.11.3.0
2025-11-26 23:36:49,101 [WARN] PackLoader:240 - Cannot read IP mode file for STMicroelectronics.X-CUBE-PM33A1.1.0.0
2025-11-26 23:36:49,111 [WARN] PackLoader:240 - Cannot read IP mode file for STMicroelectronics.X-CUBE-AZRTOS-F4.1.1.0
2025-11-26 23:36:49,115 [WARN] PackLoader:240 - Cannot read IP mode file for Avnet-IotConnect.X-CUBE-IoTC-DA16k-PMOD.1.0.0
2025-11-26 23:36:49,118 [WARN] PackLoader:240 - Cannot read IP mode file for STMicroelectronics.X-CUBE-ISPU.2.1.0
2025-11-26 23:36:49,129 [WARN] PackLoader:240 - Cannot read IP mode file for STMicroelectronics.X-CUBE-IPS.3.2.0
2025-11-26 23:36:49,138 [WARN] PackLoader:240 - Cannot read IP mode file for STMicroelectronics.X-CUBE-NFC12.1.0.0
2025-11-26 23:36:49,150 [WARN] PackLoader:240 - Cannot read IP mode file for STMicroelectronics.X-CUBE-AZRTOS-L5.2.0.0
2025-11-26 23:36:49,156 [WARN] PackLoader:240 - Cannot read IP mode file for STMicroelectronics.X-CUBE-NFC6.3.1.0
2025-11-26 23:36:49,160 [WARN] PackLoader:240 - Cannot read IP mode file for STMicroelectronics.X-CUBE-FREERTOS.1.3.1
2025-11-26 23:36:49,165 [WARN] PackLoader:240 - Cannot read IP mode file for STMicroelectronics.X-CUBE-TOUCHGFX.4.26.0
2025-11-26 23:36:49,168 [WARN] PackLoader:240 - Cannot read IP mode file for STMicroelectronics.FP-SNS-STAIOTCFT.1.0.0
2025-11-26 23:36:49,173 [WARN] PackLoader:240 - Cannot read IP mode file for STMicroelectronics.X-CUBE-DPower.1.3.0
2025-11-26 23:36:49,185 [WARN] ConditionMgr:438 - getConditionDescription Invalid condition id : LAN8742 Phy interface Condition cause : null
2025-11-26 23:36:49,185 [WARN] PackLoader:240 - Cannot read IP mode file for STMicroelectronics.X-CUBE-AZRTOS-L4.2.0.0
2025-11-26 23:36:49,186 [WARN] ConditionMgr:1044 - genDependencies : Invalid condition id : LAN8742 Phy interface Condition cause : null
2025-11-26 23:36:49,186 [WARN] ConditionMgr:1044 - genDependencies : Invalid condition id : LAN8742 Phy interface Condition cause : null
2025-11-26 23:36:49,186 [WARN] ConditionMgr:1044 - genDependencies : Invalid condition id : LAN8742 Phy interface Condition cause : null
2025-11-26 23:36:49,192 [WARN] PackLoader:240 - Cannot read IP mode file for STMicroelectronics.X-CUBE-SFXS2LP1.4.0.0
2025-11-26 23:36:49,200 [WARN] PackLoader:240 - Cannot read IP mode file for STMicroelectronics.X-CUBE-BLEMGR.4.1.0
2025-11-26 23:36:49,211 [WARN] ConditionMgr:438 - getConditionDescription Invalid condition id : UX DEVICE CLASS RTOS Condition cause : null
2025-11-26 23:36:49,211 [WARN] ConditionMgr:438 - getConditionDescription Invalid condition id : UX DEVICE CLASS RTOS Condition cause : null
2025-11-26 23:36:49,212 [WARN] PackLoader:240 - Cannot read IP mode file for STMicroelectronics.X-CUBE-AZRTOS-WB.2.0.0
2025-11-26 23:36:49,212 [WARN] ConditionMgr:1044 - genDependencies : Invalid condition id : UX DEVICE CLASS RTOS Condition cause : null
2025-11-26 23:36:49,212 [WARN] ConditionMgr:1044 - genDependencies : Invalid condition id : UX DEVICE CLASS RTOS Condition cause : null
2025-11-26 23:36:49,213 [WARN] ConditionMgr:1044 - genDependencies : Invalid condition id : UX DEVICE CLASS RTOS Condition cause : null
2025-11-26 23:36:49,213 [WARN] ConditionMgr:1044 - genDependencies : Invalid condition id : UX DEVICE CLASS RTOS Condition cause : null
2025-11-26 23:36:49,213 [WARN] ConditionMgr:1044 - genDependencies : Invalid condition id : UX DEVICE CLASS RTOS Condition cause : null
2025-11-26 23:36:49,217 [WARN] PackLoader:240 - Cannot read IP mode file for STMicroelectronics.X-CUBE-GNSS1.7.0.1
2025-11-26 23:36:49,219 [WARN] PackLoader:240 - Cannot read IP mode file for STMicroelectronics.X-CUBE-TOUCHGFX.4.25.0
2025-11-26 23:36:49,223 [WARN] ConditionMgr:438 - getConditionDescription Invalid condition id : Cortex-A Device cause : null
2025-11-26 23:36:49,229 [WARN] ConditionMgr:1044 - genDependencies : Invalid condition id : Cortex-A Device cause : null
2025-11-26 23:36:49,229 [WARN] ConditionMgr:1044 - genDependencies : Invalid condition id : Cortex-A Device cause : null
2025-11-26 23:36:49,229 [WARN] ConditionMgr:1044 - genDependencies : Invalid condition id : Cortex-A Device cause : null
2025-11-26 23:36:49,237 [WARN] PackLoader:240 - Cannot read IP mode file for STMicroelectronics.X-CUBE-SUBG2.5.0.0
2025-11-26 23:36:49,250 [WARN] PackLoader:240 - Cannot read IP mode file for STMicroelectronics.X-CUBE-AZRTOS-H7RS.1.1.0
2025-11-26 23:36:49,261 [WARN] PackLoader:240 - Cannot read IP mode file for STMicroelectronics.X-CUBE-AZRTOS-G4.2.0.0
2025-11-26 23:36:49,265 [WARN] PackLoader:240 - Cannot read IP mode file for wolfSSL.I-CUBE-wolfSSH.1.4.20
2025-11-26 23:36:49,268 [WARN] PackLoader:240 - Cannot read IP mode file for STMicroelectronics.X-CUBE-NFC7.2.0.0
2025-11-26 23:36:49,275 [WARN] PackLoader:240 - Cannot read IP mode file for STMicroelectronics.X-CUBE-IPS.3.1.0
2025-11-26 23:36:49,282 [WARN] PackLoader:240 - Cannot read IP mode file for STMicroelectronics.X-CUBE-ALS.1.0.2
2025-11-26 23:36:49,287 [WARN] PackLoader:240 - Cannot read IP mode file for STMicroelectronics.X-CUBE-STSE01.1.0.0
2025-11-26 23:36:49,304 [WARN] PackLoader:240 - Cannot read IP mode file for STMicroelectronics.X-CUBE-TOF1.3.4.3
2025-11-26 23:36:49,315 [INFO] ThirdParty:978 - Integrity check success = true
2025-11-26 23:36:49,315 [INFO] IntegrityCheckThread:100 - exiting critical section [integrity check]
2025-11-26 23:36:49,315 [INFO] IntegrityCheckThread:103 - End integrity checks thread
2025-11-26 23:36:49,442 [INFO] WebApp:191 - Connection restablished
2025-11-26 23:53:12,107 [ERROR] LogOutputStream:75 - [STDERR_REDIRECT] 
